timestamp,day,hour,minute,temperature,humidity,nh3,co2,activity,ear_tag_temp,feeding_amount,anomaly_label
Day01-00:00,1,0,0,19.2,72.3,4.4,131.0,23.1,38.6,0,正常
Day01-00:01,1,0,1,20.0,69.8,8.1,209.0,9.3,38.8,0,正常
Day01-00:02,1,0,2,19.4,71.5,3.9,156.0,12.3,38.7,0,正常
Day01-00:03,1,0,3,19.1,71.5,6.8,318.0,12.7,38.6,0,正常
Day01-00:04,1,0,4,19.7,71.4,5.7,189.0,19.8,38.0,0,正常
Day01-00:05,1,0,5,19.3,71.3,5.8,183.0,15.1,38.7,0,正常
Day01-00:06,1,0,6,19.5,71.2,6.8,208.0,10.2,38.4,0,正常
Day01-00:07,1,0,7,19.6,72.1,6.5,139.0,18.6,38.8,0,正常
Day01-00:08,1,0,8,19.5,72.4,5.1,294.0,10.5,38.5,0,正常
Day01-00:09,1,0,9,19.5,71.4,4.8,229.0,18.9,38.8,0,正常
Day01-00:10,1,0,10,18.7,74.1,4.8,185.0,20.1,38.5,0,正常
Day01-00:11,1,0,11,19.9,72.8,3.8,261.0,13.5,38.6,0,正常
Day01-00:12,1,0,12,19.1,71.8,5.1,175.0,17.1,38.6,0,正常
Day01-00:13,1,0,13,19.7,71.6,5.2,181.0,12.9,38.7,0,正常
Day01-00:14,1,0,14,19.6,71.6,7.1,262.0,13.1,38.6,0,正常
Day01-00:15,1,0,15,19.5,71.2,6.3,237.0,21.6,38.2,0,正常
Day01-00:16,1,0,16,19.0,71.5,5.4,225.0,13.8,38.0,0,正常
Day01-00:17,1,0,17,19.7,72.8,4.4,253.0,11.7,38.1,0,正常
Day01-00:18,1,0,18,18.9,72.3,5.6,137.0,24.6,38.3,0,正常
Day01-00:19,1,0,19,19.3,71.2,4.9,214.0,22.2,38.3,0,正常
Day01-00:20,1,0,20,19.5,72.0,5.3,131.0,19.4,38.6,0,正常
Day01-00:21,1,0,21,19.3,73.6,3.2,261.0,9.2,38.2,0,正常
Day01-00:22,1,0,22,19.3,71.0,5.1,227.0,19.1,38.3,0,正常
Day01-00:23,1,0,23,19.4,72.8,4.8,100.0,8.6,38.6,0,正常
Day01-00:24,1,0,24,19.6,74.7,5.3,190.0,15.4,38.5,0,正常
Day01-00:25,1,0,25,18.9,72.0,5.3,181.0,16.4,38.6,0,正常
Day01-00:26,1,0,26,19.1,70.7,4.4,225.0,24.6,38.4,0,正常
Day01-00:27,1,0,27,19.8,71.6,6.5,220.0,21.2,38.5,0,正常
Day01-00:28,1,0,28,19.4,71.2,6.9,211.0,10.8,37.9,0,正常
Day01-00:29,1,0,29,19.1,70.9,5.5,193.0,13.4,38.8,0,正常
Day01-00:30,1,0,30,19.6,74.2,4.8,225.0,10.9,38.6,0,正常
Day01-00:31,1,0,31,19.3,71.2,5.7,193.0,14.6,38.8,0,正常
Day01-00:32,1,0,32,19.6,70.8,8.7,178.0,2.5,38.8,0,正常
Day01-00:33,1,0,33,19.3,72.2,8.7,221.0,12.8,38.9,0,正常
Day01-00:34,1,0,34,19.8,69.7,4.2,259.0,21.6,38.7,0,正常
Day01-00:35,1,0,35,19.6,70.3,6.8,174.0,7.8,38.4,0,正常
Day01-00:36,1,0,36,19.7,72.2,8.5,262.0,11.7,37.9,0,正常
Day01-00:37,1,0,37,19.3,73.0,4.7,178.0,17.1,38.6,0,正常
Day01-00:38,1,0,38,19.7,71.8,6.2,242.0,7.5,38.8,0,正常
Day01-00:39,1,0,39,19.4,70.8,8.7,191.0,13.3,38.6,0,正常
Day01-00:40,1,0,40,19.1,73.1,9.9,147.0,19.6,38.2,0,正常
Day01-00:41,1,0,41,19.7,71.1,5.4,290.0,13.6,38.7,0,正常
Day01-00:42,1,0,42,19.5,71.8,5.9,261.0,8.6,38.4,0,正常
Day01-00:43,1,0,43,18.3,70.8,3.5,249.0,12.8,38.7,0,正常
Day01-00:44,1,0,44,19.6,71.9,4.8,246.0,15.9,38.5,0,正常
Day01-00:45,1,0,45,19.8,70.8,1.8,253.0,14.4,38.4,0,正常
Day01-00:46,1,0,46,20.1,70.3,6.0,208.0,23.7,38.3,0,正常
Day01-00:47,1,0,47,19.5,69.5,2.9,235.0,16.7,38.1,0,正常
Day01-00:48,1,0,48,19.2,71.0,4.4,168.0,16.7,38.6,0,正常
Day01-00:49,1,0,49,19.4,73.1,5.1,224.0,21.6,38.1,0,正常
Day01-00:50,1,0,50,19.5,74.0,2.6,172.0,26.2,38.8,0,正常
Day01-00:51,1,0,51,19.7,71.9,6.0,221.0,18.3,38.5,0,正常
Day01-00:52,1,0,52,19.6,71.0,6.8,246.0,20.6,38.7,0,正常
Day01-00:53,1,0,53,19.1,70.1,4.3,243.0,8.3,38.0,0,正常
Day01-00:54,1,0,54,19.3,71.3,3.1,87.0,9.2,39.1,0,正常
Day01-00:55,1,0,55,18.9,74.1,2.0,167.0,7.9,38.4,0,正常
Day01-00:56,1,0,56,18.7,71.7,6.9,262.0,19.2,38.6,0,正常
Day01-00:57,1,0,57,19.6,70.7,5.1,230.0,3.5,38.5,0,正常
Day01-00:58,1,0,58,19.2,72.0,6.0,233.0,12.0,38.4,0,正常
Day01-00:59,1,0,59,19.5,72.1,4.2,203.0,18.2,37.9,0,正常
Day01-01:00,1,1,0,20.1,70.7,3.3,261.0,13.8,38.9,0,正常
Day01-01:01,1,1,1,19.9,68.4,5.4,239.0,23.8,38.2,0,正常
Day01-01:02,1,1,2,19.8,72.0,4.7,260.0,13.4,38.5,0,正常
Day01-01:03,1,1,3,19.6,69.2,6.4,222.0,14.5,38.6,0,正常
Day01-01:04,1,1,4,20.0,71.6,5.7,140.0,15.8,38.4,0,正常
Day01-01:05,1,1,5,19.8,72.5,6.4,222.0,15.5,38.8,0,正常
Day01-01:06,1,1,6,20.1,70.1,6.5,143.0,7.7,38.4,0,正常
Day01-01:07,1,1,7,20.6,71.8,5.4,205.0,14.8,38.3,0,正常
Day01-01:08,1,1,8,19.5,70.2,5.1,179.0,12.7,38.7,0,正常
Day01-01:09,1,1,9,20.0,71.5,3.8,178.0,13.8,39.0,0,正常
Day01-01:10,1,1,10,19.8,70.7,6.1,181.0,31.0,38.5,0,正常
Day01-01:11,1,1,11,20.0,71.2,6.0,218.0,12.3,38.5,0,正常
Day01-01:12,1,1,12,20.2,69.6,4.0,268.0,11.4,38.0,0,正常
Day01-01:13,1,1,13,19.5,71.7,4.6,250.0,17.3,38.4,0,正常
Day01-01:14,1,1,14,20.2,68.5,4.6,291.0,10.6,38.6,0,正常
Day01-01:15,1,1,15,19.8,70.9,4.4,178.0,9.2,39.1,0,正常
Day01-01:16,1,1,16,20.0,71.1,5.4,229.0,13.4,38.3,0,正常
Day01-01:17,1,1,17,20.3,71.3,7.8,142.0,18.4,38.4,0,正常
Day01-01:18,1,1,18,19.8,71.0,3.8,242.0,6.5,38.4,0,正常
Day01-01:19,1,1,19,19.9,71.8,3.7,191.0,0,38.3,0,正常
Day01-01:20,1,1,20,20.2,71.5,7.9,247.0,11.9,38.6,0,正常
Day01-01:21,1,1,21,20.2,70.1,3.0,256.0,13.5,38.7,0,正常
Day01-01:22,1,1,22,20.3,69.8,2.8,229.0,11.9,37.8,0,正常
Day01-01:23,1,1,23,20.1,70.4,6.0,142.0,14.1,38.3,0,正常
Day01-01:24,1,1,24,19.2,70.3,5.3,184.0,11.6,38.8,0,正常
Day01-01:25,1,1,25,19.9,71.2,3.6,216.0,5.1,38.9,0,正常
Day01-01:26,1,1,26,19.6,71.0,7.7,255.0,7.1,38.2,0,正常
Day01-01:27,1,1,27,19.5,70.3,5.9,195.0,15.0,38.5,0,正常
Day01-01:28,1,1,28,19.6,70.2,2.6,264.0,19.7,38.6,0,正常
Day01-01:29,1,1,29,19.9,71.8,6.1,185.0,10.9,38.3,0,正常
Day01-01:30,1,1,30,19.8,70.2,6.7,261.0,21.5,38.7,0,正常
Day01-01:31,1,1,31,19.4,72.1,3.3,266.0,7.9,38.3,0,正常
Day01-01:32,1,1,32,20.1,71.2,5.0,196.0,12.2,38.5,0,正常
Day01-01:33,1,1,33,20.2,70.8,5.5,281.0,5.1,38.8,0,正常
Day01-01:34,1,1,34,19.1,71.0,4.3,228.0,14.6,38.0,0,正常
Day01-01:35,1,1,35,19.8,71.6,6.2,214.0,13.5,38.5,0,正常
Day01-01:36,1,1,36,19.9,70.2,3.6,101.0,12.7,38.2,0,正常
Day01-01:37,1,1,37,20.2,71.1,3.2,181.0,17.7,38.2,0,正常
Day01-01:38,1,1,38,20.0,69.6,5.1,280.0,14.6,38.5,0,正常
Day01-01:39,1,1,39,19.9,71.2,5.7,143.0,11.8,38.1,0,正常
Day01-01:40,1,1,40,20.1,71.8,4.5,217.0,21.6,37.9,0,正常
Day01-01:41,1,1,41,20.4,70.2,4.4,175.0,6.2,38.3,0,正常
Day01-01:42,1,1,42,19.8,70.3,5.1,194.0,21.7,37.8,0,正常
Day01-01:43,1,1,43,20.1,69.7,2.5,273.0,26.0,38.1,0,正常
Day01-01:44,1,1,44,20.2,71.3,5.0,140.0,17.3,38.3,0,正常
Day01-01:45,1,1,45,20.7,68.4,3.3,281.0,12.9,38.3,0,正常
Day01-01:46,1,1,46,19.9,72.0,4.0,169.0,14.3,38.5,0,正常
Day01-01:47,1,1,47,20.1,71.4,5.0,184.0,14.3,38.1,0,正常
Day01-01:48,1,1,48,20.0,70.5,4.9,211.0,17.2,39.1,0,正常
Day01-01:49,1,1,49,19.8,71.2,3.8,164.0,14.0,38.8,0,正常
Day01-01:50,1,1,50,19.8,69.8,6.3,234.0,19.2,38.6,0,正常
Day01-01:51,1,1,51,20.5,73.1,5.2,219.0,4.4,38.4,0,正常
Day01-01:52,1,1,52,19.5,69.9,9.7,119.0,1.9,38.8,0,正常
Day01-01:53,1,1,53,20.0,70.5,3.6,286.0,16.0,38.3,0,正常
Day01-01:54,1,1,54,19.7,69.9,2.7,129.0,21.7,38.0,0,正常
Day01-01:55,1,1,55,19.7,69.9,5.5,200.0,9.3,38.4,0,正常
Day01-01:56,1,1,56,19.4,72.3,4.9,193.0,9.4,38.7,0,正常
Day01-01:57,1,1,57,19.9,69.2,4.6,213.0,24.9,38.8,0,正常
Day01-01:58,1,1,58,20.9,69.3,6.2,193.0,8.2,38.8,0,正常
Day01-01:59,1,1,59,19.8,72.1,5.7,206.0,13.8,38.2,0,正常
Day01-02:00,1,2,0,20.8,70.3,5.3,229.0,10.8,38.5,0,正常
Day01-02:01,1,2,1,20.3,68.3,4.9,241.0,19.7,38.5,0,正常
Day01-02:02,1,2,2,20.1,69.9,5.9,297.0,20.1,38.8,0,正常
Day01-02:03,1,2,3,20.0,69.3,5.4,238.0,17.0,38.3,0,正常
Day01-02:04,1,2,4,20.4,67.8,6.9,290.0,12.7,38.4,0,正常
Day01-02:05,1,2,5,20.5,69.4,3.7,141.0,14.2,38.6,0,正常
Day01-02:06,1,2,6,20.7,70.9,6.5,257.0,17.6,38.7,0,正常
Day01-02:07,1,2,7,20.5,68.5,4.7,176.0,12.5,38.2,0,正常
Day01-02:08,1,2,8,20.5,69.0,6.6,252.0,15.5,38.8,0,正常
Day01-02:09,1,2,9,20.5,69.3,6.8,233.0,16.7,38.8,0,正常
Day01-02:10,1,2,10,20.1,68.2,7.0,272.0,14.0,38.7,0,正常
Day01-02:11,1,2,11,19.8,70.7,5.2,182.0,18.0,39.2,0,正常
Day01-02:12,1,2,12,20.2,69.6,5.7,128.0,10.8,38.6,0,正常
Day01-02:13,1,2,13,20.8,69.1,6.7,226.0,15.1,38.7,0,正常
Day01-02:14,1,2,14,20.5,66.4,6.4,226.0,16.2,38.6,0,正常
Day01-02:15,1,2,15,20.2,68.5,4.2,242.0,17.4,38.8,0,正常
Day01-02:16,1,2,16,20.5,68.1,6.6,190.0,13.3,38.7,0,正常
Day01-02:17,1,2,17,20.3,67.8,5.2,299.0,18.8,38.5,0,正常
Day01-02:18,1,2,18,20.3,68.5,4.5,267.0,13.2,38.5,0,正常
Day01-02:19,1,2,19,20.7,69.5,5.7,287.0,24.4,38.3,0,正常
Day01-02:20,1,2,20,20.7,69.2,4.5,254.0,16.5,38.3,0,正常
Day01-02:21,1,2,21,20.6,68.9,4.2,272.0,17.7,38.4,0,正常
Day01-02:22,1,2,22,20.7,69.6,3.7,174.0,17.6,38.6,0,正常
Day01-02:23,1,2,23,20.1,68.5,7.0,313.0,18.1,38.5,0,正常
Day01-02:24,1,2,24,20.6,68.8,7.5,232.0,10.1,38.5,0,正常
Day01-02:25,1,2,25,21.1,69.5,4.7,293.0,21.5,38.4,0,正常
Day01-02:26,1,2,26,20.8,70.9,5.2,240.0,26.1,38.7,0,正常
Day01-02:27,1,2,27,19.9,68.1,4.2,389.0,8.6,38.9,0,正常
Day01-02:28,1,2,28,20.7,69.7,5.8,199.0,18.9,38.4,0,正常
Day01-02:29,1,2,29,20.5,67.8,4.0,268.0,16.0,38.8,0,正常
Day01-02:30,1,2,30,20.4,67.8,4.6,236.0,8.4,38.0,0,正常
Day01-02:31,1,2,31,20.1,69.8,4.7,246.0,13.3,38.3,0,正常
Day01-02:32,1,2,32,20.7,69.6,4.2,269.0,14.3,38.4,0,正常
Day01-02:33,1,2,33,20.8,68.7,4.5,214.0,22.4,38.6,0,正常
Day01-02:34,1,2,34,20.7,68.7,5.1,283.0,14.3,38.6,0,正常
Day01-02:35,1,2,35,20.8,67.5,5.1,197.0,9.7,38.3,0,正常
Day01-02:36,1,2,36,20.9,69.7,4.0,306.0,23.6,38.6,0,正常
Day01-02:37,1,2,37,20.6,68.6,4.3,307.0,24.2,38.7,0,正常
Day01-02:38,1,2,38,20.3,70.0,3.1,265.0,17.8,38.4,0,正常
Day01-02:39,1,2,39,20.9,69.8,5.6,258.0,12.2,38.6,0,正常
Day01-02:40,1,2,40,20.3,70.9,2.3,253.0,16.8,38.2,0,正常
Day01-02:41,1,2,41,20.8,70.1,4.0,387.0,14.9,38.5,0,正常
Day01-02:42,1,2,42,20.6,69.8,4.7,364.0,15.3,38.3,0,正常
Day01-02:43,1,2,43,20.8,69.7,7.3,280.0,3.4,38.8,0,正常
Day01-02:44,1,2,44,20.6,70.0,5.0,249.0,8.5,38.8,0,正常
Day01-02:45,1,2,45,20.6,68.6,5.2,326.0,12.1,38.6,0,正常
Day01-02:46,1,2,46,20.4,68.7,5.8,286.0,13.9,38.9,0,正常
Day01-02:47,1,2,47,20.6,70.3,5.0,314.0,15.8,38.4,0,正常
Day01-02:48,1,2,48,20.4,67.4,4.4,223.0,15.3,38.9,0,正常
Day01-02:49,1,2,49,20.4,70.4,5.8,289.0,5.8,38.8,0,正常
Day01-02:50,1,2,50,20.9,70.5,5.9,245.0,15.8,38.6,0,正常
Day01-02:51,1,2,51,20.0,68.6,7.8,215.0,14.1,38.4,0,正常
Day01-02:52,1,2,52,20.4,69.4,4.2,241.0,17.9,38.3,0,正常
Day01-02:53,1,2,53,20.9,68.8,6.6,308.0,18.8,38.4,0,正常
Day01-02:54,1,2,54,20.7,68.3,10.0,179.0,14.3,39.1,0,正常
Day01-02:55,1,2,55,21.0,68.2,6.2,244.0,14.4,38.8,0,正常
Day01-02:56,1,2,56,20.5,67.5,5.9,294.0,17.3,37.9,0,正常
Day01-02:57,1,2,57,20.5,70.2,4.8,320.0,11.6,38.5,0,正常
Day01-02:58,1,2,58,20.5,67.8,6.9,281.0,13.2,38.4,0,正常
Day01-02:59,1,2,59,20.2,67.9,4.3,203.0,24.2,38.9,0,正常
Day01-03:00,1,3,0,21.4,67.7,5.8,364.0,13.1,38.6,0,正常
Day01-03:01,1,3,1,21.1,66.0,6.1,345.0,29.1,38.5,0,正常
Day01-03:02,1,3,2,21.5,65.1,3.7,354.0,9.0,38.4,0,正常
Day01-03:03,1,3,3,21.6,68.6,4.7,315.0,15.0,38.3,0,正常
Day01-03:04,1,3,4,21.1,67.9,3.3,372.0,11.1,38.3,0,正常
Day01-03:05,1,3,5,21.0,65.6,7.8,296.0,17.0,38.2,0,正常
Day01-03:06,1,3,6,20.8,67.4,6.0,301.0,9.8,38.4,0,正常
Day01-03:07,1,3,7,21.2,68.7,4.4,363.0,17.5,38.9,0,正常
Day01-03:08,1,3,8,21.0,66.7,3.5,332.0,14.4,38.2,0,正常
Day01-03:09,1,3,9,21.4,68.5,6.8,409.0,18.9,38.6,0,正常
Day01-03:10,1,3,10,21.3,66.8,6.1,329.0,17.5,38.8,0,正常
Day01-03:11,1,3,11,21.2,67.8,3.5,366.0,5.9,38.6,0,正常
Day01-03:12,1,3,12,21.1,67.6,8.1,368.0,12.0,38.7,0,正常
Day01-03:13,1,3,13,21.5,67.2,5.7,280.0,22.1,38.4,0,正常
Day01-03:14,1,3,14,21.1,67.6,5.7,236.0,15.3,38.1,0,正常
Day01-03:15,1,3,15,21.2,68.2,4.2,364.0,19.7,38.7,0,正常
Day01-03:16,1,3,16,21.3,66.5,5.8,256.0,18.0,38.3,0,正常
Day01-03:17,1,3,17,21.1,66.2,3.4,382.0,22.5,38.0,0,正常
Day01-03:18,1,3,18,21.3,66.8,4.8,319.0,12.0,38.7,0,正常
Day01-03:19,1,3,19,21.5,69.0,4.4,427.0,12.1,38.4,0,正常
Day01-03:20,1,3,20,21.5,66.9,5.5,277.0,19.8,38.9,0,正常
Day01-03:21,1,3,21,21.5,66.3,8.2,245.0,19.8,39.2,0,正常
Day01-03:22,1,3,22,21.1,66.1,5.9,230.0,10.3,38.2,0,正常
Day01-03:23,1,3,23,21.3,67.7,5.3,281.0,17.2,38.5,0,正常
Day01-03:24,1,3,24,21.3,67.2,2.3,341.0,11.6,38.6,0,正常
Day01-03:25,1,3,25,21.4,67.0,3.4,367.0,20.9,38.4,0,正常
Day01-03:26,1,3,26,21.2,67.3,6.1,309.0,14.7,39.1,0,正常
Day01-03:27,1,3,27,20.7,67.0,6.2,291.0,12.0,38.7,0,正常
Day01-03:28,1,3,28,21.2,67.8,3.7,269.0,24.0,38.6,0,正常
Day01-03:29,1,3,29,21.5,66.6,5.2,199.0,13.6,38.4,0,正常
Day01-03:30,1,3,30,21.1,66.9,3.5,383.0,11.9,38.5,0,正常
Day01-03:31,1,3,31,21.4,65.9,3.7,365.0,16.1,38.3,0,正常
Day01-03:32,1,3,32,20.8,68.2,5.4,306.0,16.6,38.2,0,正常
Day01-03:33,1,3,33,21.2,69.1,4.5,268.0,14.4,39.0,0,正常
Day01-03:34,1,3,34,21.6,69.6,5.4,324.0,16.9,38.1,0,正常
Day01-03:35,1,3,35,20.9,68.6,4.5,256.0,14.3,38.5,0,正常
Day01-03:36,1,3,36,21.3,68.1,2.2,291.0,20.1,38.6,0,正常
Day01-03:37,1,3,37,21.0,67.4,3.9,293.0,16.4,38.8,0,正常
Day01-03:38,1,3,38,21.1,65.9,4.8,247.0,19.6,38.4,0,正常
Day01-03:39,1,3,39,21.3,66.7,2.9,308.0,17.8,38.3,0,正常
Day01-03:40,1,3,40,21.6,69.4,5.2,256.0,28.3,38.2,0,正常
Day01-03:41,1,3,41,21.5,67.9,2.0,246.0,17.4,38.9,0,正常
Day01-03:42,1,3,42,21.4,67.4,4.3,282.0,8.4,38.4,0,正常
Day01-03:43,1,3,43,21.1,67.3,5.7,411.0,19.8,38.7,0,正常
Day01-03:44,1,3,44,21.2,66.8,4.8,348.0,23.9,39.0,0,正常
Day01-03:45,1,3,45,20.9,66.4,4.0,334.0,17.4,38.7,0,正常
Day01-03:46,1,3,46,21.2,68.7,5.1,344.0,18.9,39.0,0,正常
Day01-03:47,1,3,47,20.9,68.1,5.3,401.0,15.2,38.6,0,正常
Day01-03:48,1,3,48,21.4,69.5,5.6,348.0,20.2,38.8,0,正常
Day01-03:49,1,3,49,21.4,65.4,8.8,284.0,21.5,38.2,0,正常
Day01-03:50,1,3,50,21.5,66.0,5.4,344.0,16.8,38.0,0,正常
Day01-03:51,1,3,51,21.1,67.5,5.6,341.0,6.6,38.2,0,正常
Day01-03:52,1,3,52,20.6,67.2,5.8,296.0,9.7,38.6,0,正常
Day01-03:53,1,3,53,21.5,68.3,4.7,319.0,17.5,38.3,0,正常
Day01-03:54,1,3,54,21.1,67.5,3.4,309.0,17.6,38.4,0,正常
Day01-03:55,1,3,55,21.7,67.7,7.2,367.0,15.6,38.2,0,正常
Day01-03:56,1,3,56,21.4,67.2,6.8,342.0,15.6,38.6,0,正常
Day01-03:57,1,3,57,21.5,66.1,7.0,309.0,15.9,38.5,0,正常
Day01-03:58,1,3,58,21.0,68.3,3.1,286.0,15.3,38.5,0,正常
Day01-03:59,1,3,59,21.1,68.1,4.6,344.0,12.4,38.4,0,正常
Day01-04:00,1,4,0,22.4,62.7,3.4,385.0,8.2,38.2,0,正常
Day01-04:01,1,4,1,21.5,63.9,6.9,376.0,5.2,38.1,0,正常
Day01-04:02,1,4,2,21.3,65.5,4.0,393.0,5.9,39.0,0,正常
Day01-04:03,1,4,3,21.3,63.4,3.6,425.0,10.5,38.5,0,正常
Day01-04:04,1,4,4,22.1,65.9,7.1,465.0,5.1,38.6,0,正常
Day01-04:05,1,4,5,22.3,65.6,6.8,391.0,11.9,38.2,0,正常
Day01-04:06,1,4,6,22.3,65.5,5.6,375.0,16.9,38.3,0,正常
Day01-04:07,1,4,7,22.2,65.1,7.4,312.0,14.1,38.6,0,正常
Day01-04:08,1,4,8,22.2,65.6,6.9,393.0,18.2,38.7,0,正常
Day01-04:09,1,4,9,22.3,65.5,3.2,378.0,22.2,38.6,0,正常
Day01-04:10,1,4,10,21.9,64.9,6.0,421.0,17.5,38.0,0,正常
Day01-04:11,1,4,11,22.1,66.3,5.4,434.0,22.9,38.1,0,正常
Day01-04:12,1,4,12,22.5,63.5,4.1,394.0,16.6,38.3,0,正常
Day01-04:13,1,4,13,22.1,65.2,5.8,385.0,14.5,38.0,0,正常
Day01-04:14,1,4,14,22.0,66.4,4.7,378.0,21.7,38.2,0,正常
Day01-04:15,1,4,15,22.2,65.2,5.4,488.0,7.0,38.5,0,正常
Day01-04:16,1,4,16,22.0,64.7,6.4,413.0,15.3,38.5,0,正常
Day01-04:17,1,4,17,21.9,64.3,2.9,417.0,11.6,39.1,0,正常
Day01-04:18,1,4,18,21.3,65.3,6.0,318.0,18.2,38.3,0,正常
Day01-04:19,1,4,19,22.1,64.4,6.5,381.0,11.0,38.6,0,正常
Day01-04:20,1,4,20,22.0,65.8,7.0,424.0,7.9,38.6,0,正常
Day01-04:21,1,4,21,21.8,64.6,6.0,427.0,10.0,39.0,0,正常
Day01-04:22,1,4,22,21.7,64.8,4.1,333.0,11.5,38.9,0,正常
Day01-04:23,1,4,23,22.0,64.3,4.3,385.0,10.4,38.3,0,正常
Day01-04:24,1,4,24,22.2,65.9,4.6,334.0,16.6,38.5,0,正常
Day01-04:25,1,4,25,22.4,64.1,5.0,377.0,15.5,38.6,0,正常
Day01-04:26,1,4,26,22.0,64.7,6.8,365.0,14.0,38.4,0,正常
Day01-04:27,1,4,27,22.1,65.3,4.6,391.0,14.4,38.1,0,正常
Day01-04:28,1,4,28,21.9,65.5,2.4,437.0,14.3,38.3,0,正常
Day01-04:29,1,4,29,22.2,64.7,3.5,448.0,21.4,38.6,0,正常
Day01-04:30,1,4,30,21.5,65.5,6.9,422.0,15.7,38.4,0,正常
Day01-04:31,1,4,31,21.6,64.4,4.5,450.0,12.4,38.8,0,正常
Day01-04:32,1,4,32,22.2,64.1,4.7,426.0,13.3,38.5,0,正常
Day01-04:33,1,4,33,21.7,66.0,6.1,439.0,13.5,38.1,0,正常
Day01-04:34,1,4,34,22.0,63.2,5.3,435.0,18.0,39.0,0,正常
Day01-04:35,1,4,35,22.0,64.0,4.3,498.0,20.9,38.3,0,正常
Day01-04:36,1,4,36,21.7,62.9,7.0,462.0,18.3,38.6,0,正常
Day01-04:37,1,4,37,22.0,62.8,5.6,401.0,14.3,38.5,0,正常
Day01-04:38,1,4,38,22.0,65.5,5.4,347.0,16.1,38.5,0,正常
Day01-04:39,1,4,39,21.8,65.4,5.3,381.0,24.8,38.3,0,正常
Day01-04:40,1,4,40,21.7,64.3,4.7,422.0,1.6,38.3,0,正常
Day01-04:41,1,4,41,22.6,66.0,6.5,305.0,28.8,38.5,0,正常
Day01-04:42,1,4,42,22.1,66.6,7.9,421.0,19.4,38.8,0,正常
Day01-04:43,1,4,43,22.1,64.6,6.9,313.0,12.0,38.5,0,正常
Day01-04:44,1,4,44,21.8,63.9,4.2,436.0,17.7,38.3,0,正常
Day01-04:45,1,4,45,22.0,65.0,7.0,444.0,18.9,38.2,0,正常
Day01-04:46,1,4,46,22.3,64.9,5.7,389.0,21.0,38.2,0,正常
Day01-04:47,1,4,47,22.5,66.4,7.1,495.0,19.3,38.5,0,正常
Day01-04:48,1,4,48,21.8,66.4,7.8,355.0,16.3,38.6,0,正常
Day01-04:49,1,4,49,21.6,66.1,3.4,322.0,14.8,38.4,0,正常
Day01-04:50,1,4,50,21.9,63.3,5.2,395.0,18.2,38.5,0,正常
Day01-04:51,1,4,51,21.4,65.2,6.4,393.0,14.4,38.5,0,正常
Day01-04:52,1,4,52,22.1,64.3,4.7,399.0,14.3,38.6,0,正常
Day01-04:53,1,4,53,22.1,65.1,5.3,510.0,13.3,38.7,0,正常
Day01-04:54,1,4,54,21.9,65.6,6.2,428.0,14.0,38.2,0,正常
Day01-04:55,1,4,55,21.8,63.9,4.3,387.0,11.6,38.5,0,正常
Day01-04:56,1,4,56,21.9,64.8,5.7,391.0,20.2,38.2,0,正常
Day01-04:57,1,4,57,22.0,64.4,3.6,295.0,16.7,38.5,0,正常
Day01-04:58,1,4,58,22.3,63.6,3.5,425.0,18.3,38.5,0,正常
Day01-04:59,1,4,59,21.4,63.9,3.9,393.0,16.8,38.6,0,正常
Day01-05:00,1,5,0,22.9,61.4,5.5,581.0,21.0,38.6,0,正常
Day01-05:01,1,5,1,23.4,63.2,3.5,505.0,12.5,38.3,0,正常
Day01-05:02,1,5,2,22.7,62.0,6.1,492.0,15.6,38.6,0,正常
Day01-05:03,1,5,3,22.4,62.0,1.6,569.0,10.0,38.5,0,正常
Day01-05:04,1,5,4,22.6,63.6,3.4,463.0,18.4,38.4,0,正常
Day01-05:05,1,5,5,22.8,62.7,7.3,536.0,15.1,38.3,0,正常
Day01-05:06,1,5,6,22.5,61.7,7.4,532.0,23.0,38.7,0,正常
Day01-05:07,1,5,7,22.9,61.9,5.8,502.0,24.7,38.5,0,正常
Day01-05:08,1,5,8,22.9,63.9,3.4,491.0,12.1,38.9,0,正常
Day01-05:09,1,5,9,22.7,61.4,8.3,449.0,17.1,38.7,0,正常
Day01-05:10,1,5,10,22.5,62.6,5.4,490.0,18.8,38.2,0,正常
Day01-05:11,1,5,11,23.5,62.4,8.0,552.0,13.0,38.3,0,正常
Day01-05:12,1,5,12,22.7,63.8,5.0,498.0,16.2,38.2,0,正常
Day01-05:13,1,5,13,22.8,63.7,6.0,497.0,15.7,38.6,0,正常
Day01-05:14,1,5,14,22.6,63.9,6.7,414.0,13.6,39.1,0,正常
Day01-05:15,1,5,15,23.2,62.4,7.3,462.0,18.7,38.6,0,正常
Day01-05:16,1,5,16,22.6,62.7,3.9,442.0,19.7,38.7,0,正常
Day01-05:17,1,5,17,22.7,62.8,7.3,521.0,18.0,38.5,0,正常
Day01-05:18,1,5,18,22.7,63.0,6.6,491.0,9.6,38.7,0,正常
Day01-05:19,1,5,19,22.9,62.6,7.2,514.0,15.8,38.7,0,正常
Day01-05:20,1,5,20,23.4,62.5,8.4,503.0,19.5,39.0,0,正常
Day01-05:21,1,5,21,22.6,63.8,5.4,469.0,19.3,38.5,0,正常
Day01-05:22,1,5,22,23.0,61.2,8.9,454.0,17.3,38.2,0,正常
Day01-05:23,1,5,23,23.0,63.5,7.0,471.0,17.3,38.8,0,正常
Day01-05:24,1,5,24,22.9,63.7,5.1,431.0,14.2,38.3,0,正常
Day01-05:25,1,5,25,22.9,63.8,3.2,582.0,13.9,38.4,0,正常
Day01-05:26,1,5,26,22.7,62.3,5.4,437.0,20.0,37.9,0,正常
Day01-05:27,1,5,27,23.3,63.5,4.7,505.0,22.0,38.6,0,正常
Day01-05:28,1,5,28,22.4,64.0,5.0,454.0,7.3,38.8,0,正常
Day01-05:29,1,5,29,22.3,63.5,5.7,452.0,16.8,38.1,0,正常
Day01-05:30,1,5,30,22.6,65.4,5.5,424.0,19.3,38.2,0,正常
Day01-05:31,1,5,31,22.9,62.7,6.2,502.0,15.7,38.6,0,正常
Day01-05:32,1,5,32,22.5,64.2,5.7,486.0,14.8,39.0,0,正常
Day01-05:33,1,5,33,22.9,63.0,7.7,533.0,15.4,38.8,0,正常
Day01-05:34,1,5,34,23.1,62.8,5.1,451.0,22.0,38.4,0,正常
Day01-05:35,1,5,35,23.3,64.8,6.5,517.0,9.4,38.5,0,正常
Day01-05:36,1,5,36,22.6,64.1,5.1,534.0,7.5,38.8,0,正常
Day01-05:37,1,5,37,22.8,62.0,7.2,559.0,19.0,38.3,0,正常
Day01-05:38,1,5,38,22.6,63.7,6.2,530.0,18.7,38.7,0,正常
Day01-05:39,1,5,39,22.0,62.8,8.7,531.0,10.7,38.7,0,正常
Day01-05:40,1,5,40,22.6,61.1,6.7,516.0,12.5,39.0,0,正常
Day01-05:41,1,5,41,22.5,63.2,5.6,562.0,15.5,38.7,0,正常
Day01-05:42,1,5,42,23.1,63.9,6.7,478.0,12.5,38.5,0,正常
Day01-05:43,1,5,43,22.8,64.9,6.3,435.0,9.8,38.4,0,正常
Day01-05:44,1,5,44,22.9,64.0,3.8,525.0,20.6,38.3,0,正常
Day01-05:45,1,5,45,23.0,62.3,3.5,472.0,13.4,38.8,0,正常
Day01-05:46,1,5,46,22.7,63.5,4.7,502.0,20.6,38.4,0,正常
Day01-05:47,1,5,47,22.6,62.8,4.9,559.0,16.9,38.8,0,正常
Day01-05:48,1,5,48,22.4,62.4,6.3,572.0,15.9,38.7,0,正常
Day01-05:49,1,5,49,23.0,62.4,4.2,487.0,11.2,38.4,0,正常
Day01-05:50,1,5,50,23.2,61.8,5.8,467.0,14.2,38.3,0,正常
Day01-05:51,1,5,51,22.5,61.0,7.8,615.0,20.7,38.6,0,正常
Day01-05:52,1,5,52,23.5,63.0,6.1,535.0,17.8,38.8,0,正常
Day01-05:53,1,5,53,22.4,62.8,5.7,502.0,18.6,38.0,0,正常
Day01-05:54,1,5,54,23.0,63.4,2.5,542.0,14.9,38.5,0,正常
Day01-05:55,1,5,55,23.1,63.7,7.3,473.0,14.2,38.4,0,正常
Day01-05:56,1,5,56,23.6,63.2,4.8,514.0,4.3,37.9,0,正常
Day01-05:57,1,5,57,22.8,63.5,5.5,481.0,17.0,38.7,0,正常
Day01-05:58,1,5,58,22.6,62.8,7.8,477.0,19.5,38.2,0,正常
Day01-05:59,1,5,59,22.6,64.0,6.5,470.0,25.5,38.9,0,正常
Day01-06:00,1,6,0,23.7,61.5,6.3,582.0,65.7,38.3,0,正常
Day01-06:01,1,6,1,23.4,60.4,6.2,572.0,63.1,38.3,0,正常
Day01-06:02,1,6,2,23.6,62.0,7.1,673.0,57.0,38.3,0,正常
Day01-06:03,1,6,3,24.0,60.7,7.4,592.0,72.8,38.5,0,正常
Day01-06:04,1,6,4,23.9,61.2,5.8,757.0,74.0,38.4,0,正常
Day01-06:05,1,6,5,23.2,60.8,6.3,623.0,64.4,38.1,0,正常
Day01-06:06,1,6,6,23.7,59.8,6.5,515.0,65.4,37.9,0,正常
Day01-06:07,1,6,7,23.7,61.2,6.5,512.0,64.3,38.8,0,正常
Day01-06:08,1,6,8,23.7,60.4,8.6,635.0,72.0,38.4,0,正常
Day01-06:09,1,6,9,23.7,61.5,5.9,557.0,61.4,38.7,0,正常
Day01-06:10,1,6,10,23.7,61.1,5.1,613.0,70.6,39.3,0,正常
Day01-06:11,1,6,11,23.5,63.1,7.7,576.0,68.2,38.8,0,正常
Day01-06:12,1,6,12,23.1,60.8,4.2,681.0,68.8,38.7,0,正常
Day01-06:13,1,6,13,23.8,61.9,6.9,626.0,67.0,38.1,0,正常
Day01-06:14,1,6,14,23.7,61.1,7.4,573.0,57.4,38.8,0,正常
Day01-06:15,1,6,15,23.3,62.1,7.6,570.0,60.0,38.5,0,正常
Day01-06:16,1,6,16,23.0,61.0,6.4,524.0,56.0,38.8,0,正常
Day01-06:17,1,6,17,23.3,60.4,7.5,602.0,66.0,38.2,0,正常
Day01-06:18,1,6,18,23.4,61.9,4.9,537.0,57.9,39.1,0,正常
Day01-06:19,1,6,19,23.4,61.4,5.7,589.0,67.1,38.4,0,正常
Day01-06:20,1,6,20,23.7,61.0,7.1,674.0,61.8,38.7,0,正常
Day01-06:21,1,6,21,23.0,61.1,5.6,542.0,62.3,38.4,0,正常
Day01-06:22,1,6,22,23.4,60.6,3.5,577.0,51.6,38.5,0,正常
Day01-06:23,1,6,23,23.4,59.6,5.1,617.0,63.7,38.9,0,正常
Day01-06:24,1,6,24,24.0,61.8,6.2,544.0,62.3,38.2,0,正常
Day01-06:25,1,6,25,23.4,60.4,6.3,577.0,67.9,38.3,0,正常
Day01-06:26,1,6,26,23.9,62.6,4.6,652.0,71.3,38.1,0,正常
Day01-06:27,1,6,27,23.9,62.2,6.7,610.0,62.9,38.6,0,正常
Day01-06:28,1,6,28,23.9,62.4,6.3,634.0,73.4,38.6,0,正常
Day01-06:29,1,6,29,23.7,60.9,6.7,557.0,70.1,38.1,0,正常
Day01-06:30,1,6,30,23.2,62.2,7.1,586.0,65.2,38.5,0,正常
Day01-06:31,1,6,31,23.1,60.8,6.3,568.0,62.9,38.8,0,正常
Day01-06:32,1,6,32,23.6,59.6,4.1,522.0,67.9,39.0,0,正常
Day01-06:33,1,6,33,23.8,58.1,8.3,671.0,61.0,38.4,0,正常
Day01-06:34,1,6,34,23.4,60.3,9.2,574.0,63.3,38.3,0,正常
Day01-06:35,1,6,35,23.6,61.9,6.0,596.0,71.8,38.6,0,正常
Day01-06:36,1,6,36,23.1,62.0,6.2,565.0,65.1,38.4,0,正常
Day01-06:37,1,6,37,23.6,61.0,5.6,552.0,56.5,38.7,0,正常
Day01-06:38,1,6,38,23.0,60.8,5.8,587.0,64.0,38.4,0,正常
Day01-06:39,1,6,39,23.2,60.5,5.9,568.0,57.3,38.5,0,正常
Day01-06:40,1,6,40,23.1,60.6,5.2,612.0,62.1,38.9,0,正常
Day01-06:41,1,6,41,23.5,60.7,7.9,603.0,64.7,38.5,0,正常
Day01-06:42,1,6,42,24.0,58.6,7.6,592.0,61.4,38.5,0,正常
Day01-06:43,1,6,43,23.1,61.3,5.4,597.0,72.4,37.8,0,正常
Day01-06:44,1,6,44,23.8,62.6,7.7,623.0,60.7,37.8,0,正常
Day01-06:45,1,6,45,23.4,60.0,6.3,585.0,57.2,38.7,0,正常
Day01-06:46,1,6,46,23.7,60.9,5.7,576.0,57.8,38.9,0,正常
Day01-06:47,1,6,47,23.7,60.7,5.0,577.0,63.5,38.7,0,正常
Day01-06:48,1,6,48,23.6,60.5,7.8,609.0,61.3,38.5,0,正常
Day01-06:49,1,6,49,23.3,61.1,6.6,556.0,68.0,38.1,0,正常
Day01-06:50,1,6,50,23.5,61.3,6.8,575.0,61.0,38.5,0,正常
Day01-06:51,1,6,51,23.7,63.6,7.1,526.0,67.0,38.7,0,正常
Day01-06:52,1,6,52,23.6,59.3,8.8,666.0,77.1,38.7,0,正常
Day01-06:53,1,6,53,23.7,60.3,8.1,621.0,60.4,38.7,0,正常
Day01-06:54,1,6,54,23.9,60.6,5.8,571.0,59.1,38.0,0,正常
Day01-06:55,1,6,55,23.7,61.7,5.2,552.0,65.1,38.5,0,正常
Day01-06:56,1,6,56,23.5,61.2,5.6,621.0,68.5,38.9,0,正常
Day01-06:57,1,6,57,23.5,61.3,6.4,627.0,63.9,38.5,0,正常
Day01-06:58,1,6,58,23.2,60.4,7.1,698.0,63.0,38.9,0,正常
Day01-06:59,1,6,59,23.9,59.8,7.8,539.0,67.8,38.2,0,正常
Day01-07:00,1,7,0,24.1,58.8,7.5,694.0,85.1,38.5,2332.0,正常
Day01-07:01,1,7,1,24.5,60.6,5.4,649.0,96.5,38.8,2219.0,正常
Day01-07:02,1,7,2,24.4,57.7,6.8,677.0,89.0,38.6,2161.0,正常
Day01-07:03,1,7,3,24.0,60.3,7.3,728.0,93.7,38.6,2292.0,正常
Day01-07:04,1,7,4,24.3,59.3,5.7,659.0,82.3,38.0,2224.0,正常
Day01-07:05,1,7,5,24.5,58.0,9.1,749.0,100,38.0,2275.0,正常
Day01-07:06,1,7,6,23.9,58.2,7.5,713.0,89.2,38.3,2139.0,正常
Day01-07:07,1,7,7,23.9,59.7,7.3,674.0,83.7,38.7,2137.0,正常
Day01-07:08,1,7,8,23.7,59.3,10.3,686.0,93.4,38.7,2318.0,正常
Day01-07:09,1,7,9,23.8,59.9,6.1,697.0,89.3,38.2,2114.0,正常
Day01-07:10,1,7,10,23.8,61.2,6.8,741.0,95.8,38.9,2237.0,正常
Day01-07:11,1,7,11,24.3,59.0,6.7,707.0,84.1,38.9,2261.0,正常
Day01-07:12,1,7,12,24.2,59.1,6.9,741.0,90.0,38.8,2179.0,正常
Day01-07:13,1,7,13,23.7,59.0,8.5,628.0,89.0,38.7,2185.0,正常
Day01-07:14,1,7,14,24.3,59.9,7.2,719.0,91.6,38.1,2206.0,正常
Day01-07:15,1,7,15,24.2,59.0,6.5,661.0,95.2,38.3,2169.0,正常
Day01-07:16,1,7,16,24.6,60.7,7.9,657.0,86.4,38.3,2311.0,正常
Day01-07:17,1,7,17,24.1,60.7,7.7,675.0,94.0,38.0,2233.0,正常
Day01-07:18,1,7,18,24.0,60.7,8.8,751.0,98.2,38.0,2292.0,正常
Day01-07:19,1,7,19,24.1,61.3,8.4,719.0,92.2,38.7,2188.0,正常
Day01-07:20,1,7,20,23.8,59.9,7.4,601.0,88.1,38.4,2215.0,正常
Day01-07:21,1,7,21,24.0,60.0,7.0,624.0,82.0,38.7,2087.0,正常
Day01-07:22,1,7,22,23.6,59.6,7.2,698.0,90.1,38.4,2076.0,正常
Day01-07:23,1,7,23,24.0,59.9,7.1,705.0,98.4,38.6,2173.0,正常
Day01-07:24,1,7,24,24.3,59.0,7.9,726.0,96.0,38.8,2148.0,正常
Day01-07:25,1,7,25,24.2,58.6,6.5,639.0,93.9,38.5,2190.0,正常
Day01-07:26,1,7,26,24.0,59.1,9.1,636.0,86.7,38.6,2284.0,正常
Day01-07:27,1,7,27,24.3,58.7,7.2,635.0,94.6,38.4,2107.0,正常
Day01-07:28,1,7,28,23.9,60.4,4.7,657.0,90.0,38.8,2399.0,正常
Day01-07:29,1,7,29,24.1,59.7,8.6,733.0,91.6,38.3,2173.0,正常
Day01-07:30,1,7,30,24.3,59.0,7.9,650.0,96.3,38.9,2148.0,正常
Day01-07:31,1,7,31,24.3,60.2,5.7,722.0,88.0,38.6,2149.0,正常
Day01-07:32,1,7,32,24.3,59.6,11.3,712.0,100,38.6,2231.0,正常
Day01-07:33,1,7,33,23.7,60.9,7.7,658.0,97.9,38.5,2182.0,正常
Day01-07:34,1,7,34,23.9,59.4,7.2,760.0,85.5,38.1,2267.0,正常
Day01-07:35,1,7,35,24.3,57.3,7.7,721.0,89.2,38.7,2195.0,正常
Day01-07:36,1,7,36,24.5,57.8,9.7,800.0,91.2,38.5,2262.0,正常
Day01-07:37,1,7,37,24.3,59.3,6.8,798.0,85.9,38.8,2156.0,正常
Day01-07:38,1,7,38,24.1,59.3,8.0,634.0,100,38.2,2252.0,正常
Day01-07:39,1,7,39,24.5,59.6,8.2,656.0,92.4,38.8,2280.0,正常
Day01-07:40,1,7,40,24.5,60.2,7.9,751.0,89.2,38.8,2229.0,正常
Day01-07:41,1,7,41,24.3,60.6,6.4,776.0,90.4,39.3,2167.0,正常
Day01-07:42,1,7,42,24.2,58.8,7.5,696.0,83.5,38.8,2196.0,正常
Day01-07:43,1,7,43,24.1,58.5,6.0,663.0,82.0,38.3,2241.0,正常
Day01-07:44,1,7,44,24.3,58.0,7.6,727.0,88.4,38.6,2450.0,正常
Day01-07:45,1,7,45,24.0,59.6,5.9,649.0,96.2,38.3,2278.0,正常
Day01-07:46,1,7,46,24.2,58.5,7.5,767.0,96.6,38.7,2212.0,正常
Day01-07:47,1,7,47,24.3,58.0,6.1,725.0,82.6,38.4,2242.0,正常
Day01-07:48,1,7,48,24.3,58.2,4.8,701.0,93.6,38.8,2247.0,正常
Day01-07:49,1,7,49,23.8,58.5,8.4,784.0,94.8,38.7,2178.0,正常
Day01-07:50,1,7,50,23.7,60.0,8.2,610.0,92.1,39.2,2279.0,正常
Day01-07:51,1,7,51,24.5,58.3,5.5,647.0,85.3,38.4,2172.0,正常
Day01-07:52,1,7,52,24.5,60.7,6.7,736.0,95.9,38.6,2126.0,正常
Day01-07:53,1,7,53,24.1,60.9,8.8,759.0,86.9,38.4,2154.0,正常
Day01-07:54,1,7,54,24.2,57.5,8.7,781.0,92.8,38.5,2341.0,正常
Day01-07:55,1,7,55,24.1,59.5,6.5,652.0,92.8,38.7,2161.0,正常
Day01-07:56,1,7,56,23.8,59.9,8.5,659.0,91.3,39.1,2134.0,正常
Day01-07:57,1,7,57,24.5,59.9,7.7,683.0,87.4,38.2,2255.0,正常
Day01-07:58,1,7,58,23.9,59.2,8.9,661.0,93.5,38.3,2102.0,正常
Day01-07:59,1,7,59,24.3,59.4,5.4,717.0,87.8,38.4,2138.0,正常
Day01-08:00,1,8,0,24.2,59.0,6.9,804.0,89.8,37.7,0,正常
Day01-08:01,1,8,1,24.8,58.5,6.6,830.0,87.4,38.6,0,正常
Day01-08:02,1,8,2,24.5,57.1,11.4,795.0,83.9,38.7,0,正常
Day01-08:03,1,8,3,24.5,57.1,6.4,764.0,80.7,38.7,0,正常
Day01-08:04,1,8,4,24.8,57.3,8.8,718.0,93.9,38.7,0,正常
Day01-08:05,1,8,5,24.8,57.6,8.3,774.0,88.4,38.0,0,正常
Day01-08:06,1,8,6,24.3,58.1,8.5,818.0,87.9,38.7,0,正常
Day01-08:07,1,8,7,24.7,57.7,8.1,847.0,83.3,38.4,0,正常
Day01-08:08,1,8,8,24.7,57.1,6.0,778.0,91.7,38.7,0,正常
Day01-08:09,1,8,9,24.8,56.8,12.0,743.0,94.7,39.0,0,正常
Day01-08:10,1,8,10,24.5,56.4,9.7,852.0,99.6,38.7,0,正常
Day01-08:11,1,8,11,24.7,57.6,10.2,844.0,84.1,38.4,0,正常
Day01-08:12,1,8,12,24.7,59.3,5.9,795.0,75.6,37.8,0,正常
Day01-08:13,1,8,13,24.3,57.8,8.5,835.0,83.6,39.0,0,正常
Day01-08:14,1,8,14,24.9,55.1,6.0,765.0,88.9,38.7,0,正常
Day01-08:15,1,8,15,24.6,59.3,8.6,776.0,88.6,38.2,0,正常
Day01-08:16,1,8,16,24.6,57.0,8.0,780.0,89.8,38.7,0,正常
Day01-08:17,1,8,17,24.6,56.2,6.0,797.0,84.7,38.3,0,正常
Day01-08:18,1,8,18,24.2,57.9,7.1,816.0,92.9,38.6,0,正常
Day01-08:19,1,8,19,24.5,57.8,8.1,803.0,94.6,38.3,0,正常
Day01-08:20,1,8,20,24.4,57.9,7.6,825.0,90.2,38.5,0,正常
Day01-08:21,1,8,21,24.4,56.4,7.6,746.0,100,38.2,0,正常
Day01-08:22,1,8,22,23.8,58.1,7.4,847.0,94.5,38.5,0,正常
Day01-08:23,1,8,23,24.4,58.2,6.3,763.0,100,38.3,0,正常
Day01-08:24,1,8,24,24.0,58.0,9.8,843.0,94.9,38.5,0,正常
Day01-08:25,1,8,25,24.5,59.2,5.9,729.0,96.2,38.3,0,正常
Day01-08:26,1,8,26,24.7,58.8,6.7,840.0,85.9,38.7,0,正常
Day01-08:27,1,8,27,24.8,56.8,9.3,743.0,91.0,39.0,0,正常
Day01-08:28,1,8,28,24.9,57.3,8.2,839.0,91.4,39.0,0,正常
Day01-08:29,1,8,29,24.6,59.1,7.7,823.0,89.5,38.8,0,正常
Day01-08:30,1,8,30,24.7,56.6,9.0,819.0,80.9,38.2,0,正常
Day01-08:31,1,8,31,25.2,59.2,9.1,858.0,84.8,38.2,0,正常
Day01-08:32,1,8,32,25.0,58.8,7.1,851.0,84.2,38.5,0,正常
Day01-08:33,1,8,33,24.2,56.3,6.5,904.0,98.2,38.3,0,正常
Day01-08:34,1,8,34,24.7,59.3,7.6,786.0,84.0,38.8,0,正常
Day01-08:35,1,8,35,24.9,56.9,6.8,764.0,89.6,38.5,0,正常
Day01-08:36,1,8,36,24.5,57.8,8.4,821.0,88.7,38.8,0,正常
Day01-08:37,1,8,37,24.8,58.8,9.6,796.0,90.9,39.3,0,正常
Day01-08:38,1,8,38,24.3,57.9,7.5,777.0,83.8,38.5,0,正常
Day01-08:39,1,8,39,24.4,58.9,6.7,772.0,80.6,38.8,0,正常
Day01-08:40,1,8,40,24.8,58.2,9.3,781.0,90.8,38.9,0,正常
Day01-08:41,1,8,41,24.4,57.6,8.5,889.0,87.9,38.4,0,正常
Day01-08:42,1,8,42,24.7,59.3,8.8,874.0,84.6,38.4,0,正常
Day01-08:43,1,8,43,24.4,58.9,9.1,778.0,89.9,38.5,0,正常
Day01-08:44,1,8,44,24.7,59.5,9.3,794.0,86.8,38.5,0,正常
Day01-08:45,1,8,45,24.9,57.9,7.2,857.0,97.5,38.9,0,正常
Day01-08:46,1,8,46,24.0,57.9,8.5,795.0,93.2,38.3,0,正常
Day01-08:47,1,8,47,24.7,57.8,6.0,741.0,84.3,39.1,0,正常
Day01-08:48,1,8,48,24.6,58.8,10.7,751.0,96.6,38.1,0,正常
Day01-08:49,1,8,49,24.6,58.4,8.0,817.0,96.4,38.9,0,正常
Day01-08:50,1,8,50,24.8,57.5,11.3,777.0,98.7,38.4,0,正常
Day01-08:51,1,8,51,24.7,58.5,5.0,738.0,92.7,38.6,0,正常
Day01-08:52,1,8,52,25.1,60.7,7.1,766.0,91.0,37.9,0,正常
Day01-08:53,1,8,53,24.6,58.2,9.4,763.0,87.8,38.4,0,正常
Day01-08:54,1,8,54,24.7,56.4,7.8,878.0,94.3,38.3,0,正常
Day01-08:55,1,8,55,24.6,56.2,11.0,728.0,96.8,38.6,0,正常
Day01-08:56,1,8,56,24.9,58.6,9.7,844.0,85.5,38.3,0,正常
Day01-08:57,1,8,57,24.6,57.6,10.6,845.0,87.3,37.9,0,正常
Day01-08:58,1,8,58,24.8,60.0,8.1,810.0,93.1,38.2,0,正常
Day01-08:59,1,8,59,25.0,59.0,6.9,742.0,84.0,38.7,0,正常
Day01-09:00,1,9,0,25.4,58.2,8.9,927.0,62.3,38.9,0,正常
Day01-09:01,1,9,1,24.8,56.7,8.4,847.0,69.0,38.1,0,正常
Day01-09:02,1,9,2,24.8,56.7,6.2,931.0,60.6,38.3,0,正常
Day01-09:03,1,9,3,24.9,56.1,9.9,907.0,62.3,38.6,0,正常
Day01-09:04,1,9,4,25.0,57.5,10.5,980.0,61.3,38.4,0,正常
Day01-09:05,1,9,5,25.2,58.0,9.2,913.0,58.0,38.4,0,正常
Day01-09:06,1,9,6,24.3,57.4,8.6,826.0,54.1,38.2,0,正常
Day01-09:07,1,9,7,24.7,57.6,7.5,852.0,65.3,38.6,0,正常
Day01-09:08,1,9,8,24.9,56.8,8.8,880.0,60.0,39.0,0,正常
Day01-09:09,1,9,9,24.9,57.8,10.0,890.0,71.4,38.2,0,正常
Day01-09:10,1,9,10,25.2,58.0,11.1,918.0,71.9,38.6,0,正常
Day01-09:11,1,9,11,24.7,55.0,8.2,793.0,63.3,38.1,0,正常
Day01-09:12,1,9,12,24.8,56.5,7.2,898.0,60.6,38.2,0,正常
Day01-09:13,1,9,13,25.3,56.5,8.9,948.0,63.7,38.2,0,正常
Day01-09:14,1,9,14,24.9,57.7,6.0,887.0,65.1,39.0,0,正常
Day01-09:15,1,9,15,24.8,56.1,5.7,824.0,66.7,38.7,0,正常
Day01-09:16,1,9,16,24.2,54.8,8.7,834.0,66.8,38.6,0,正常
Day01-09:17,1,9,17,24.7,56.9,8.6,833.0,57.2,38.3,0,正常
Day01-09:18,1,9,18,25.0,55.9,8.9,960.0,68.8,38.5,0,正常
Day01-09:19,1,9,19,24.7,57.5,8.5,831.0,66.0,38.9,0,正常
Day01-09:20,1,9,20,25.3,56.9,6.4,857.0,61.1,38.4,0,正常
Day01-09:21,1,9,21,24.5,57.8,8.4,984.0,68.3,38.7,0,正常
Day01-09:22,1,9,22,24.8,57.4,8.3,902.0,58.3,38.6,0,正常
Day01-09:23,1,9,23,24.9,55.7,8.6,871.0,75.7,38.1,0,正常
Day01-09:24,1,9,24,24.8,55.8,11.1,877.0,63.2,38.8,0,正常
Day01-09:25,1,9,25,25.0,56.9,10.6,965.0,65.3,38.7,0,正常
Day01-09:26,1,9,26,24.7,56.8,8.9,977.0,64.9,38.7,0,正常
Day01-09:27,1,9,27,25.1,58.0,8.8,924.0,69.2,38.6,0,正常
Day01-09:28,1,9,28,25.3,58.7,9.2,845.0,64.7,38.9,0,正常
Day01-09:29,1,9,29,25.2,57.3,9.3,911.0,59.9,38.1,0,正常
Day01-09:30,1,9,30,24.8,58.8,8.6,890.0,75.3,38.8,0,正常
Day01-09:31,1,9,31,25.4,59.5,9.1,859.0,70.1,38.2,0,正常
Day01-09:32,1,9,32,25.2,56.4,11.6,892.0,66.3,38.8,0,正常
Day01-09:33,1,9,33,25.2,56.4,7.8,926.0,59.4,38.8,0,正常
Day01-09:34,1,9,34,24.8,56.5,8.6,932.0,61.5,38.5,0,正常
Day01-09:35,1,9,35,24.6,57.6,7.1,870.0,59.1,38.8,0,正常
Day01-09:36,1,9,36,24.6,56.9,8.3,834.0,66.1,38.1,0,正常
Day01-09:37,1,9,37,25.1,56.5,9.9,841.0,61.0,38.6,0,正常
Day01-09:38,1,9,38,24.6,56.3,9.0,830.0,60.1,38.6,0,正常
Day01-09:39,1,9,39,24.7,56.8,10.7,828.0,67.4,38.1,0,正常
Day01-09:40,1,9,40,25.0,56.8,10.1,842.0,66.0,38.5,0,正常
Day01-09:41,1,9,41,24.6,57.0,7.6,903.0,62.4,38.3,0,正常
Day01-09:42,1,9,42,24.8,58.4,5.7,926.0,63.1,38.8,0,正常
Day01-09:43,1,9,43,24.9,58.3,7.6,823.0,69.2,38.9,0,正常
Day01-09:44,1,9,44,25.3,56.7,6.6,782.0,65.0,38.4,0,正常
Day01-09:45,1,9,45,24.8,56.6,9.4,827.0,54.5,38.7,0,正常
Day01-09:46,1,9,46,25.2,58.1,9.0,822.0,62.3,38.5,0,正常
Day01-09:47,1,9,47,25.2,55.5,8.6,896.0,56.3,39.0,0,正常
Day01-09:48,1,9,48,24.4,56.6,7.1,956.0,68.1,39.1,0,正常
Day01-09:49,1,9,49,25.1,55.9,6.7,851.0,63.6,38.7,0,正常
Day01-09:50,1,9,50,25.7,57.1,8.5,817.0,65.0,38.9,0,正常
Day01-09:51,1,9,51,25.0,56.7,7.7,877.0,61.1,38.9,0,正常
Day01-09:52,1,9,52,25.2,56.6,7.1,926.0,66.8,38.5,0,正常
Day01-09:53,1,9,53,25.2,57.6,5.6,909.0,67.6,38.4,0,正常
Day01-09:54,1,9,54,25.2,58.4,8.7,946.0,57.2,38.9,0,正常
Day01-09:55,1,9,55,24.9,55.1,8.5,940.0,65.4,38.2,0,正常
Day01-09:56,1,9,56,24.9,57.4,9.0,910.0,67.9,38.2,0,正常
Day01-09:57,1,9,57,24.6,56.3,6.2,852.0,71.3,38.8,0,正常
Day01-09:58,1,9,58,24.7,57.8,5.9,870.0,57.8,38.5,0,正常
Day01-09:59,1,9,59,24.6,57.0,9.5,851.0,67.2,38.8,0,正常
Day01-10:00,1,10,0,25.3,56.9,9.9,931.0,67.8,38.7,0,正常
Day01-10:01,1,10,1,25.0,55.7,10.4,919.0,75.2,38.6,0,正常
Day01-10:02,1,10,2,25.1,56.8,8.8,951.0,64.1,38.5,0,正常
Day01-10:03,1,10,3,25.0,56.3,13.3,993.0,58.1,38.6,0,正常
Day01-10:04,1,10,4,24.5,58.1,9.5,928.0,71.5,38.4,0,正常
Day01-10:05,1,10,5,25.4,56.5,8.9,975.0,66.4,38.8,0,正常
Day01-10:06,1,10,6,25.0,56.6,8.7,883.0,64.2,38.7,0,正常
Day01-10:07,1,10,7,24.8,56.5,10.5,991.0,59.0,38.6,0,正常
Day01-10:08,1,10,8,25.0,56.2,10.1,934.0,56.9,38.4,0,正常
Day01-10:09,1,10,9,25.1,58.1,12.0,925.0,68.2,38.6,0,正常
Day01-10:10,1,10,10,25.3,54.9,9.3,896.0,62.6,38.3,0,正常
Day01-10:11,1,10,11,25.3,58.7,9.9,966.0,58.9,38.6,0,正常
Day01-10:12,1,10,12,24.8,54.6,9.3,902.0,62.9,38.7,0,正常
Day01-10:13,1,10,13,25.4,57.3,8.8,807.0,70.9,38.3,0,正常
Day01-10:14,1,10,14,25.4,56.8,9.2,922.0,56.1,38.9,0,正常
Day01-10:15,1,10,15,25.3,57.9,5.9,1006.0,71.3,38.5,0,正常
Day01-10:16,1,10,16,25.4,56.5,11.8,974.0,62.7,38.6,0,正常
Day01-10:17,1,10,17,24.8,55.9,8.7,867.0,63.8,37.8,0,正常
Day01-10:18,1,10,18,24.7,55.2,9.6,940.0,62.8,38.7,0,正常
Day01-10:19,1,10,19,24.6,57.8,8.4,1079.0,55.4,38.8,0,正常
Day01-10:20,1,10,20,25.1,57.1,7.1,947.0,67.4,38.3,0,正常
Day01-10:21,1,10,21,24.8,55.9,11.3,947.0,64.1,38.3,0,正常
Day01-10:22,1,10,22,24.9,56.8,11.0,992.0,69.2,38.7,0,正常
Day01-10:23,1,10,23,24.9,57.5,10.5,846.0,67.6,38.9,0,正常
Day01-10:24,1,10,24,25.0,56.0,8.1,1048.0,62.9,38.3,0,正常
Day01-10:25,1,10,25,24.9,58.5,11.5,1015.0,47.4,38.2,0,正常
Day01-10:26,1,10,26,24.8,57.7,7.8,973.0,69.6,38.8,0,正常
Day01-10:27,1,10,27,24.5,56.3,11.4,977.0,74.1,38.6,0,正常
Day01-10:28,1,10,28,24.9,57.5,10.6,922.0,72.0,38.7,0,正常
Day01-10:29,1,10,29,24.9,56.7,9.0,905.0,72.6,38.2,0,正常
Day01-10:30,1,10,30,24.7,56.3,14.8,985.0,59.9,38.0,0,正常
Day01-10:31,1,10,31,24.8,55.7,7.2,964.0,61.9,39.0,0,正常
Day01-10:32,1,10,32,25.0,56.4,11.3,1020.0,63.7,37.8,0,正常
Day01-10:33,1,10,33,24.2,56.1,8.1,916.0,60.5,38.4,0,正常
Day01-10:34,1,10,34,25.1,56.7,9.4,949.0,75.2,38.8,0,正常
Day01-10:35,1,10,35,25.2,58.0,9.9,919.0,73.0,38.7,0,正常
Day01-10:36,1,10,36,24.8,55.9,9.1,926.0,71.0,38.9,0,正常
Day01-10:37,1,10,37,25.5,56.6,7.4,937.0,68.5,38.4,0,正常
Day01-10:38,1,10,38,24.9,58.4,8.4,1033.0,53.5,38.5,0,正常
Day01-10:39,1,10,39,25.4,57.3,11.9,945.0,57.2,38.7,0,正常
Day01-10:40,1,10,40,24.9,56.3,10.6,919.0,66.3,38.5,0,正常
Day01-10:41,1,10,41,25.2,58.1,5.6,950.0,61.1,38.9,0,正常
Day01-10:42,1,10,42,25.2,57.9,8.6,908.0,70.4,38.4,0,正常
Day01-10:43,1,10,43,25.4,55.0,9.1,970.0,56.9,38.3,0,正常
Day01-10:44,1,10,44,24.8,55.2,8.9,914.0,68.5,38.8,0,正常
Day01-10:45,1,10,45,25.1,58.3,10.4,904.0,60.6,38.6,0,正常
Day01-10:46,1,10,46,24.3,57.1,8.4,967.0,66.8,38.5,0,正常
Day01-10:47,1,10,47,24.7,58.0,10.1,897.0,65.8,38.5,0,正常
Day01-10:48,1,10,48,24.9,56.3,8.7,881.0,56.4,38.6,0,正常
Day01-10:49,1,10,49,24.8,56.4,8.6,980.0,68.9,38.7,0,正常
Day01-10:50,1,10,50,24.7,57.4,8.0,920.0,67.2,38.7,0,正常
Day01-10:51,1,10,51,25.1,56.3,10.6,904.0,66.6,38.5,0,正常
Day01-10:52,1,10,52,25.2,57.2,9.8,920.0,61.7,38.2,0,正常
Day01-10:53,1,10,53,24.7,56.7,7.0,938.0,61.9,38.6,0,正常
Day01-10:54,1,10,54,24.9,57.2,8.3,996.0,64.1,38.4,0,正常
Day01-10:55,1,10,55,25.1,56.4,10.2,904.0,62.9,38.5,0,正常
Day01-10:56,1,10,56,25.2,57.2,8.5,930.0,66.9,38.7,0,正常
Day01-10:57,1,10,57,25.2,58.6,8.3,945.0,66.1,38.7,0,正常
Day01-10:58,1,10,58,24.8,59.0,10.2,1022.0,61.2,38.8,0,正常
Day01-10:59,1,10,59,25.5,58.0,11.6,973.0,63.0,39.0,0,正常
Day01-11:00,1,11,0,24.9,56.9,9.0,1045.0,61.9,38.3,0,正常
Day01-11:01,1,11,1,24.8,59.1,10.5,973.0,67.7,38.1,0,正常
Day01-11:02,1,11,2,24.9,56.8,9.9,936.0,67.9,38.4,0,正常
Day01-11:03,1,11,3,24.8,56.5,10.8,1031.0,63.8,39.0,0,正常
Day01-11:04,1,11,4,25.1,57.1,11.1,1008.0,66.7,38.1,0,正常
Day01-11:05,1,11,5,25.7,57.7,11.9,1034.0,70.5,39.0,0,正常
Day01-11:06,1,11,6,24.4,56.8,9.2,1062.0,67.7,38.4,0,正常
Day01-11:07,1,11,7,24.7,56.7,10.4,955.0,74.1,38.3,0,正常
Day01-11:08,1,11,8,24.8,57.4,10.6,880.0,68.1,38.5,0,正常
Day01-11:09,1,11,9,24.5,57.4,9.8,995.0,63.6,38.3,0,正常
Day01-11:10,1,11,10,25.2,56.1,9.0,892.0,57.0,39.3,0,正常
Day01-11:11,1,11,11,24.5,56.7,9.2,978.0,67.0,38.6,0,正常
Day01-11:12,1,11,12,25.3,55.7,10.5,995.0,65.9,38.8,0,正常
Day01-11:13,1,11,13,24.9,56.7,11.5,937.0,68.7,38.4,0,正常
Day01-11:14,1,11,14,24.8,55.4,9.0,1016.0,67.4,39.0,0,正常
Day01-11:15,1,11,15,25.0,56.4,12.8,923.0,69.9,39.0,0,正常
Day01-11:16,1,11,16,24.3,56.6,11.8,1050.0,54.9,38.4,0,正常
Day01-11:17,1,11,17,25.0,58.1,10.7,1022.0,60.6,38.7,0,正常
Day01-11:18,1,11,18,25.0,56.9,11.2,1001.0,60.2,38.6,0,正常
Day01-11:19,1,11,19,24.5,58.7,8.9,978.0,63.9,38.6,0,正常
Day01-11:20,1,11,20,24.5,59.2,9.8,953.0,70.9,38.3,0,正常
Day01-11:21,1,11,21,24.9,57.7,11.5,1015.0,61.5,38.4,0,正常
Day01-11:22,1,11,22,25.0,57.6,8.8,947.0,72.2,38.4,0,正常
Day01-11:23,1,11,23,24.5,57.1,13.1,879.0,62.2,38.7,0,正常
Day01-11:24,1,11,24,25.2,58.1,10.5,880.0,60.6,38.5,0,正常
Day01-11:25,1,11,25,24.6,56.8,10.4,956.0,64.1,38.7,0,正常
Day01-11:26,1,11,26,25.0,56.3,11.8,975.0,61.8,38.6,0,正常
Day01-11:27,1,11,27,25.1,56.6,11.0,886.0,63.0,38.4,0,正常
Day01-11:28,1,11,28,25.0,58.9,9.0,960.0,69.0,38.8,0,正常
Day01-11:29,1,11,29,24.2,56.9,8.5,1006.0,59.8,38.4,0,正常
Day01-11:30,1,11,30,25.1,57.4,10.9,927.0,65.7,38.8,0,正常
Day01-11:31,1,11,31,24.2,58.5,8.6,1031.0,59.2,38.9,0,正常
Day01-11:32,1,11,32,25.0,59.0,8.1,948.0,74.9,38.8,0,正常
Day01-11:33,1,11,33,24.7,56.9,10.8,984.0,67.6,38.7,0,正常
Day01-11:34,1,11,34,24.6,56.7,10.4,929.0,63.1,38.4,0,正常
Day01-11:35,1,11,35,25.4,58.6,11.5,1001.0,67.4,38.1,0,正常
Day01-11:36,1,11,36,24.8,58.6,9.8,856.0,68.0,38.3,0,正常
Day01-11:37,1,11,37,25.1,54.6,9.6,1127.0,64.2,38.6,0,正常
Day01-11:38,1,11,38,24.9,58.0,9.7,949.0,55.8,38.8,0,正常
Day01-11:39,1,11,39,25.4,58.3,8.3,990.0,60.2,38.6,0,正常
Day01-11:40,1,11,40,25.3,56.6,8.7,1011.0,66.1,38.3,0,正常
Day01-11:41,1,11,41,24.7,56.5,10.5,932.0,69.2,38.7,0,正常
Day01-11:42,1,11,42,25.2,57.4,10.4,931.0,56.6,38.7,0,正常
Day01-11:43,1,11,43,25.0,58.4,9.8,1004.0,63.9,38.3,0,正常
Day01-11:44,1,11,44,25.0,57.3,9.2,976.0,66.9,38.8,0,正常
Day01-11:45,1,11,45,24.4,56.2,10.8,1013.0,67.0,38.9,0,正常
Day01-11:46,1,11,46,24.2,57.6,12.5,982.0,66.9,38.6,0,正常
Day01-11:47,1,11,47,25.3,56.6,12.6,990.0,67.6,39.1,0,正常
Day01-11:48,1,11,48,25.2,58.2,11.6,1006.0,62.9,38.5,0,正常
Day01-11:49,1,11,49,25.1,56.3,13.4,845.0,56.1,39.1,0,正常
Day01-11:50,1,11,50,24.9,58.1,8.2,1051.0,72.0,38.2,0,正常
Day01-11:51,1,11,51,24.9,56.2,7.4,987.0,60.1,38.1,0,正常
Day01-11:52,1,11,52,24.9,55.9,9.3,1029.0,68.1,38.6,0,正常
Day01-11:53,1,11,53,25.0,58.8,9.5,911.0,60.4,38.6,0,正常
Day01-11:54,1,11,54,24.7,58.5,8.6,995.0,62.5,38.2,0,正常
Day01-11:55,1,11,55,24.8,60.0,8.6,1105.0,64.1,38.2,0,正常
Day01-11:56,1,11,56,25.1,57.4,10.1,923.0,65.3,38.7,0,正常
Day01-11:57,1,11,57,24.7,57.0,9.9,919.0,63.6,38.6,0,正常
Day01-11:58,1,11,58,24.4,58.2,11.7,997.0,66.5,38.4,0,正常
Day01-11:59,1,11,59,25.1,57.9,9.5,942.0,64.1,38.6,0,正常
Day01-12:00,1,12,0,24.7,59.1,9.0,1002.0,96.9,38.6,2228.0,正常
Day01-12:01,1,12,1,24.3,57.9,10.3,941.0,83.7,38.9,2157.0,正常
Day01-12:02,1,12,2,25.1,57.2,9.2,976.0,88.1,38.9,2233.0,正常
Day01-12:03,1,12,3,24.8,60.0,10.3,944.0,87.0,38.6,2060.0,正常
Day01-12:04,1,12,4,24.4,56.5,8.1,963.0,95.8,38.8,2220.0,正常
Day01-12:05,1,12,5,25.1,58.1,12.3,1109.0,88.6,38.7,2261.0,正常
Day01-12:06,1,12,6,24.2,59.0,9.3,970.0,94.3,38.7,2048.0,正常
Day01-12:07,1,12,7,25.1,58.8,8.9,988.0,100,38.1,2022.0,正常
Day01-12:08,1,12,8,24.6,59.2,12.1,1022.0,92.7,37.7,2268.0,正常
Day01-12:09,1,12,9,24.7,56.8,10.1,934.0,86.8,38.3,2171.0,正常
Day01-12:10,1,12,10,25.0,58.5,11.4,1037.0,96.9,38.4,2319.0,正常
Day01-12:11,1,12,11,24.3,57.8,12.1,1037.0,82.4,38.7,1951.0,正常
Day01-12:12,1,12,12,24.8,57.8,11.5,950.0,90.1,38.6,2247.0,正常
Day01-12:13,1,12,13,23.8,57.8,10.5,1004.0,91.1,38.9,2064.0,正常
Day01-12:14,1,12,14,24.8,57.7,10.8,1101.0,100,38.4,2157.0,正常
Day01-12:15,1,12,15,24.7,55.1,10.6,1036.0,93.7,38.5,2355.0,正常
Day01-12:16,1,12,16,24.8,57.5,12.5,1035.0,87.6,38.4,2115.0,正常
Day01-12:17,1,12,17,24.8,59.6,10.4,1075.0,82.7,38.8,2244.0,正常
Day01-12:18,1,12,18,24.9,58.6,9.4,981.0,92.0,38.9,2262.0,正常
Day01-12:19,1,12,19,24.2,57.5,10.3,996.0,88.3,38.5,2050.0,正常
Day01-12:20,1,12,20,24.9,58.1,11.0,1036.0,94.7,38.7,2309.0,正常
Day01-12:21,1,12,21,24.5,58.2,12.8,926.0,93.9,38.7,2258.0,正常
Day01-12:22,1,12,22,25.2,59.5,11.4,1011.0,89.0,38.4,2264.0,正常
Day01-12:23,1,12,23,24.3,58.4,9.3,965.0,87.1,38.9,2207.0,正常
Day01-12:24,1,12,24,24.2,57.8,11.0,1006.0,100,38.3,2030.0,正常
Day01-12:25,1,12,25,24.6,58.8,11.1,1014.0,100,38.5,2227.0,正常
Day01-12:26,1,12,26,24.2,56.4,10.0,1033.0,90.8,38.6,2194.0,正常
Day01-12:27,1,12,27,24.0,57.8,10.3,969.0,84.5,38.6,2124.0,正常
Day01-12:28,1,12,28,24.8,58.6,10.9,1041.0,92.7,38.0,2158.0,正常
Day01-12:29,1,12,29,24.5,57.2,5.9,1029.0,93.2,38.2,2218.0,正常
Day01-12:30,1,12,30,25.0,59.2,9.3,1034.0,95.2,38.4,2047.0,正常
Day01-12:31,1,12,31,24.9,58.4,10.1,977.0,91.8,38.5,2198.0,正常
Day01-12:32,1,12,32,24.4,57.9,10.6,953.0,98.1,38.0,2277.0,正常
Day01-12:33,1,12,33,24.4,58.7,8.1,1035.0,87.5,38.8,2292.0,正常
Day01-12:34,1,12,34,24.5,59.9,10.2,981.0,86.2,38.2,2222.0,正常
Day01-12:35,1,12,35,24.9,57.2,8.9,960.0,91.8,38.1,2209.0,正常
Day01-12:36,1,12,36,24.6,57.1,9.5,1017.0,92.5,38.6,2174.0,正常
Day01-12:37,1,12,37,24.7,59.3,8.3,1041.0,99.1,38.8,2171.0,正常
Day01-12:38,1,12,38,23.9,58.9,12.4,976.0,86.4,38.9,2241.0,正常
Day01-12:39,1,12,39,24.7,57.0,10.0,895.0,87.4,38.6,2264.0,正常
Day01-12:40,1,12,40,24.5,57.3,9.8,999.0,94.5,38.4,2229.0,正常
Day01-12:41,1,12,41,24.3,60.1,7.8,1014.0,86.2,38.4,2317.0,正常
Day01-12:42,1,12,42,24.9,58.1,8.6,1019.0,87.6,38.6,2227.0,正常
Day01-12:43,1,12,43,24.5,57.3,8.7,925.0,93.8,38.7,2247.0,正常
Day01-12:44,1,12,44,24.8,59.9,9.2,998.0,94.0,38.4,2202.0,正常
Day01-12:45,1,12,45,24.5,58.2,8.2,977.0,93.3,37.8,2245.0,正常
Day01-12:46,1,12,46,24.6,59.8,13.0,1050.0,92.0,39.1,2167.0,正常
Day01-12:47,1,12,47,25.2,57.8,11.3,1001.0,82.0,38.9,2092.0,正常
Day01-12:48,1,12,48,24.5,57.2,10.1,989.0,84.1,38.1,2159.0,正常
Day01-12:49,1,12,49,24.3,57.8,12.1,1003.0,89.5,38.6,2358.0,正常
Day01-12:50,1,12,50,24.8,57.3,9.9,959.0,98.9,38.6,2254.0,正常
Day01-12:51,1,12,51,24.4,59.2,10.2,1001.0,90.9,38.8,2172.0,正常
Day01-12:52,1,12,52,24.3,58.2,7.5,1000.0,85.1,38.5,2140.0,正常
Day01-12:53,1,12,53,24.0,57.7,10.2,1081.0,93.8,38.3,2138.0,正常
Day01-12:54,1,12,54,24.4,56.1,9.4,922.0,97.2,38.5,2307.0,正常
Day01-12:55,1,12,55,24.7,58.7,10.3,1003.0,85.0,38.9,2031.0,正常
Day01-12:56,1,12,56,24.5,58.3,12.0,993.0,99.3,38.3,2241.0,正常
Day01-12:57,1,12,57,25.1,56.9,10.9,1079.0,81.5,37.8,2310.0,正常
Day01-12:58,1,12,58,24.4,59.8,13.4,1029.0,88.9,38.5,2403.0,正常
Day01-12:59,1,12,59,24.9,58.1,11.1,969.0,93.5,38.9,2373.0,正常
Day01-13:00,1,13,0,24.0,58.6,13.5,1004.0,82.7,38.6,0,正常
Day01-13:01,1,13,1,24.4,59.2,11.3,1083.0,81.4,38.6,0,正常
Day01-13:02,1,13,2,24.1,59.0,14.5,994.0,85.5,38.5,0,正常
Day01-13:03,1,13,3,24.5,59.4,10.0,1007.0,93.6,38.5,0,正常
Day01-13:04,1,13,4,24.5,60.4,9.6,996.0,84.1,38.3,0,正常
Day01-13:05,1,13,5,24.1,58.2,10.8,991.0,79.8,38.8,0,正常
Day01-13:06,1,13,6,24.3,58.3,11.5,861.0,85.0,38.9,0,正常
Day01-13:07,1,13,7,23.7,61.1,9.4,973.0,95.6,38.6,0,正常
Day01-13:08,1,13,8,24.2,59.5,9.5,921.0,91.7,38.9,0,正常
Day01-13:09,1,13,9,23.9,60.1,9.9,1026.0,88.9,38.6,0,正常
Day01-13:10,1,13,10,24.2,58.5,11.4,991.0,91.4,38.9,0,正常
Day01-13:11,1,13,11,23.7,59.2,11.5,900.0,83.8,38.4,0,正常
Day01-13:12,1,13,12,24.4,57.5,13.3,970.0,89.6,38.1,0,正常
Day01-13:13,1,13,13,23.9,59.4,13.5,966.0,94.0,38.4,0,正常
Day01-13:14,1,13,14,23.9,59.2,14.2,954.0,85.7,38.1,0,正常
Day01-13:15,1,13,15,24.0,58.2,12.4,974.0,88.6,38.2,0,正常
Day01-13:16,1,13,16,24.2,59.3,7.9,1054.0,93.0,38.3,0,正常
Day01-13:17,1,13,17,23.8,58.9,11.7,986.0,84.8,38.5,0,正常
Day01-13:18,1,13,18,23.7,58.1,13.6,1053.0,86.0,38.6,0,正常
Day01-13:19,1,13,19,24.1,58.0,9.6,978.0,98.2,38.3,0,正常
Day01-13:20,1,13,20,24.2,57.5,10.4,1045.0,93.4,38.5,0,正常
Day01-13:21,1,13,21,24.2,58.4,10.7,961.0,91.3,38.9,0,正常
Day01-13:22,1,13,22,23.6,58.1,9.1,954.0,92.8,38.5,0,正常
Day01-13:23,1,13,23,24.1,60.1,10.0,970.0,87.6,38.7,0,正常
Day01-13:24,1,13,24,24.1,60.4,11.1,994.0,87.1,39.1,0,正常
Day01-13:25,1,13,25,24.1,59.0,9.7,992.0,85.3,38.1,0,正常
Day01-13:26,1,13,26,24.5,59.1,11.8,1040.0,96.2,38.4,0,正常
Day01-13:27,1,13,27,24.0,60.3,10.9,1031.0,95.2,38.4,0,正常
Day01-13:28,1,13,28,23.8,60.1,12.0,1046.0,89.8,38.7,0,正常
Day01-13:29,1,13,29,23.6,60.9,12.6,1022.0,79.5,38.1,0,正常
Day01-13:30,1,13,30,23.4,58.9,12.2,992.0,100,38.2,0,正常
Day01-13:31,1,13,31,24.2,59.3,10.8,950.0,92.5,38.4,0,正常
Day01-13:32,1,13,32,23.5,59.2,6.7,906.0,90.6,38.6,0,正常
Day01-13:33,1,13,33,24.2,58.9,13.1,911.0,84.9,38.6,0,正常
Day01-13:34,1,13,34,24.4,58.2,14.9,983.0,96.5,38.5,0,正常
Day01-13:35,1,13,35,24.5,60.4,11.2,1009.0,79.1,39.3,0,正常
Day01-13:36,1,13,36,23.8,57.8,10.9,976.0,86.0,38.6,0,正常
Day01-13:37,1,13,37,24.0,59.6,9.5,1040.0,99.0,39.0,0,正常
Day01-13:38,1,13,38,24.0,60.0,9.9,910.0,92.6,38.9,0,正常
Day01-13:39,1,13,39,24.1,58.4,10.6,1032.0,84.6,38.1,0,正常
Day01-13:40,1,13,40,24.3,60.4,8.0,964.0,91.9,38.8,0,正常
Day01-13:41,1,13,41,24.2,60.6,11.5,951.0,86.8,38.7,0,正常
Day01-13:42,1,13,42,24.2,58.8,12.4,970.0,88.2,38.4,0,正常
Day01-13:43,1,13,43,23.9,61.0,11.7,892.0,78.6,38.2,0,正常
Day01-13:44,1,13,44,24.5,59.6,10.7,1029.0,89.9,38.9,0,正常
Day01-13:45,1,13,45,23.7,60.7,11.3,960.0,97.3,38.2,0,正常
Day01-13:46,1,13,46,23.8,58.4,9.5,1017.0,94.6,38.4,0,正常
Day01-13:47,1,13,47,24.3,59.1,10.2,1034.0,86.0,38.4,0,正常
Day01-13:48,1,13,48,23.9,60.2,9.6,1037.0,84.0,38.3,0,正常
Day01-13:49,1,13,49,23.7,59.0,11.3,973.0,88.7,38.4,0,正常
Day01-13:50,1,13,50,24.1,60.4,13.6,1049.0,84.9,39.0,0,正常
Day01-13:51,1,13,51,24.6,59.1,13.1,955.0,93.7,38.4,0,正常
Day01-13:52,1,13,52,24.0,60.4,12.1,1007.0,90.4,38.4,0,正常
Day01-13:53,1,13,53,23.6,59.6,13.1,894.0,93.6,38.4,0,正常
Day01-13:54,1,13,54,24.1,59.2,11.3,931.0,95.3,39.1,0,正常
Day01-13:55,1,13,55,24.2,58.7,10.5,997.0,94.5,38.5,0,正常
Day01-13:56,1,13,56,24.1,59.6,12.8,972.0,93.8,38.8,0,正常
Day01-13:57,1,13,57,24.5,59.3,10.2,1061.0,84.4,38.3,0,正常
Day01-13:58,1,13,58,23.9,58.6,12.9,1030.0,91.4,38.3,0,正常
Day01-13:59,1,13,59,23.9,58.3,8.7,961.0,90.9,38.7,0,正常
Day01-14:00,1,14,0,23.5,62.5,10.4,957.0,60.4,38.4,0,正常
Day01-14:01,1,14,1,23.6,60.6,10.8,976.0,57.8,38.3,0,正常
Day01-14:02,1,14,2,23.4,60.7,11.6,1008.0,69.5,38.6,0,正常
Day01-14:03,1,14,3,23.8,61.1,11.8,885.0,55.2,38.6,0,正常
Day01-14:04,1,14,4,23.7,63.6,10.2,953.0,57.2,38.5,0,正常
Day01-14:05,1,14,5,23.8,60.8,12.1,903.0,72.2,38.5,0,正常
Day01-14:06,1,14,6,23.4,60.0,11.5,859.0,61.5,38.6,0,正常
Day01-14:07,1,14,7,23.2,61.0,12.8,1018.0,68.2,38.6,0,正常
Day01-14:08,1,14,8,23.8,61.7,10.0,979.0,64.5,38.3,0,正常
Day01-14:09,1,14,9,23.7,60.2,12.6,924.0,66.8,38.5,0,正常
Day01-14:10,1,14,10,22.8,62.2,9.7,893.0,63.6,38.2,0,正常
Day01-14:11,1,14,11,23.8,60.0,10.1,1021.0,70.8,38.8,0,正常
Day01-14:12,1,14,12,23.7,62.1,9.2,943.0,67.2,38.6,0,正常
Day01-14:13,1,14,13,24.0,61.7,11.6,1026.0,75.1,38.1,0,正常
Day01-14:14,1,14,14,23.2,60.0,8.8,1009.0,60.3,38.0,0,正常
Day01-14:15,1,14,15,23.5,62.3,13.5,899.0,66.1,38.1,0,正常
Day01-14:16,1,14,16,23.1,58.3,9.4,879.0,62.6,39.1,0,正常
Day01-14:17,1,14,17,23.5,62.3,11.5,951.0,62.1,38.9,0,正常
Day01-14:18,1,14,18,23.1,62.0,12.9,978.0,60.0,38.3,0,正常
Day01-14:19,1,14,19,23.7,61.5,10.7,912.0,63.1,39.0,0,正常
Day01-14:20,1,14,20,23.0,61.1,11.8,947.0,62.3,38.0,0,正常
Day01-14:21,1,14,21,23.6,60.3,7.9,1004.0,61.4,38.7,0,正常
Day01-14:22,1,14,22,23.8,60.2,12.0,985.0,63.7,38.5,0,正常
Day01-14:23,1,14,23,24.1,60.3,8.9,895.0,69.9,38.9,0,正常
Day01-14:24,1,14,24,23.5,62.0,10.3,992.0,67.4,38.6,0,正常
Day01-14:25,1,14,25,23.5,60.1,11.4,892.0,68.2,38.7,0,正常
Day01-14:26,1,14,26,23.3,61.9,10.9,983.0,65.8,38.5,0,正常
Day01-14:27,1,14,27,23.9,62.6,11.1,908.0,69.6,38.4,0,正常
Day01-14:28,1,14,28,23.0,61.8,9.3,990.0,64.7,38.1,0,正常
Day01-14:29,1,14,29,23.3,60.9,10.4,961.0,69.5,38.6,0,正常
Day01-14:30,1,14,30,23.6,61.3,11.8,976.0,62.7,38.2,0,正常
Day01-14:31,1,14,31,23.8,61.6,13.2,922.0,69.7,38.6,0,正常
Day01-14:32,1,14,32,23.8,60.4,12.4,914.0,66.7,38.6,0,正常
Day01-14:33,1,14,33,23.9,61.1,10.8,940.0,70.1,38.1,0,正常
Day01-14:34,1,14,34,23.6,63.7,10.1,950.0,62.1,38.8,0,正常
Day01-14:35,1,14,35,23.8,61.6,8.7,891.0,70.9,38.1,0,正常
Day01-14:36,1,14,36,23.4,59.9,12.3,916.0,60.8,38.5,0,正常
Day01-14:37,1,14,37,23.3,59.4,12.3,997.0,61.9,38.4,0,正常
Day01-14:38,1,14,38,24.0,60.1,15.4,1045.0,56.9,38.3,0,正常
Day01-14:39,1,14,39,23.4,61.4,10.6,907.0,65.0,38.7,0,正常
Day01-14:40,1,14,40,23.3,60.5,10.7,926.0,63.0,38.2,0,正常
Day01-14:41,1,14,41,23.6,62.2,8.0,976.0,62.4,38.7,0,正常
Day01-14:42,1,14,42,23.7,60.1,12.1,1024.0,54.8,38.8,0,正常
Day01-14:43,1,14,43,23.5,61.2,13.1,874.0,68.5,38.7,0,正常
Day01-14:44,1,14,44,23.4,59.7,10.4,971.0,70.2,38.3,0,正常
Day01-14:45,1,14,45,23.1,60.7,10.8,881.0,67.8,38.5,0,正常
Day01-14:46,1,14,46,22.9,61.7,11.4,953.0,56.1,38.8,0,正常
Day01-14:47,1,14,47,23.4,60.3,9.8,883.0,73.8,38.3,0,正常
Day01-14:48,1,14,48,23.1,58.9,7.9,1007.0,58.6,39.0,0,正常
Day01-14:49,1,14,49,23.5,61.6,10.2,1001.0,66.0,38.7,0,正常
Day01-14:50,1,14,50,23.3,62.2,9.9,972.0,60.9,38.8,0,正常
Day01-14:51,1,14,51,23.1,59.6,10.6,1005.0,59.9,38.9,0,正常
Day01-14:52,1,14,52,23.5,60.4,10.6,988.0,59.4,38.9,0,正常
Day01-14:53,1,14,53,23.7,62.5,8.0,970.0,74.5,37.9,0,正常
Day01-14:54,1,14,54,23.3,60.4,12.6,871.0,66.1,38.3,0,正常
Day01-14:55,1,14,55,23.3,62.0,10.6,953.0,67.3,38.4,0,正常
Day01-14:56,1,14,56,23.1,61.6,9.7,911.0,60.5,38.6,0,正常
Day01-14:57,1,14,57,23.2,60.4,11.0,912.0,71.0,38.8,0,正常
Day01-14:58,1,14,58,23.6,61.4,11.5,936.0,59.8,38.3,0,正常
Day01-14:59,1,14,59,23.3,61.8,9.0,987.0,68.6,38.4,0,正常
Day01-15:00,1,15,0,22.5,63.5,11.8,820.0,67.4,38.8,0,正常
Day01-15:01,1,15,1,22.6,63.4,10.8,876.0,69.7,38.3,0,正常
Day01-15:02,1,15,2,23.3,62.5,10.4,883.0,57.7,38.9,0,正常
Day01-15:03,1,15,3,22.9,61.7,12.7,858.0,65.8,38.6,0,正常
Day01-15:04,1,15,4,22.7,62.8,10.5,930.0,67.4,38.4,0,正常
Day01-15:05,1,15,5,22.7,64.3,10.4,841.0,72.0,37.8,0,正常
Day01-15:06,1,15,6,23.0,63.6,12.4,842.0,76.6,38.7,0,正常
Day01-15:07,1,15,7,23.4,63.6,11.8,941.0,53.2,38.5,0,正常
Day01-15:08,1,15,8,23.5,62.2,12.5,867.0,65.2,38.3,0,正常
Day01-15:09,1,15,9,23.0,61.7,9.8,813.0,67.9,38.5,0,正常
Day01-15:10,1,15,10,22.5,62.3,12.7,873.0,60.6,38.6,0,正常
Day01-15:11,1,15,11,23.2,63.7,13.9,864.0,54.1,38.4,0,正常
Day01-15:12,1,15,12,23.1,63.4,13.2,892.0,56.5,38.4,0,正常
Day01-15:13,1,15,13,23.5,61.6,13.1,884.0,66.6,38.5,0,正常
Day01-15:14,1,15,14,22.7,60.3,9.0,912.0,66.1,38.4,0,正常
Day01-15:15,1,15,15,22.7,62.7,11.4,849.0,67.7,39.0,0,正常
Day01-15:16,1,15,16,23.3,61.9,10.1,825.0,64.7,38.8,0,正常
Day01-15:17,1,15,17,23.0,61.6,11.2,870.0,66.1,38.3,0,正常
Day01-15:18,1,15,18,22.4,64.1,13.3,871.0,58.0,38.8,0,正常
Day01-15:19,1,15,19,22.6,62.9,12.3,943.0,66.2,38.7,0,正常
Day01-15:20,1,15,20,22.8,62.0,10.6,853.0,60.7,38.5,0,正常
Day01-15:21,1,15,21,22.6,62.7,10.4,841.0,59.7,38.7,0,正常
Day01-15:22,1,15,22,22.8,63.6,12.7,915.0,61.4,38.9,0,正常
Day01-15:23,1,15,23,23.1,64.2,12.2,885.0,70.7,38.4,0,正常
Day01-15:24,1,15,24,22.7,63.4,10.3,877.0,67.4,38.7,0,正常
Day01-15:25,1,15,25,22.8,62.1,13.3,911.0,62.0,38.8,0,正常
Day01-15:26,1,15,26,22.5,65.0,10.4,852.0,69.4,38.1,0,正常
Day01-15:27,1,15,27,22.4,64.0,11.3,816.0,57.6,38.1,0,正常
Day01-15:28,1,15,28,22.9,62.5,12.5,862.0,68.7,38.4,0,正常
Day01-15:29,1,15,29,22.7,63.0,10.4,916.0,75.0,38.8,0,正常
Day01-15:30,1,15,30,22.9,63.4,8.0,894.0,63.0,38.6,0,正常
Day01-15:31,1,15,31,22.7,62.9,10.7,787.0,64.6,38.6,0,正常
Day01-15:32,1,15,32,22.6,61.3,10.0,913.0,60.9,38.5,0,正常
Day01-15:33,1,15,33,22.6,63.5,11.3,930.0,69.7,37.5,0,正常
Day01-15:34,1,15,34,23.0,63.1,12.2,901.0,72.7,39.0,0,正常
Day01-15:35,1,15,35,22.8,63.4,11.0,840.0,67.7,38.3,0,正常
Day01-15:36,1,15,36,22.3,61.4,9.0,915.0,66.2,38.4,0,正常
Day01-15:37,1,15,37,22.7,62.5,9.3,896.0,68.2,38.7,0,正常
Day01-15:38,1,15,38,22.4,63.0,9.3,824.0,64.5,38.2,0,正常
Day01-15:39,1,15,39,23.1,62.9,9.5,882.0,63.6,39.1,0,正常
Day01-15:40,1,15,40,23.1,62.9,10.1,953.0,65.7,38.7,0,正常
Day01-15:41,1,15,41,22.7,62.0,10.1,839.0,78.2,38.1,0,正常
Day01-15:42,1,15,42,22.7,62.4,10.6,896.0,66.9,38.1,0,正常
Day01-15:43,1,15,43,22.5,64.5,9.6,903.0,70.5,38.5,0,正常
Day01-15:44,1,15,44,22.8,63.1,10.9,866.0,61.8,38.8,0,正常
Day01-15:45,1,15,45,22.5,62.8,12.1,796.0,62.3,38.4,0,正常
Day01-15:46,1,15,46,23.1,63.2,12.0,791.0,57.9,38.9,0,正常
Day01-15:47,1,15,47,23.1,62.6,10.5,858.0,59.2,39.3,0,正常
Day01-15:48,1,15,48,22.4,60.8,11.3,812.0,66.8,38.5,0,正常
Day01-15:49,1,15,49,23.0,62.2,11.5,882.0,58.6,38.4,0,正常
Day01-15:50,1,15,50,23.2,62.6,12.3,885.0,66.5,38.4,0,正常
Day01-15:51,1,15,51,22.8,62.2,8.0,920.0,64.3,38.6,0,正常
Day01-15:52,1,15,52,22.4,62.8,12.8,898.0,73.8,38.2,0,正常
Day01-15:53,1,15,53,22.6,63.4,10.9,852.0,67.5,38.5,0,正常
Day01-15:54,1,15,54,23.4,61.2,12.9,876.0,65.5,38.7,0,正常
Day01-15:55,1,15,55,22.7,63.8,12.4,802.0,62.7,38.7,0,正常
Day01-15:56,1,15,56,23.0,62.3,9.8,900.0,69.5,38.6,0,正常
Day01-15:57,1,15,57,22.5,63.4,12.4,896.0,67.0,38.6,0,正常
Day01-15:58,1,15,58,22.5,63.4,12.4,845.0,69.5,38.0,0,正常
Day01-15:59,1,15,59,22.8,60.2,12.1,890.0,73.3,38.3,0,正常
Day01-16:00,1,16,0,21.8,65.1,10.4,852.0,66.9,38.8,0,正常
Day01-16:01,1,16,1,22.2,66.9,9.1,855.0,67.8,38.2,0,正常
Day01-16:02,1,16,2,21.9,66.9,10.0,795.0,61.1,38.9,0,正常
Day01-16:03,1,16,3,22.2,65.4,9.0,762.0,59.8,38.8,0,正常
Day01-16:04,1,16,4,21.9,64.5,10.1,747.0,68.4,38.3,0,正常
Day01-16:05,1,16,5,22.2,67.3,12.4,739.0,65.5,38.2,0,正常
Day01-16:06,1,16,6,22.2,65.8,11.0,892.0,61.4,38.5,0,正常
Day01-16:07,1,16,7,22.2,65.0,11.4,773.0,69.5,38.5,0,正常
Day01-16:08,1,16,8,21.8,65.0,10.4,744.0,63.7,38.4,0,正常
Day01-16:09,1,16,9,22.2,66.9,10.8,843.0,65.0,38.2,0,正常
Day01-16:10,1,16,10,22.0,67.4,9.8,849.0,66.2,38.4,0,正常
Day01-16:11,1,16,11,21.8,65.0,10.1,825.0,61.6,39.2,0,正常
Day01-16:12,1,16,12,22.3,63.6,9.4,732.0,67.5,38.5,0,正常
Day01-16:13,1,16,13,21.5,63.3,9.6,799.0,66.0,38.3,0,正常
Day01-16:14,1,16,14,22.1,66.1,12.8,718.0,72.8,38.8,0,正常
Day01-16:15,1,16,15,22.2,65.0,8.5,839.0,59.2,38.6,0,正常
Day01-16:16,1,16,16,21.8,65.9,12.5,805.0,62.8,39.0,0,正常
Day01-16:17,1,16,17,22.3,61.8,10.1,804.0,69.8,39.2,0,正常
Day01-16:18,1,16,18,22.6,64.8,9.4,715.0,67.7,39.0,0,正常
Day01-16:19,1,16,19,21.7,67.0,9.6,741.0,61.9,38.5,0,正常
Day01-16:20,1,16,20,22.0,64.3,10.3,814.0,73.1,38.2,0,正常
Day01-16:21,1,16,21,21.9,64.9,9.4,739.0,68.3,38.9,0,正常
Day01-16:22,1,16,22,22.1,65.1,11.6,692.0,63.5,38.8,0,正常
Day01-16:23,1,16,23,22.1,63.9,10.5,621.0,56.8,38.2,0,正常
Day01-16:24,1,16,24,21.9,65.5,9.1,759.0,65.5,38.1,0,正常
Day01-16:25,1,16,25,21.9,63.6,8.7,796.0,62.9,39.3,0,正常
Day01-16:26,1,16,26,21.6,65.5,10.2,779.0,67.3,38.4,0,正常
Day01-16:27,1,16,27,21.8,66.1,9.3,791.0,67.6,38.7,0,正常
Day01-16:28,1,16,28,22.1,65.1,11.3,826.0,67.1,38.9,0,正常
Day01-16:29,1,16,29,22.5,64.8,10.1,791.0,69.9,38.4,0,正常
Day01-16:30,1,16,30,21.8,65.7,10.2,737.0,65.8,38.1,0,正常
Day01-16:31,1,16,31,21.8,65.3,9.1,873.0,62.6,38.3,0,正常
Day01-16:32,1,16,32,22.2,64.9,12.2,786.0,68.5,38.5,0,正常
Day01-16:33,1,16,33,22.1,66.4,10.8,737.0,55.5,38.7,0,正常
Day01-16:34,1,16,34,21.9,65.3,11.5,802.0,66.7,38.1,0,正常
Day01-16:35,1,16,35,22.5,66.0,11.3,804.0,76.4,38.2,0,正常
Day01-16:36,1,16,36,22.2,65.9,12.0,729.0,65.6,38.3,0,正常
Day01-16:37,1,16,37,21.9,64.3,10.7,760.0,74.7,38.6,0,正常
Day01-16:38,1,16,38,22.1,65.5,10.3,780.0,63.2,38.6,0,正常
Day01-16:39,1,16,39,21.8,66.1,9.2,740.0,65.9,38.6,0,正常
Day01-16:40,1,16,40,21.8,65.5,12.3,824.0,65.8,38.7,0,正常
Day01-16:41,1,16,41,22.2,65.8,13.3,800.0,59.9,38.3,0,正常
Day01-16:42,1,16,42,22.1,63.2,11.5,727.0,79.6,39.0,0,正常
Day01-16:43,1,16,43,22.2,64.5,9.1,790.0,63.8,37.9,0,正常
Day01-16:44,1,16,44,22.1,66.8,11.5,852.0,66.0,38.4,0,正常
Day01-16:45,1,16,45,21.9,65.2,11.2,778.0,65.6,39.1,0,正常
Day01-16:46,1,16,46,21.9,65.5,10.8,733.0,60.9,38.0,0,正常
Day01-16:47,1,16,47,21.5,63.9,9.9,679.0,63.7,38.4,0,正常
Day01-16:48,1,16,48,21.7,63.7,10.8,782.0,62.8,38.5,0,正常
Day01-16:49,1,16,49,21.8,62.7,10.1,659.0,62.9,38.5,0,正常
Day01-16:50,1,16,50,21.4,66.2,10.0,796.0,63.4,38.5,0,正常
Day01-16:51,1,16,51,22.1,64.8,9.8,762.0,64.5,38.6,0,正常
Day01-16:52,1,16,52,22.7,65.4,10.6,870.0,61.6,38.6,0,正常
Day01-16:53,1,16,53,22.3,65.0,12.6,785.0,64.5,38.7,0,正常
Day01-16:54,1,16,54,22.4,63.4,9.0,846.0,61.5,38.7,0,正常
Day01-16:55,1,16,55,22.3,64.9,10.8,879.0,64.7,38.4,0,正常
Day01-16:56,1,16,56,22.1,63.9,12.1,860.0,70.2,38.4,0,正常
Day01-16:57,1,16,57,22.4,63.9,9.6,731.0,65.5,38.5,0,正常
Day01-16:58,1,16,58,22.1,63.3,10.7,784.0,67.1,38.3,0,正常
Day01-16:59,1,16,59,22.1,62.8,9.3,706.0,54.4,38.9,0,正常
Day01-17:00,1,17,0,21.4,66.1,12.5,621.0,93.6,38.6,2284.0,正常
Day01-17:01,1,17,1,21.7,67.8,12.8,600.0,97.1,39.0,2149.0,正常
Day01-17:02,1,17,2,21.7,65.2,11.6,792.0,91.7,38.4,2033.0,正常
Day01-17:03,1,17,3,21.0,66.7,8.5,743.0,96.4,38.6,2080.0,正常
Day01-17:04,1,17,4,21.6,66.2,12.7,754.0,100,37.9,2319.0,正常
Day01-17:05,1,17,5,21.8,66.9,10.5,648.0,88.2,38.9,2158.0,正常
Day01-17:06,1,17,6,21.5,66.6,8.8,683.0,98.5,37.9,2065.0,正常
Day01-17:07,1,17,7,20.9,66.7,10.1,660.0,90.8,38.6,2145.0,正常
Day01-17:08,1,17,8,21.0,66.8,8.2,726.0,85.3,38.6,2074.0,正常
Day01-17:09,1,17,9,21.1,67.5,9.9,676.0,89.4,38.4,2223.0,正常
Day01-17:10,1,17,10,20.8,67.3,9.8,702.0,98.6,38.5,2159.0,正常
Day01-17:11,1,17,11,20.8,66.7,10.3,710.0,83.6,38.5,2237.0,正常
Day01-17:12,1,17,12,21.2,66.5,9.3,741.0,83.7,38.3,2374.0,正常
Day01-17:13,1,17,13,21.0,68.2,10.2,627.0,92.6,38.9,2227.0,正常
Day01-17:14,1,17,14,21.5,67.5,11.0,787.0,91.0,38.4,2231.0,正常
Day01-17:15,1,17,15,21.6,67.2,9.4,688.0,89.4,38.5,2071.0,正常
Day01-17:16,1,17,16,21.3,67.7,10.6,695.0,94.2,39.0,2275.0,正常
Day01-17:17,1,17,17,21.2,67.5,11.1,746.0,91.4,38.6,2185.0,正常
Day01-17:18,1,17,18,21.0,66.5,9.7,576.0,95.1,38.4,2260.0,正常
Day01-17:19,1,17,19,21.3,67.1,9.8,704.0,87.8,38.2,2414.0,正常
Day01-17:20,1,17,20,21.1,66.1,7.8,643.0,99.6,38.7,2081.0,正常
Day01-17:21,1,17,21,21.5,68.5,11.4,618.0,87.6,38.9,2129.0,正常
Day01-17:22,1,17,22,21.0,67.3,10.2,739.0,85.6,38.0,2172.0,正常
Day01-17:23,1,17,23,21.0,66.0,9.8,656.0,95.0,39.1,2288.0,正常
Day01-17:24,1,17,24,21.2,66.2,7.9,623.0,94.0,38.8,2290.0,正常
Day01-17:25,1,17,25,21.1,68.0,9.7,650.0,94.6,38.4,2223.0,正常
Day01-17:26,1,17,26,21.3,66.5,10.7,764.0,89.8,38.0,1963.0,正常
Day01-17:27,1,17,27,21.3,66.6,10.2,787.0,90.6,38.8,2332.0,正常
Day01-17:28,1,17,28,21.4,67.8,10.1,708.0,86.9,38.4,2311.0,正常
Day01-17:29,1,17,29,21.5,68.8,9.8,749.0,91.4,38.2,2152.0,正常
Day01-17:30,1,17,30,21.5,67.1,11.0,706.0,100,38.2,2064.0,正常
Day01-17:31,1,17,31,21.3,67.2,9.0,722.0,94.9,38.4,2315.0,正常
Day01-17:32,1,17,32,21.2,66.5,8.2,678.0,91.7,38.3,2183.0,正常
Day01-17:33,1,17,33,21.4,67.0,11.9,693.0,91.2,37.6,2149.0,正常
Day01-17:34,1,17,34,21.7,67.1,10.1,707.0,97.0,38.4,2182.0,正常
Day01-17:35,1,17,35,21.6,69.3,8.6,716.0,87.7,38.4,2462.0,正常
Day01-17:36,1,17,36,20.9,66.5,11.2,712.0,96.7,38.6,2190.0,正常
Day01-17:37,1,17,37,21.2,68.1,12.0,788.0,80.7,38.7,2213.0,正常
Day01-17:38,1,17,38,21.1,66.7,8.0,658.0,87.3,38.2,2132.0,正常
Day01-17:39,1,17,39,21.0,66.2,10.6,721.0,82.6,38.6,2102.0,正常
Day01-17:40,1,17,40,21.5,66.8,10.1,797.0,97.4,37.5,2058.0,正常
Day01-17:41,1,17,41,21.4,67.6,12.0,769.0,83.9,38.6,2137.0,正常
Day01-17:42,1,17,42,21.5,68.0,8.9,757.0,96.7,38.4,2165.0,正常
Day01-17:43,1,17,43,21.0,67.2,8.5,726.0,86.6,38.2,2233.0,正常
Day01-17:44,1,17,44,21.4,65.4,5.6,708.0,87.2,38.7,2287.0,正常
Day01-17:45,1,17,45,21.3,67.0,9.2,714.0,90.1,37.7,2234.0,正常
Day01-17:46,1,17,46,21.6,66.4,9.4,728.0,85.5,38.6,2191.0,正常
Day01-17:47,1,17,47,21.3,66.1,10.2,679.0,86.6,38.6,2249.0,正常
Day01-17:48,1,17,48,21.0,68.8,12.0,790.0,98.2,38.7,2079.0,正常
Day01-17:49,1,17,49,21.2,68.5,9.4,659.0,86.5,38.2,2127.0,正常
Day01-17:50,1,17,50,20.8,67.2,13.0,746.0,94.7,38.5,2265.0,正常
Day01-17:51,1,17,51,21.0,68.5,8.9,574.0,98.3,38.5,2144.0,正常
Day01-17:52,1,17,52,21.2,66.9,8.3,701.0,83.5,37.9,2345.0,正常
Day01-17:53,1,17,53,21.3,66.5,9.9,695.0,84.3,38.3,2345.0,正常
Day01-17:54,1,17,54,21.1,66.3,9.7,647.0,87.9,38.3,2199.0,正常
Day01-17:55,1,17,55,21.6,65.4,9.1,605.0,84.5,38.9,2018.0,正常
Day01-17:56,1,17,56,20.7,68.3,8.4,784.0,90.7,38.7,2231.0,正常
Day01-17:57,1,17,57,21.0,67.5,11.0,668.0,96.7,38.4,2145.0,正常
Day01-17:58,1,17,58,21.2,66.3,11.3,726.0,91.1,38.3,2354.0,正常
Day01-17:59,1,17,59,21.2,67.2,12.2,808.0,99.8,38.6,2140.0,正常
Day01-18:00,1,18,0,19.9,69.6,10.0,633.0,82.7,38.9,0,正常
Day01-18:01,1,18,1,20.7,68.1,10.5,586.0,87.2,38.0,0,正常
Day01-18:02,1,18,2,20.5,67.7,12.2,644.0,92.8,38.2,0,正常
Day01-18:03,1,18,3,20.3,68.5,9.8,560.0,82.7,37.7,0,正常
Day01-18:04,1,18,4,20.1,67.9,8.6,595.0,92.5,38.6,0,正常
Day01-18:05,1,18,5,20.2,70.9,9.0,615.0,95.3,38.7,0,正常
Day01-18:06,1,18,6,20.7,69.4,9.7,609.0,92.2,38.2,0,正常
Day01-18:07,1,18,7,20.5,67.7,8.1,634.0,93.5,38.5,0,正常
Day01-18:08,1,18,8,20.5,69.7,9.5,589.0,82.3,38.7,0,正常
Day01-18:09,1,18,9,20.2,69.5,7.6,599.0,98.9,38.9,0,正常
Day01-18:10,1,18,10,20.1,68.6,10.3,552.0,77.6,38.1,0,正常
Day01-18:11,1,18,11,20.6,69.3,8.8,537.0,91.9,38.9,0,正常
Day01-18:12,1,18,12,20.5,69.8,12.0,566.0,97.9,38.4,0,正常
Day01-18:13,1,18,13,20.6,68.9,8.5,633.0,90.8,38.5,0,正常
Day01-18:14,1,18,14,20.8,68.4,10.4,610.0,82.2,38.3,0,正常
Day01-18:15,1,18,15,20.5,68.6,10.9,546.0,92.1,38.6,0,正常
Day01-18:16,1,18,16,20.5,67.9,11.9,540.0,86.2,38.3,0,正常
Day01-18:17,1,18,17,20.2,68.0,8.6,564.0,93.6,38.2,0,正常
Day01-18:18,1,18,18,20.6,70.7,8.3,602.0,95.2,38.5,0,正常
Day01-18:19,1,18,19,20.8,69.5,8.8,597.0,93.0,39.0,0,正常
Day01-18:20,1,18,20,20.8,69.5,8.1,649.0,82.5,38.3,0,正常
Day01-18:21,1,18,21,20.5,68.4,7.9,611.0,87.1,38.5,0,正常
Day01-18:22,1,18,22,20.3,69.9,9.3,552.0,91.1,39.0,0,正常
Day01-18:23,1,18,23,20.8,67.0,9.7,641.0,91.3,38.5,0,正常
Day01-18:24,1,18,24,20.7,70.1,8.7,594.0,91.5,38.9,0,正常
Day01-18:25,1,18,25,21.0,70.0,12.4,539.0,89.4,38.4,0,正常
Day01-18:26,1,18,26,20.5,70.6,10.7,636.0,87.7,38.3,0,正常
Day01-18:27,1,18,27,20.3,68.9,10.2,563.0,88.4,38.1,0,正常
Day01-18:28,1,18,28,20.1,67.3,9.1,554.0,91.0,38.7,0,正常
Day01-18:29,1,18,29,20.5,68.9,8.5,549.0,85.6,38.1,0,正常
Day01-18:30,1,18,30,20.4,68.2,9.6,650.0,90.6,38.3,0,正常
Day01-18:31,1,18,31,20.3,66.9,8.9,564.0,90.9,38.3,0,正常
Day01-18:32,1,18,32,20.5,69.3,10.9,614.0,97.7,38.8,0,正常
Day01-18:33,1,18,33,20.4,69.1,10.7,536.0,78.2,38.4,0,正常
Day01-18:34,1,18,34,20.2,68.5,10.9,732.0,92.6,38.9,0,正常
Day01-18:35,1,18,35,20.5,69.2,10.8,606.0,87.6,38.5,0,正常
Day01-18:36,1,18,36,21.1,69.0,9.0,537.0,100,38.2,0,正常
Day01-18:37,1,18,37,21.0,70.3,11.3,504.0,93.4,38.2,0,正常
Day01-18:38,1,18,38,21.1,70.2,10.7,593.0,98.0,38.7,0,正常
Day01-18:39,1,18,39,20.3,68.6,11.0,625.0,91.4,38.3,0,正常
Day01-18:40,1,18,40,20.8,68.6,8.4,574.0,89.1,38.4,0,正常
Day01-18:41,1,18,41,21.2,67.6,8.9,528.0,87.8,38.5,0,正常
Day01-18:42,1,18,42,20.6,69.0,7.9,663.0,92.6,38.6,0,正常
Day01-18:43,1,18,43,20.1,68.6,9.5,583.0,88.7,38.6,0,正常
Day01-18:44,1,18,44,20.5,68.2,9.1,657.0,89.0,39.0,0,正常
Day01-18:45,1,18,45,21.0,70.1,10.5,582.0,93.3,38.4,0,正常
Day01-18:46,1,18,46,20.9,69.8,10.8,607.0,84.1,38.2,0,正常
Day01-18:47,1,18,47,20.2,69.5,9.9,576.0,90.2,38.0,0,正常
Day01-18:48,1,18,48,20.5,68.9,12.0,595.0,86.0,38.7,0,正常
Day01-18:49,1,18,49,20.2,68.7,9.6,627.0,84.9,38.4,0,正常
Day01-18:50,1,18,50,20.4,71.0,8.0,491.0,100,37.9,0,正常
Day01-18:51,1,18,51,20.7,68.0,5.5,583.0,87.2,38.6,0,正常
Day01-18:52,1,18,52,20.1,68.8,9.7,596.0,79.6,38.3,0,正常
Day01-18:53,1,18,53,20.4,68.3,7.7,553.0,97.0,38.3,0,正常
Day01-18:54,1,18,54,19.8,69.8,8.6,651.0,88.2,38.3,0,正常
Day01-18:55,1,18,55,20.6,67.6,11.7,607.0,79.8,38.6,0,正常
Day01-18:56,1,18,56,20.4,67.6,7.7,543.0,90.8,37.8,0,正常
Day01-18:57,1,18,57,20.6,69.1,9.9,582.0,99.9,38.8,0,正常
Day01-18:58,1,18,58,20.1,67.2,7.7,631.0,95.0,38.5,0,正常
Day01-18:59,1,18,59,20.0,67.9,8.7,591.0,92.8,38.5,0,正常
Day01-19:00,1,19,0,19.8,71.1,8.2,510.0,7.9,39.0,0,正常
Day01-19:01,1,19,1,19.6,71.7,6.4,427.0,9.4,38.3,0,正常
Day01-19:02,1,19,2,20.1,72.4,9.0,496.0,20.9,38.5,0,正常
Day01-19:03,1,19,3,20.1,69.4,7.1,432.0,9.4,38.4,0,正常
Day01-19:04,1,19,4,19.9,71.2,8.8,451.0,15.3,38.6,0,正常
Day01-19:05,1,19,5,20.4,70.6,8.7,582.0,11.4,38.2,0,正常
Day01-19:06,1,19,6,19.8,72.7,10.7,430.0,24.4,38.4,0,正常
Day01-19:07,1,19,7,19.8,69.9,7.5,506.0,17.8,37.8,0,正常
Day01-19:08,1,19,8,19.7,69.5,7.0,616.0,9.2,38.5,0,正常
Day01-19:09,1,19,9,19.5,69.7,7.1,469.0,21.4,38.7,0,正常
Day01-19:10,1,19,10,19.5,70.6,7.1,519.0,14.9,38.3,0,正常
Day01-19:11,1,19,11,19.9,70.4,9.9,539.0,7.7,38.2,0,正常
Day01-19:12,1,19,12,19.6,70.7,9.7,564.0,11.3,38.6,0,正常
Day01-19:13,1,19,13,19.7,69.3,9.9,433.0,12.9,38.0,0,正常
Day01-19:14,1,19,14,19.7,70.4,8.5,552.0,10.2,38.3,0,正常
Day01-19:15,1,19,15,20.1,70.6,7.7,469.0,6.7,38.8,0,正常
Day01-19:16,1,19,16,19.8,70.7,9.4,531.0,13.1,38.0,0,正常
Day01-19:17,1,19,17,19.4,70.2,8.6,508.0,16.4,38.4,0,正常
Day01-19:18,1,19,18,19.5,69.6,7.5,492.0,13.2,38.5,0,正常
Day01-19:19,1,19,19,20.1,71.8,9.0,437.0,16.6,38.9,0,正常
Day01-19:20,1,19,20,19.5,70.8,8.7,455.0,22.0,38.1,0,正常
Day01-19:21,1,19,21,20.0,71.4,6.6,577.0,13.3,38.8,0,正常
Day01-19:22,1,19,22,19.8,70.0,8.8,499.0,11.5,38.7,0,正常
Day01-19:23,1,19,23,19.7,71.4,8.6,476.0,15.4,38.0,0,正常
Day01-19:24,1,19,24,20.0,69.5,11.0,465.0,14.7,38.2,0,正常
Day01-19:25,1,19,25,19.8,69.7,10.6,445.0,5.7,37.8,0,正常
Day01-19:26,1,19,26,19.4,70.8,7.9,549.0,14.6,38.8,0,正常
Day01-19:27,1,19,27,19.7,72.0,7.9,581.0,17.6,38.0,0,正常
Day01-19:28,1,19,28,20.3,71.2,9.0,431.0,18.5,38.7,0,正常
Day01-19:29,1,19,29,19.8,71.0,11.7,528.0,16.6,38.1,0,正常
Day01-19:30,1,19,30,19.7,68.6,11.1,494.0,9.6,39.2,0,正常
Day01-19:31,1,19,31,19.8,70.0,8.3,469.0,21.6,38.9,0,正常
Day01-19:32,1,19,32,19.6,71.4,9.9,535.0,12.7,38.5,0,正常
Day01-19:33,1,19,33,19.9,72.0,7.7,470.0,10.9,38.3,0,正常
Day01-19:34,1,19,34,20.2,70.5,8.8,539.0,14.7,38.3,0,正常
Day01-19:35,1,19,35,20.0,69.8,9.0,606.0,14.1,38.6,0,正常
Day01-19:36,1,19,36,19.7,70.4,10.4,488.0,11.9,38.3,0,正常
Day01-19:37,1,19,37,20.2,71.6,9.0,332.0,16.7,38.6,0,正常
Day01-19:38,1,19,38,19.9,69.9,10.4,497.0,22.7,38.8,0,正常
Day01-19:39,1,19,39,19.9,69.3,10.2,561.0,20.0,38.6,0,正常
Day01-19:40,1,19,40,19.9,70.1,10.1,480.0,14.5,38.9,0,正常
Day01-19:41,1,19,41,19.7,70.3,7.5,494.0,12.7,38.8,0,正常
Day01-19:42,1,19,42,20.2,71.1,8.0,610.0,23.4,38.3,0,正常
Day01-19:43,1,19,43,20.0,69.8,8.4,552.0,11.6,37.8,0,正常
Day01-19:44,1,19,44,19.7,69.2,11.1,527.0,20.2,38.7,0,正常
Day01-19:45,1,19,45,20.0,71.7,10.3,445.0,13.2,38.7,0,正常
Day01-19:46,1,19,46,20.0,71.4,9.0,490.0,18.1,38.3,0,正常
Day01-19:47,1,19,47,20.0,71.4,8.4,441.0,4.0,38.4,0,正常
Day01-19:48,1,19,48,19.3,71.5,7.6,478.0,18.6,38.2,0,正常
Day01-19:49,1,19,49,20.1,72.1,8.2,616.0,12.3,38.2,0,正常
Day01-19:50,1,19,50,20.1,70.3,7.6,461.0,17.9,38.2,0,正常
Day01-19:51,1,19,51,20.0,72.8,9.0,544.0,13.0,38.5,0,正常
Day01-19:52,1,19,52,19.7,70.1,9.5,467.0,18.8,39.0,0,正常
Day01-19:53,1,19,53,19.8,69.6,8.4,472.0,19.0,38.4,0,正常
Day01-19:54,1,19,54,20.3,70.2,10.0,559.0,10.0,37.8,0,正常
Day01-19:55,1,19,55,20.0,70.8,8.0,521.0,13.6,38.2,0,正常
Day01-19:56,1,19,56,20.5,69.6,9.1,438.0,14.6,38.5,0,正常
Day01-19:57,1,19,57,20.1,69.8,7.7,499.0,18.4,38.7,0,正常
Day01-19:58,1,19,58,19.9,71.2,6.3,616.0,15.5,38.2,0,正常
Day01-19:59,1,19,59,20.2,70.4,9.5,525.0,20.0,38.8,0,正常
Day01-20:00,1,20,0,20.0,71.4,8.3,397.0,11.9,38.9,0,正常
Day01-20:01,1,20,1,19.1,71.8,7.7,417.0,18.7,38.1,0,正常
Day01-20:02,1,20,2,19.9,70.6,9.5,363.0,11.5,38.9,0,正常
Day01-20:03,1,20,3,19.0,71.8,8.3,330.0,17.7,38.9,0,正常
Day01-20:04,1,20,4,19.3,73.1,9.6,372.0,16.7,37.8,0,正常
Day01-20:05,1,20,5,19.5,71.5,6.8,365.0,8.8,38.3,0,正常
Day01-20:06,1,20,6,19.6,71.3,12.0,392.0,12.3,38.6,0,正常
Day01-20:07,1,20,7,19.6,71.5,6.4,501.0,8.7,38.5,0,正常
Day01-20:08,1,20,8,19.6,70.5,8.2,402.0,10.9,38.4,0,正常
Day01-20:09,1,20,9,19.3,73.1,9.4,354.0,8.5,38.6,0,正常
Day01-20:10,1,20,10,19.6,71.0,8.7,288.0,10.1,38.6,0,正常
Day01-20:11,1,20,11,19.3,71.4,6.7,366.0,9.8,38.6,0,正常
Day01-20:12,1,20,12,19.3,73.9,3.7,465.0,10.4,38.4,0,正常
Day01-20:13,1,20,13,19.2,70.3,6.5,425.0,6.3,38.4,0,正常
Day01-20:14,1,20,14,19.0,73.4,7.9,500.0,15.8,38.5,0,正常
Day01-20:15,1,20,15,19.3,73.3,8.6,394.0,13.7,38.0,0,正常
Day01-20:16,1,20,16,19.8,72.8,7.4,437.0,13.1,38.4,0,正常
Day01-20:17,1,20,17,19.8,72.2,6.5,458.0,14.6,38.8,0,正常
Day01-20:18,1,20,18,19.3,72.2,6.9,392.0,19.2,38.5,0,正常
Day01-20:19,1,20,19,19.3,71.9,8.3,323.0,12.0,38.2,0,正常
Day01-20:20,1,20,20,19.2,71.2,6.6,333.0,20.8,38.7,0,正常
Day01-20:21,1,20,21,19.4,73.4,7.1,519.0,9.5,38.5,0,正常
Day01-20:22,1,20,22,18.8,70.9,4.2,356.0,7.5,38.4,0,正常
Day01-20:23,1,20,23,20.1,72.7,10.1,305.0,11.1,38.3,0,正常
Day01-20:24,1,20,24,19.6,72.2,6.0,450.0,16.1,38.5,0,正常
Day01-20:25,1,20,25,19.7,73.7,6.6,318.0,12.0,38.1,0,正常
Day01-20:26,1,20,26,19.6,70.7,10.4,471.0,13.9,38.3,0,正常
Day01-20:27,1,20,27,19.1,72.6,7.0,305.0,9.6,38.5,0,正常
Day01-20:28,1,20,28,19.1,71.9,6.6,413.0,16.1,38.3,0,正常
Day01-20:29,1,20,29,18.9,71.7,8.1,479.0,15.3,38.8,0,正常
Day01-20:30,1,20,30,19.7,73.0,9.6,342.0,9.3,38.4,0,正常
Day01-20:31,1,20,31,18.8,72.2,5.6,360.0,6.4,38.5,0,正常
Day01-20:32,1,20,32,20.1,72.1,7.0,364.0,11.8,38.1,0,正常
Day01-20:33,1,20,33,19.4,72.3,9.7,365.0,18.2,38.6,0,正常
Day01-20:34,1,20,34,19.6,72.6,7.9,322.0,18.9,38.4,0,正常
Day01-20:35,1,20,35,19.0,72.2,7.8,403.0,21.0,38.6,0,正常
Day01-20:36,1,20,36,19.3,71.5,8.8,352.0,23.0,37.8,0,正常
Day01-20:37,1,20,37,19.8,72.9,6.6,400.0,14.1,38.4,0,正常
Day01-20:38,1,20,38,19.2,71.5,7.6,423.0,2.8,39.0,0,正常
Day01-20:39,1,20,39,19.3,73.5,5.7,390.0,19.4,38.1,0,正常
Day01-20:40,1,20,40,19.2,73.1,10.1,393.0,14.7,38.2,0,正常
Day01-20:41,1,20,41,19.6,71.1,6.9,334.0,18.5,38.3,0,正常
Day01-20:42,1,20,42,19.2,73.7,9.9,327.0,15.2,38.8,0,正常
Day01-20:43,1,20,43,19.5,72.2,8.4,439.0,18.9,38.4,0,正常
Day01-20:44,1,20,44,19.3,72.9,7.9,485.0,14.7,38.4,0,正常
Day01-20:45,1,20,45,19.5,71.8,8.8,390.0,8.9,38.2,0,正常
Day01-20:46,1,20,46,19.5,71.8,8.1,380.0,11.8,38.7,0,正常
Day01-20:47,1,20,47,19.9,71.4,7.9,301.0,18.5,38.4,0,正常
Day01-20:48,1,20,48,19.6,71.9,7.6,433.0,18.1,38.7,0,正常
Day01-20:49,1,20,49,19.1,71.8,8.7,417.0,14.3,37.9,0,正常
Day01-20:50,1,20,50,19.5,72.8,11.3,349.0,9.7,38.8,0,正常
Day01-20:51,1,20,51,19.2,71.7,5.7,407.0,14.2,38.9,0,正常
Day01-20:52,1,20,52,19.4,71.8,8.9,381.0,15.7,39.0,0,正常
Day01-20:53,1,20,53,19.1,72.1,10.7,456.0,13.2,38.5,0,正常
Day01-20:54,1,20,54,19.5,72.8,12.4,460.0,15.8,38.4,0,正常
Day01-20:55,1,20,55,19.7,70.9,8.5,411.0,14.0,37.8,0,正常
Day01-20:56,1,20,56,19.4,73.2,9.5,420.0,12.1,38.1,0,正常
Day01-20:57,1,20,57,19.3,71.1,7.4,442.0,18.8,38.8,0,正常
Day01-20:58,1,20,58,19.3,70.8,6.5,452.0,13.4,38.4,0,正常
Day01-20:59,1,20,59,19.2,72.5,7.6,359.0,14.7,38.5,0,正常
Day01-21:00,1,21,0,19.0,73.8,6.9,415.0,16.1,38.6,0,正常
Day01-21:01,1,21,1,19.0,73.2,6.1,368.0,20.1,38.2,0,正常
Day01-21:02,1,21,2,18.9,73.6,7.1,314.0,15.9,38.4,0,正常
Day01-21:03,1,21,3,19.4,71.6,8.9,342.0,13.9,38.8,0,正常
Day01-21:04,1,21,4,19.5,74.2,7.0,471.0,11.0,38.8,0,正常
Day01-21:05,1,21,5,19.0,72.0,6.2,316.0,19.3,38.8,0,正常
Day01-21:06,1,21,6,19.8,71.5,5.4,377.0,5.5,38.2,0,正常
Day01-21:07,1,21,7,19.4,73.6,4.2,291.0,13.0,38.1,0,正常
Day01-21:08,1,21,8,19.2,73.6,5.9,326.0,15.1,38.8,0,正常
Day01-21:09,1,21,9,19.0,73.9,6.1,309.0,17.8,39.2,0,正常
Day01-21:10,1,21,10,19.0,73.7,6.5,265.0,22.6,38.2,0,正常
Day01-21:11,1,21,11,18.9,73.4,8.1,323.0,5.5,38.3,0,正常
Day01-21:12,1,21,12,18.8,73.1,5.9,326.0,21.5,38.0,0,正常
Day01-21:13,1,21,13,18.9,72.3,5.2,314.0,13.6,38.6,0,正常
Day01-21:14,1,21,14,18.3,73.1,7.2,371.0,17.6,38.5,0,正常
Day01-21:15,1,21,15,19.1,73.0,6.0,331.0,5.6,38.6,0,正常
Day01-21:16,1,21,16,19.6,71.6,8.8,318.0,14.4,38.1,0,正常
Day01-21:17,1,21,17,19.1,72.8,7.4,340.0,16.8,38.7,0,正常
Day01-21:18,1,21,18,19.2,74.2,7.2,324.0,25.3,38.2,0,正常
Day01-21:19,1,21,19,19.3,73.1,6.1,340.0,19.6,38.0,0,正常
Day01-21:20,1,21,20,18.7,71.7,6.0,434.0,12.1,38.6,0,正常
Day01-21:21,1,21,21,19.0,70.3,7.8,262.0,11.4,38.4,0,正常
Day01-21:22,1,21,22,18.9,73.0,7.7,282.0,14.0,38.7,0,正常
Day01-21:23,1,21,23,19.5,73.3,5.6,196.0,13.7,38.1,0,正常
Day01-21:24,1,21,24,19.4,71.5,9.5,338.0,15.7,38.8,0,正常
Day01-21:25,1,21,25,19.0,73.7,7.3,280.0,15.8,39.0,0,正常
Day01-21:26,1,21,26,19.3,71.6,6.3,242.0,16.8,38.4,0,正常
Day01-21:27,1,21,27,19.2,72.6,8.6,359.0,14.1,38.9,0,正常
Day01-21:28,1,21,28,18.7,71.1,7.6,392.0,26.7,38.4,0,正常
Day01-21:29,1,21,29,19.0,74.4,4.9,325.0,12.1,38.4,0,正常
Day01-21:30,1,21,30,18.9,77.2,9.4,262.0,13.7,38.9,0,正常
Day01-21:31,1,21,31,18.7,74.3,8.1,476.0,16.8,38.1,0,正常
Day01-21:32,1,21,32,19.6,72.7,6.2,318.0,21.9,38.1,0,正常
Day01-21:33,1,21,33,18.8,73.7,7.3,348.0,12.1,38.7,0,正常
Day01-21:34,1,21,34,19.2,73.6,6.6,408.0,15.7,38.9,0,正常
Day01-21:35,1,21,35,19.5,72.7,8.2,338.0,29.1,38.6,0,正常
Day01-21:36,1,21,36,19.3,74.0,8.4,330.0,14.8,38.2,0,正常
Day01-21:37,1,21,37,19.7,72.0,7.3,325.0,6.0,38.8,0,正常
Day01-21:38,1,21,38,19.2,71.3,7.2,361.0,14.4,38.7,0,正常
Day01-21:39,1,21,39,19.6,73.5,3.6,324.0,9.2,38.2,0,正常
Day01-21:40,1,21,40,18.9,73.2,7.2,290.0,10.7,39.0,0,正常
Day01-21:41,1,21,41,19.3,72.4,10.2,313.0,10.1,38.3,0,正常
Day01-21:42,1,21,42,18.9,71.4,5.0,389.0,11.2,38.7,0,正常
Day01-21:43,1,21,43,19.1,73.1,5.3,340.0,17.2,37.9,0,正常
Day01-21:44,1,21,44,18.8,74.2,8.0,295.0,14.2,38.4,0,正常
Day01-21:45,1,21,45,19.5,72.7,5.1,318.0,12.5,38.2,0,正常
Day01-21:46,1,21,46,19.1,72.6,6.3,261.0,17.6,38.3,0,正常
Day01-21:47,1,21,47,19.6,73.4,7.2,389.0,17.7,38.5,0,正常
Day01-21:48,1,21,48,19.5,71.3,8.4,252.0,14.2,38.7,0,正常
Day01-21:49,1,21,49,19.4,70.6,10.2,328.0,11.6,38.7,0,正常
Day01-21:50,1,21,50,19.1,69.2,7.7,265.0,8.6,38.6,0,正常
Day01-21:51,1,21,51,19.3,72.9,8.0,349.0,10.6,39.0,0,正常
Day01-21:52,1,21,52,19.2,73.3,8.9,212.0,6.0,38.7,0,正常
Day01-21:53,1,21,53,18.6,73.4,8.3,281.0,20.2,38.3,0,正常
Day01-21:54,1,21,54,19.3,73.5,8.1,317.0,22.2,38.6,0,正常
Day01-21:55,1,21,55,19.3,72.9,5.7,262.0,14.3,38.9,0,正常
Day01-21:56,1,21,56,18.6,72.2,10.1,313.0,11.5,38.0,0,正常
Day01-21:57,1,21,57,18.8,73.7,5.8,283.0,2.3,38.8,0,正常
Day01-21:58,1,21,58,19.5,72.9,7.3,322.0,10.9,38.4,0,正常
Day01-21:59,1,21,59,18.6,74.7,5.2,283.0,13.4,38.3,0,正常
Day01-22:00,1,22,0,19.3,72.0,4.8,244.0,8.6,38.3,0,正常
Day01-22:01,1,22,1,19.0,72.0,5.0,263.0,8.4,38.5,0,正常
Day01-22:02,1,22,2,18.7,73.8,4.7,245.0,3.1,38.7,0,正常
Day01-22:03,1,22,3,19.3,72.8,6.5,246.0,17.6,39.1,0,正常
Day01-22:04,1,22,4,19.2,73.9,6.4,283.0,11.0,37.7,0,正常
Day01-22:05,1,22,5,19.2,73.1,7.4,221.0,14.1,38.4,0,正常
Day01-22:06,1,22,6,18.2,71.1,7.5,244.0,14.4,38.3,0,正常
Day01-22:07,1,22,7,18.4,71.9,5.9,284.0,21.8,38.6,0,正常
Day01-22:08,1,22,8,19.2,73.6,7.4,180.0,16.2,38.8,0,正常
Day01-22:09,1,22,9,19.0,73.1,3.5,185.0,15.2,38.3,0,正常
Day01-22:10,1,22,10,18.6,72.3,10.1,183.0,17.3,37.7,0,正常
Day01-22:11,1,22,11,19.1,73.6,5.8,334.0,12.0,38.1,0,正常
Day01-22:12,1,22,12,19.4,72.7,7.5,225.0,9.1,38.2,0,正常
Day01-22:13,1,22,13,19.0,72.3,5.1,211.0,10.0,38.0,0,正常
Day01-22:14,1,22,14,18.2,72.8,7.7,255.0,22.3,38.6,0,正常
Day01-22:15,1,22,15,19.3,72.4,6.9,343.0,20.0,38.5,0,正常
Day01-22:16,1,22,16,19.6,72.0,8.0,231.0,17.4,38.5,0,正常
Day01-22:17,1,22,17,19.4,73.2,6.1,272.0,15.4,38.6,0,正常
Day01-22:18,1,22,18,19.1,72.0,5.4,242.0,7.7,38.5,0,正常
Day01-22:19,1,22,19,19.3,73.0,6.2,218.0,5.8,38.9,0,正常
Day01-22:20,1,22,20,19.0,73.3,7.5,205.0,15.7,38.3,0,正常
Day01-22:21,1,22,21,19.4,71.9,6.7,241.0,15.2,38.9,0,正常
Day01-22:22,1,22,22,18.8,75.3,7.3,107.0,21.7,38.3,0,正常
Day01-22:23,1,22,23,18.6,72.6,9.9,241.0,12.7,38.3,0,正常
Day01-22:24,1,22,24,19.0,73.5,6.3,264.0,14.6,38.5,0,正常
Day01-22:25,1,22,25,19.1,72.5,6.0,274.0,19.1,38.6,0,正常
Day01-22:26,1,22,26,18.6,72.3,8.7,260.0,10.9,38.9,0,正常
Day01-22:27,1,22,27,19.3,73.6,8.8,246.0,8.0,38.8,0,正常
Day01-22:28,1,22,28,19.3,72.6,9.4,224.0,21.0,38.4,0,正常
Day01-22:29,1,22,29,19.2,75.6,8.3,357.0,6.9,38.5,0,正常
Day01-22:30,1,22,30,18.7,73.7,4.8,238.0,16.6,38.1,0,正常
Day01-22:31,1,22,31,19.5,73.9,7.0,244.0,17.8,38.7,0,正常
Day01-22:32,1,22,32,19.2,72.5,7.6,253.0,14.9,38.8,0,正常
Day01-22:33,1,22,33,18.8,72.4,9.3,283.0,10.9,38.7,0,正常
Day01-22:34,1,22,34,19.3,74.8,5.5,273.0,21.6,37.9,0,正常
Day01-22:35,1,22,35,19.0,70.8,6.5,164.0,11.4,38.5,0,正常
Day01-22:36,1,22,36,19.2,75.1,6.9,309.0,15.8,38.2,0,正常
Day01-22:37,1,22,37,18.9,71.4,4.7,201.0,16.8,38.5,0,正常
Day01-22:38,1,22,38,18.7,71.3,8.1,183.0,15.5,38.7,0,正常
Day01-22:39,1,22,39,18.7,71.8,5.2,265.0,12.8,38.2,0,正常
Day01-22:40,1,22,40,19.2,73.6,7.3,281.0,17.5,38.4,0,正常
Day01-22:41,1,22,41,19.0,71.9,8.3,243.0,7.6,38.7,0,正常
Day01-22:42,1,22,42,19.0,73.5,5.0,232.0,15.0,38.5,0,正常
Day01-22:43,1,22,43,18.8,73.0,6.2,244.0,19.1,38.7,0,正常
Day01-22:44,1,22,44,19.9,72.6,7.3,288.0,9.0,38.1,0,正常
Day01-22:45,1,22,45,19.7,73.3,7.2,267.0,14.3,38.5,0,正常
Day01-22:46,1,22,46,18.9,72.2,8.2,220.0,21.3,38.2,0,正常
Day01-22:47,1,22,47,19.2,74.3,5.9,182.0,12.8,38.5,0,正常
Day01-22:48,1,22,48,19.4,73.4,6.1,193.0,13.5,38.1,0,正常
Day01-22:49,1,22,49,18.7,73.5,6.0,203.0,11.4,38.2,0,正常
Day01-22:50,1,22,50,18.7,73.0,6.5,314.0,14.7,38.8,0,正常
Day01-22:51,1,22,51,19.0,71.4,8.2,237.0,13.4,38.3,0,正常
Day01-22:52,1,22,52,18.6,74.0,4.1,235.0,18.9,38.6,0,正常
Day01-22:53,1,22,53,18.8,74.0,8.4,196.0,9.1,38.4,0,正常
Day01-22:54,1,22,54,18.9,73.4,5.3,221.0,11.8,38.5,0,正常
Day01-22:55,1,22,55,18.8,71.7,7.2,230.0,19.5,38.3,0,正常
Day01-22:56,1,22,56,18.9,73.3,8.4,247.0,17.4,38.2,0,正常
Day01-22:57,1,22,57,19.1,72.5,5.2,199.0,16.2,38.1,0,正常
Day01-22:58,1,22,58,18.7,72.5,5.3,292.0,18.8,38.0,0,正常
Day01-22:59,1,22,59,18.9,73.8,8.6,285.0,18.0,38.2,0,正常
Day01-23:00,1,23,0,18.6,72.9,5.5,149.0,11.6,37.8,0,正常
Day01-23:01,1,23,1,19.1,73.4,6.7,203.0,15.3,38.3,0,正常
Day01-23:02,1,23,2,18.7,72.5,6.5,188.0,19.8,38.6,0,正常
Day01-23:03,1,23,3,19.3,73.1,4.7,218.0,11.8,38.9,0,正常
Day01-23:04,1,23,4,18.7,72.8,7.7,178.0,11.4,38.7,0,正常
Day01-23:05,1,23,5,18.7,73.1,6.7,183.0,16.4,38.3,0,正常
Day01-23:06,1,23,6,18.8,71.9,4.1,222.0,7.3,38.4,0,正常
Day01-23:07,1,23,7,19.3,71.9,5.6,256.0,12.2,38.1,0,正常
Day01-23:08,1,23,8,19.1,72.4,7.7,245.0,18.2,38.2,0,正常
Day01-23:09,1,23,9,19.1,74.6,4.2,225.0,16.0,38.4,0,正常
Day01-23:10,1,23,10,18.8,72.1,4.7,271.0,18.0,38.2,0,正常
Day01-23:11,1,23,11,19.3,73.4,9.0,234.0,18.9,38.2,0,正常
Day01-23:12,1,23,12,18.9,72.1,6.1,147.0,14.9,38.0,0,正常
Day01-23:13,1,23,13,19.6,75.1,6.4,223.0,10.6,38.8,0,正常
Day01-23:14,1,23,14,19.3,72.9,5.3,270.0,14.6,38.7,0,正常
Day01-23:15,1,23,15,19.0,72.5,7.8,130.0,13.9,38.4,0,正常
Day01-23:16,1,23,16,18.7,75.6,8.2,226.0,9.6,39.0,0,正常
Day01-23:17,1,23,17,19.5,72.3,4.4,281.0,15.9,38.4,0,正常
Day01-23:18,1,23,18,19.5,74.0,9.8,116.0,19.1,38.7,0,正常
Day01-23:19,1,23,19,19.4,73.2,4.4,227.0,18.1,39.3,0,正常
Day01-23:20,1,23,20,19.0,72.9,6.5,206.0,11.5,38.1,0,正常
Day01-23:21,1,23,21,18.7,73.0,5.6,94.0,7.8,38.6,0,正常
Day01-23:22,1,23,22,19.4,73.2,5.2,187.0,14.7,38.6,0,正常
Day01-23:23,1,23,23,18.9,72.3,6.2,164.0,16.2,38.4,0,正常
Day01-23:24,1,23,24,19.2,73.3,5.9,224.0,9.3,39.1,0,正常
Day01-23:25,1,23,25,19.1,71.4,5.2,233.0,14.0,38.6,0,正常
Day01-23:26,1,23,26,19.5,72.7,6.6,252.0,13.8,38.8,0,正常
Day01-23:27,1,23,27,19.3,75.0,4.8,184.0,15.8,37.9,0,正常
Day01-23:28,1,23,28,19.3,73.6,5.0,267.0,14.0,38.3,0,正常
Day01-23:29,1,23,29,19.2,72.7,6.8,280.0,20.1,38.5,0,正常
Day01-23:30,1,23,30,18.9,73.7,2.8,252.0,12.5,38.6,0,正常
Day01-23:31,1,23,31,19.1,71.1,4.0,205.0,12.8,38.1,0,正常
Day01-23:32,1,23,32,18.7,72.0,8.7,176.0,14.7,38.9,0,正常
Day01-23:33,1,23,33,18.9,71.0,6.4,242.0,10.1,38.7,0,正常
Day01-23:34,1,23,34,18.7,72.5,3.5,306.0,25.5,38.1,0,正常
Day01-23:35,1,23,35,19.0,76.9,5.6,224.0,15.9,38.8,0,正常
Day01-23:36,1,23,36,18.9,72.0,6.7,191.0,16.0,38.9,0,正常
Day01-23:37,1,23,37,19.6,74.3,6.5,277.0,12.5,38.2,0,正常
Day01-23:38,1,23,38,19.2,72.8,4.0,162.0,10.9,37.8,0,正常
Day01-23:39,1,23,39,18.9,74.8,6.1,259.0,3.4,38.4,0,正常
Day01-23:40,1,23,40,19.5,72.3,5.8,215.0,11.5,38.7,0,正常
Day01-23:41,1,23,41,19.3,72.4,5.4,236.0,15.6,38.5,0,正常
Day01-23:42,1,23,42,19.3,73.6,5.7,228.0,20.6,38.6,0,正常
Day01-23:43,1,23,43,19.0,74.5,2.5,207.0,18.4,38.2,0,正常
Day01-23:44,1,23,44,19.1,72.1,7.7,127.0,25.4,39.0,0,正常
Day01-23:45,1,23,45,19.2,73.0,9.8,211.0,22.6,38.7,0,正常
Day01-23:46,1,23,46,18.9,72.3,6.5,215.0,15.1,38.9,0,正常
Day01-23:47,1,23,47,19.2,72.2,4.8,260.0,11.8,38.2,0,正常
Day01-23:48,1,23,48,19.0,72.1,6.6,179.0,18.0,38.5,0,正常
Day01-23:49,1,23,49,19.0,71.4,3.8,293.0,13.4,38.3,0,正常
Day01-23:50,1,23,50,19.1,73.5,9.2,194.0,7.5,38.6,0,正常
Day01-23:51,1,23,51,19.4,71.5,5.0,147.0,18.0,38.3,0,正常
Day01-23:52,1,23,52,19.1,71.6,4.1,168.0,12.5,38.3,0,正常
Day01-23:53,1,23,53,19.2,72.2,5.6,183.0,21.2,38.1,0,正常
Day01-23:54,1,23,54,19.1,71.7,5.9,201.0,16.0,38.0,0,正常
Day01-23:55,1,23,55,19.0,73.8,4.2,94.0,8.4,38.5,0,正常
Day01-23:56,1,23,56,19.6,74.8,4.6,158.0,16.2,38.6,0,正常
Day01-23:57,1,23,57,19.4,73.2,5.3,123.0,19.1,38.0,0,正常
Day01-23:58,1,23,58,18.7,72.1,4.9,232.0,19.0,38.3,0,正常
Day01-23:59,1,23,59,19.9,70.5,4.1,183.0,13.8,38.6,0,正常
Day02-00:00,2,0,0,18.8,70.7,5.6,241.0,12.5,38.1,0,正常
Day02-00:01,2,0,1,19.2,72.2,5.5,73.0,15.5,38.3,0,正常
Day02-00:02,2,0,2,19.6,71.3,5.8,181.0,21.1,38.7,0,正常
Day02-00:03,2,0,3,19.6,71.9,7.3,86.0,24.3,38.1,0,正常
Day02-00:04,2,0,4,20.0,70.7,6.7,232.0,15.6,38.8,0,正常
Day02-00:05,2,0,5,19.5,72.7,5.5,180.0,4.4,38.2,0,正常
Day02-00:06,2,0,6,19.6,72.8,7.0,203.0,8.8,38.6,0,正常
Day02-00:07,2,0,7,19.8,71.7,4.2,184.0,19.4,39.0,0,正常
Day02-00:08,2,0,8,19.0,71.0,6.1,104.0,9.3,38.8,0,正常
Day02-00:09,2,0,9,19.6,71.0,5.9,201.0,18.0,38.0,0,正常
Day02-00:10,2,0,10,19.3,72.5,3.0,195.0,16.7,38.5,0,正常
Day02-00:11,2,0,11,19.6,73.7,2.9,96.0,3.0,38.5,0,正常
Day02-00:12,2,0,12,19.4,70.6,5.2,264.0,13.5,38.6,0,正常
Day02-00:13,2,0,13,19.3,71.0,1.7,226.0,10.4,38.6,0,正常
Day02-00:14,2,0,14,19.6,71.2,5.8,293.0,13.6,38.4,0,正常
Day02-00:15,2,0,15,19.9,69.6,6.1,209.0,19.4,38.2,0,正常
Day02-00:16,2,0,16,19.7,72.0,3.4,197.0,16.5,38.7,0,正常
Day02-00:17,2,0,17,19.4,70.9,6.0,248.0,8.6,38.5,0,正常
Day02-00:18,2,0,18,19.6,70.5,7.4,248.0,20.7,37.8,0,正常
Day02-00:19,2,0,19,19.3,70.9,8.2,191.0,15.3,38.4,0,正常
Day02-00:20,2,0,20,19.0,72.5,4.3,221.0,0.9,38.7,0,正常
Day02-00:21,2,0,21,19.4,72.7,6.2,216.0,23.9,38.6,0,正常
Day02-00:22,2,0,22,19.7,72.2,6.1,160.0,9.8,38.4,0,正常
Day02-00:23,2,0,23,19.2,71.0,4.6,114.0,11.3,38.1,0,正常
Day02-00:24,2,0,24,19.1,71.1,1.7,234.0,14.5,39.0,0,正常
Day02-00:25,2,0,25,19.3,71.8,6.0,181.0,11.8,38.2,0,正常
Day02-00:26,2,0,26,19.1,71.9,4.0,305.0,18.8,38.2,0,正常
Day02-00:27,2,0,27,18.8,70.4,2.9,211.0,16.8,38.7,0,正常
Day02-00:28,2,0,28,19.2,71.0,4.4,215.0,10.7,38.7,0,正常
Day02-00:29,2,0,29,19.2,71.5,8.5,264.0,13.7,38.0,0,正常
Day02-00:30,2,0,30,19.3,71.8,4.6,230.0,16.2,38.7,0,正常
Day02-00:31,2,0,31,19.5,70.7,6.7,257.0,19.5,38.5,0,正常
Day02-00:32,2,0,32,19.2,71.0,5.5,198.0,15.3,38.1,0,正常
Day02-00:33,2,0,33,19.7,72.0,5.4,151.0,18.3,38.7,0,正常
Day02-00:34,2,0,34,19.3,73.7,5.5,259.0,10.9,38.4,0,正常
Day02-00:35,2,0,35,19.4,72.1,6.6,82.0,15.6,38.2,0,正常
Day02-00:36,2,0,36,19.4,71.0,7.0,264.0,16.4,38.2,0,正常
Day02-00:37,2,0,37,19.7,71.0,5.0,203.0,16.0,38.7,0,正常
Day02-00:38,2,0,38,19.8,71.5,6.2,231.0,14.9,38.5,0,正常
Day02-00:39,2,0,39,19.0,71.6,3.6,161.0,17.4,38.0,0,正常
Day02-00:40,2,0,40,19.1,72.7,5.8,191.0,30.6,38.1,0,正常
Day02-00:41,2,0,41,19.3,73.6,8.4,256.0,12.3,37.9,0,正常
Day02-00:42,2,0,42,19.1,71.6,2.7,243.0,12.6,38.1,0,正常
Day02-00:43,2,0,43,19.6,71.8,5.5,149.0,12.5,38.5,0,正常
Day02-00:44,2,0,44,19.3,71.1,5.8,250.0,13.5,38.0,0,正常
Day02-00:45,2,0,45,19.4,70.2,5.6,241.0,6.6,38.5,0,正常
Day02-00:46,2,0,46,18.9,72.5,4.6,222.0,13.6,38.4,0,正常
Day02-00:47,2,0,47,19.7,71.3,5.0,168.0,14.1,38.4,0,正常
Day02-00:48,2,0,48,19.4,71.7,6.0,237.0,17.2,38.7,0,正常
Day02-00:49,2,0,49,19.9,71.0,4.4,93.0,18.0,38.8,0,正常
Day02-00:50,2,0,50,19.8,70.3,6.5,238.0,14.6,38.9,0,正常
Day02-00:51,2,0,51,19.7,72.8,5.1,245.0,8.6,38.5,0,正常
Day02-00:52,2,0,52,19.4,71.5,4.4,260.0,16.9,38.7,0,正常
Day02-00:53,2,0,53,19.2,72.7,7.4,170.0,9.6,38.7,0,正常
Day02-00:54,2,0,54,19.4,71.2,8.0,136.0,10.4,38.6,0,正常
Day02-00:55,2,0,55,18.4,71.9,5.3,276.0,19.2,38.3,0,正常
Day02-00:56,2,0,56,19.8,70.5,5.6,191.0,15.9,38.3,0,正常
Day02-00:57,2,0,57,19.6,71.2,8.8,271.0,0,38.2,0,正常
Day02-00:58,2,0,58,19.4,72.6,5.3,262.0,16.2,38.6,0,正常
Day02-00:59,2,0,59,19.6,71.2,4.4,151.0,12.1,38.6,0,正常
Day02-01:00,2,1,0,19.8,69.6,5.2,236.0,19.0,37.8,0,正常
Day02-01:01,2,1,1,20.1,73.0,3.5,222.0,12.0,38.3,0,正常
Day02-01:02,2,1,2,19.7,71.1,6.6,116.0,17.5,38.6,0,正常
Day02-01:03,2,1,3,19.9,70.3,7.5,232.0,9.2,38.9,0,正常
Day02-01:04,2,1,4,19.7,69.3,7.4,146.0,12.5,38.9,0,正常
Day02-01:05,2,1,5,19.6,68.8,4.6,228.0,11.5,38.0,0,正常
Day02-01:06,2,1,6,19.9,70.6,5.3,241.0,10.5,38.0,0,正常
Day02-01:07,2,1,7,20.3,71.2,7.6,139.0,18.3,38.7,0,正常
Day02-01:08,2,1,8,19.8,70.2,5.1,252.0,15.4,38.1,0,正常
Day02-01:09,2,1,9,20.3,69.6,6.9,190.0,16.7,39.2,0,正常
Day02-01:10,2,1,10,19.9,71.3,5.5,197.0,12.0,38.1,0,正常
Day02-01:11,2,1,11,19.3,71.0,7.0,275.0,12.3,38.9,0,正常
Day02-01:12,2,1,12,19.5,69.4,6.0,234.0,17.0,38.4,0,正常
Day02-01:13,2,1,13,20.5,70.5,4.6,274.0,23.0,38.4,0,正常
Day02-01:14,2,1,14,19.7,68.9,7.7,233.0,10.9,38.3,0,正常
Day02-01:15,2,1,15,19.9,71.7,3.7,156.0,11.2,38.5,0,正常
Day02-01:16,2,1,16,20.2,71.0,4.2,183.0,17.6,38.4,0,正常
Day02-01:17,2,1,17,19.8,70.2,4.4,221.0,25.2,38.8,0,正常
Day02-01:18,2,1,18,20.2,68.9,1.7,216.0,11.2,38.5,0,正常
Day02-01:19,2,1,19,20.2,71.0,6.0,261.0,13.3,38.2,0,正常
Day02-01:20,2,1,20,20.0,69.8,7.3,177.0,13.9,38.4,0,正常
Day02-01:21,2,1,21,19.7,70.3,5.9,303.0,16.1,38.3,0,正常
Day02-01:22,2,1,22,19.6,67.9,3.9,243.0,25.2,38.8,0,正常
Day02-01:23,2,1,23,19.5,69.2,4.3,105.0,18.0,38.5,0,正常
Day02-01:24,2,1,24,19.9,71.1,4.8,347.0,10.5,38.5,0,正常
Day02-01:25,2,1,25,19.5,70.1,5.8,259.0,13.6,37.8,0,正常
Day02-01:26,2,1,26,19.6,70.3,5.1,166.0,10.3,38.4,0,正常
Day02-01:27,2,1,27,20.5,70.5,5.0,219.0,13.9,38.3,0,正常
Day02-01:28,2,1,28,19.6,69.6,3.0,213.0,9.8,38.6,0,正常
Day02-01:29,2,1,29,19.3,71.6,6.3,197.0,20.9,38.0,0,正常
Day02-01:30,2,1,30,20.4,71.5,3.7,209.0,14.4,38.4,0,正常
Day02-01:31,2,1,31,19.9,71.0,3.3,168.0,17.5,39.0,0,正常
Day02-01:32,2,1,32,19.6,69.3,4.5,283.0,9.8,39.1,0,正常
Day02-01:33,2,1,33,19.5,69.8,4.5,143.0,14.5,38.6,0,正常
Day02-01:34,2,1,34,19.9,69.7,6.0,245.0,20.6,38.3,0,正常
Day02-01:35,2,1,35,20.2,70.7,2.9,234.0,12.5,38.1,0,正常
Day02-01:36,2,1,36,19.9,70.8,5.4,97.0,10.9,37.8,0,正常
Day02-01:37,2,1,37,19.7,71.4,5.4,197.0,14.3,38.3,0,正常
Day02-01:38,2,1,38,19.8,71.0,3.8,243.0,22.0,38.4,0,正常
Day02-01:39,2,1,39,19.3,69.6,3.6,252.0,16.0,38.7,0,正常
Day02-01:40,2,1,40,19.6,71.7,4.5,90.0,13.6,38.2,0,正常
Day02-01:41,2,1,41,19.9,70.2,6.1,231.0,10.5,38.9,0,正常
Day02-01:42,2,1,42,19.5,70.5,5.7,174.0,10.9,38.1,0,正常
Day02-01:43,2,1,43,19.9,70.3,5.3,235.0,11.9,38.4,0,正常
Day02-01:44,2,1,44,20.4,71.8,4.9,228.0,12.9,38.6,0,正常
Day02-01:45,2,1,45,19.7,70.5,3.6,109.0,14.2,38.5,0,正常
Day02-01:46,2,1,46,19.8,69.5,4.4,157.0,9.0,38.7,0,正常
Day02-01:47,2,1,47,19.9,72.6,5.0,162.0,12.2,38.1,0,正常
Day02-01:48,2,1,48,19.8,70.0,6.6,216.0,16.1,38.4,0,正常
Day02-01:49,2,1,49,19.9,71.3,3.3,188.0,11.1,38.5,0,正常
Day02-01:50,2,1,50,20.2,71.2,5.9,297.0,10.3,38.5,0,正常
Day02-01:51,2,1,51,20.0,69.5,5.9,155.0,11.4,38.3,0,正常
Day02-01:52,2,1,52,20.5,71.0,5.2,261.0,15.4,37.9,0,正常
Day02-01:53,2,1,53,20.0,68.7,7.6,283.0,12.8,39.1,0,正常
Day02-01:54,2,1,54,20.0,71.0,3.3,224.0,9.3,38.5,0,正常
Day02-01:55,2,1,55,20.3,69.9,7.7,153.0,20.6,39.0,0,正常
Day02-01:56,2,1,56,20.2,72.0,2.6,240.0,14.9,38.3,0,正常
Day02-01:57,2,1,57,20.2,70.4,5.2,184.0,11.4,38.5,0,正常
Day02-01:58,2,1,58,19.5,72.9,4.5,291.0,15.3,37.9,0,正常
Day02-01:59,2,1,59,19.9,72.7,3.4,224.0,7.6,38.6,0,正常
Day02-02:00,2,2,0,20.6,68.0,6.3,301.0,17.3,38.4,0,正常
Day02-02:01,2,2,1,19.8,70.2,5.3,288.0,15.3,38.9,0,正常
Day02-02:02,2,2,2,20.0,67.4,4.7,203.0,17.2,38.9,0,正常
Day02-02:03,2,2,3,20.6,69.4,6.1,273.0,15.1,38.7,0,正常
Day02-02:04,2,2,4,20.2,70.5,10.1,238.0,9.5,38.5,0,正常
Day02-02:05,2,2,5,20.6,65.9,3.6,218.0,14.9,38.7,0,正常
Day02-02:06,2,2,6,21.0,69.2,5.5,288.0,23.3,38.4,0,正常
Day02-02:07,2,2,7,20.5,69.8,2.7,281.0,15.9,38.8,0,正常
Day02-02:08,2,2,8,19.9,68.1,1.5,259.0,7.8,38.7,0,正常
Day02-02:09,2,2,9,20.7,69.0,3.2,295.0,14.7,38.7,0,正常
Day02-02:10,2,2,10,20.6,70.9,4.9,231.0,9.6,38.5,0,正常
Day02-02:11,2,2,11,20.0,69.4,4.0,292.0,9.4,39.1,0,正常
Day02-02:12,2,2,12,20.8,68.5,5.3,328.0,17.5,38.2,0,正常
Day02-02:13,2,2,13,20.5,68.7,4.9,322.0,25.2,38.6,0,正常
Day02-02:14,2,2,14,20.6,70.0,4.8,184.0,10.9,38.6,0,正常
Day02-02:15,2,2,15,20.2,70.4,5.2,198.0,12.6,38.1,0,正常
Day02-02:16,2,2,16,20.1,68.5,5.4,295.0,13.5,38.4,0,正常
Day02-02:17,2,2,17,20.6,69.4,7.8,262.0,8.8,38.7,0,正常
Day02-02:18,2,2,18,20.5,69.2,2.7,271.0,17.3,38.4,0,正常
Day02-02:19,2,2,19,20.6,70.0,6.9,274.0,13.8,38.6,0,正常
Day02-02:20,2,2,20,21.2,68.3,6.9,149.0,18.5,38.5,0,正常
Day02-02:21,2,2,21,20.6,69.6,6.4,283.0,22.6,38.7,0,正常
Day02-02:22,2,2,22,20.6,69.2,6.9,315.0,11.1,38.3,0,正常
Day02-02:23,2,2,23,20.4,67.5,5.7,241.0,19.9,38.5,0,正常
Day02-02:24,2,2,24,21.0,70.2,4.4,231.0,13.0,38.9,0,正常
Day02-02:25,2,2,25,20.6,70.4,4.5,263.0,24.4,38.4,0,正常
Day02-02:26,2,2,26,20.5,68.4,4.6,198.0,17.3,38.9,0,正常
Day02-02:27,2,2,27,21.0,68.6,7.4,286.0,12.3,38.1,0,正常
Day02-02:28,2,2,28,20.8,68.7,5.1,217.0,9.3,38.1,0,正常
Day02-02:29,2,2,29,20.3,68.7,4.7,236.0,5.1,37.5,0,正常
Day02-02:30,2,2,30,20.6,67.8,6.7,175.0,13.0,38.5,0,正常
Day02-02:31,2,2,31,20.8,68.5,5.5,265.0,9.7,38.9,0,正常
Day02-02:32,2,2,32,20.4,69.5,3.7,252.0,12.4,39.0,0,正常
Day02-02:33,2,2,33,20.9,70.8,6.3,228.0,8.1,38.3,0,正常
Day02-02:34,2,2,34,20.5,69.0,5.7,217.0,24.1,38.4,0,正常
Day02-02:35,2,2,35,20.4,69.6,5.9,203.0,13.1,38.8,0,正常
Day02-02:36,2,2,36,20.7,69.8,6.4,290.0,16.3,38.4,0,正常
Day02-02:37,2,2,37,20.2,70.3,5.2,280.0,16.0,38.0,0,正常
Day02-02:38,2,2,38,20.9,67.9,5.6,295.0,17.7,38.4,0,正常
Day02-02:39,2,2,39,21.2,68.4,5.2,216.0,17.4,38.2,0,正常
Day02-02:40,2,2,40,20.1,67.6,2.7,234.0,8.2,38.8,0,正常
Day02-02:41,2,2,41,19.9,70.2,4.8,170.0,17.7,38.4,0,正常
Day02-02:42,2,2,42,20.2,69.4,5.3,272.0,13.3,38.9,0,正常
Day02-02:43,2,2,43,20.6,69.6,5.3,234.0,15.9,38.5,0,正常
Day02-02:44,2,2,44,20.9,71.8,2.9,298.0,14.1,38.3,0,正常
Day02-02:45,2,2,45,20.7,69.8,3.7,316.0,14.3,38.7,0,正常
Day02-02:46,2,2,46,20.0,70.3,4.0,194.0,9.6,38.0,0,正常
Day02-02:47,2,2,47,19.9,67.0,4.9,292.0,16.3,38.1,0,正常
Day02-02:48,2,2,48,20.4,69.4,5.4,243.0,14.0,38.4,0,正常
Day02-02:49,2,2,49,20.5,68.4,5.0,153.0,18.0,38.1,0,正常
Day02-02:50,2,2,50,20.9,69.1,5.7,209.0,14.0,38.3,0,正常
Day02-02:51,2,2,51,20.6,70.1,4.4,318.0,20.0,38.1,0,正常
Day02-02:52,2,2,52,20.8,68.9,4.6,257.0,14.5,37.8,0,正常
Day02-02:53,2,2,53,20.8,66.9,4.8,288.0,16.4,38.6,0,正常
Day02-02:54,2,2,54,20.4,69.9,2.8,178.0,19.2,38.9,0,正常
Day02-02:55,2,2,55,19.9,66.2,5.1,302.0,17.6,38.4,0,正常
Day02-02:56,2,2,56,20.2,69.6,5.8,317.0,15.3,38.3,0,正常
Day02-02:57,2,2,57,20.2,71.2,4.2,198.0,20.9,38.7,0,正常
Day02-02:58,2,2,58,20.1,68.6,6.9,239.0,12.3,38.2,0,正常
Day02-02:59,2,2,59,20.4,70.0,5.2,289.0,16.0,38.3,0,正常
Day02-03:00,2,3,0,21.4,65.9,4.6,372.0,22.2,38.3,0,正常
Day02-03:01,2,3,1,21.3,66.3,4.6,373.0,5.3,38.4,0,正常
Day02-03:02,2,3,2,21.6,66.3,3.1,293.0,20.3,38.7,0,正常
Day02-03:03,2,3,3,21.0,68.6,6.4,294.0,10.1,39.0,0,正常
Day02-03:04,2,3,4,21.3,66.2,5.4,234.0,6.9,38.1,0,正常
Day02-03:05,2,3,5,21.6,66.9,8.5,309.0,14.7,38.4,0,正常
Day02-03:06,2,3,6,21.7,67.5,8.8,388.0,17.3,38.7,0,正常
Day02-03:07,2,3,7,21.3,67.7,4.0,364.0,12.7,38.2,0,正常
Day02-03:08,2,3,8,21.2,65.4,5.4,303.0,10.8,38.1,0,正常
Day02-03:09,2,3,9,20.9,66.5,3.3,312.0,16.5,38.4,0,正常
Day02-03:10,2,3,10,21.2,67.3,5.2,233.0,14.8,38.7,0,正常
Day02-03:11,2,3,11,21.6,67.7,3.5,306.0,16.1,38.8,0,正常
Day02-03:12,2,3,12,21.3,69.0,7.0,300.0,11.9,38.2,0,正常
Day02-03:13,2,3,13,21.2,67.5,5.3,298.0,16.5,38.4,0,正常
Day02-03:14,2,3,14,21.1,66.6,7.9,345.0,20.3,38.9,0,正常
Day02-03:15,2,3,15,21.6,68.1,4.6,373.0,11.0,37.7,0,正常
Day02-03:16,2,3,16,21.6,67.4,5.0,328.0,14.3,38.6,0,正常
Day02-03:17,2,3,17,21.4,68.2,4.3,383.0,16.1,38.5,0,正常
Day02-03:18,2,3,18,21.5,64.9,3.5,323.0,13.0,38.4,0,正常
Day02-03:19,2,3,19,20.8,66.3,6.0,294.0,13.0,39.0,0,正常
Day02-03:20,2,3,20,21.0,66.6,4.4,284.0,12.6,38.9,0,正常
Day02-03:21,2,3,21,21.3,66.0,3.9,314.0,18.2,38.5,0,正常
Day02-03:22,2,3,22,21.7,67.3,5.3,373.0,14.0,38.2,0,正常
Day02-03:23,2,3,23,21.4,66.8,4.3,283.0,13.3,38.5,0,正常
Day02-03:24,2,3,24,21.1,66.0,1.3,357.0,17.5,37.7,0,正常
Day02-03:25,2,3,25,20.9,68.4,6.5,346.0,17.6,39.0,0,正常
Day02-03:26,2,3,26,21.5,66.9,3.4,272.0,10.8,37.9,0,正常
Day02-03:27,2,3,27,21.7,67.6,5.3,423.0,19.7,38.7,0,正常
Day02-03:28,2,3,28,21.4,69.3,7.4,292.0,14.7,38.7,0,正常
Day02-03:29,2,3,29,21.3,66.6,6.5,320.0,19.2,38.4,0,正常
Day02-03:30,2,3,30,20.7,67.3,7.9,403.0,23.4,38.7,0,正常
Day02-03:31,2,3,31,20.9,67.7,4.1,267.0,14.6,38.7,0,正常
Day02-03:32,2,3,32,20.7,66.1,6.0,298.0,12.3,38.2,0,正常
Day02-03:33,2,3,33,21.6,66.6,3.7,383.0,18.0,38.3,0,正常
Day02-03:34,2,3,34,21.3,67.3,4.2,245.0,17.0,37.9,0,正常
Day02-03:35,2,3,35,21.2,67.4,4.5,271.0,17.2,38.2,0,正常
Day02-03:36,2,3,36,21.4,67.9,6.0,300.0,22.1,39.0,0,正常
Day02-03:37,2,3,37,20.7,66.2,4.5,303.0,21.2,38.3,0,正常
Day02-03:38,2,3,38,21.7,67.5,6.6,376.0,24.7,38.1,0,正常
Day02-03:39,2,3,39,21.1,67.3,6.7,350.0,14.1,38.8,0,正常
Day02-03:40,2,3,40,21.7,65.7,5.7,270.0,21.5,38.4,0,正常
Day02-03:41,2,3,41,21.4,67.7,5.8,355.0,12.3,38.1,0,正常
Day02-03:42,2,3,42,21.2,67.9,7.2,292.0,11.9,38.7,0,正常
Day02-03:43,2,3,43,21.0,68.2,7.9,295.0,16.1,38.4,0,正常
Day02-03:44,2,3,44,21.1,69.1,5.7,315.0,19.6,38.5,0,正常
Day02-03:45,2,3,45,21.3,66.2,3.0,317.0,15.1,38.4,0,正常
Day02-03:46,2,3,46,21.0,66.0,3.7,208.0,14.9,39.2,0,正常
Day02-03:47,2,3,47,21.1,67.3,7.2,243.0,12.6,38.9,0,正常
Day02-03:48,2,3,48,20.7,68.9,3.5,309.0,15.8,38.3,0,正常
Day02-03:49,2,3,49,21.1,67.6,5.2,321.0,14.5,38.4,0,正常
Day02-03:50,2,3,50,21.7,66.3,5.2,323.0,14.7,38.2,0,正常
Day02-03:51,2,3,51,21.2,66.9,4.2,311.0,19.8,38.8,0,正常
Day02-03:52,2,3,52,21.5,66.8,4.6,398.0,12.8,38.8,0,正常
Day02-03:53,2,3,53,21.2,67.8,1.5,318.0,15.6,38.6,0,正常
Day02-03:54,2,3,54,21.2,66.1,4.5,257.0,18.9,38.8,0,正常
Day02-03:55,2,3,55,21.1,64.2,3.2,353.0,12.8,38.3,0,正常
Day02-03:56,2,3,56,21.2,67.3,3.2,345.0,16.8,38.7,0,正常
Day02-03:57,2,3,57,21.3,67.3,2.9,359.0,22.9,38.9,0,正常
Day02-03:58,2,3,58,22.0,68.4,5.7,360.0,25.9,38.6,0,正常
Day02-03:59,2,3,59,21.3,66.0,4.8,299.0,22.6,38.9,0,正常
Day02-04:00,2,4,0,21.8,65.9,4.4,321.0,11.6,38.2,0,正常
Day02-04:01,2,4,1,21.9,63.7,6.6,370.0,17.4,38.8,0,正常
Day02-04:02,2,4,2,21.8,63.7,4.7,384.0,21.3,38.1,0,正常
Day02-04:03,2,4,3,22.1,63.6,6.7,356.0,17.4,37.9,0,正常
Day02-04:04,2,4,4,22.4,65.8,6.3,346.0,18.7,38.8,0,正常
Day02-04:05,2,4,5,22.2,63.8,6.7,505.0,21.2,38.8,0,正常
Day02-04:06,2,4,6,22.4,64.7,4.0,478.0,16.5,38.6,0,正常
Day02-04:07,2,4,7,21.8,66.2,3.5,442.0,11.9,38.6,0,正常
Day02-04:08,2,4,8,22.1,63.3,3.1,439.0,16.6,38.4,0,正常
Day02-04:09,2,4,9,21.8,66.1,5.5,453.0,15.2,38.7,0,正常
Day02-04:10,2,4,10,21.9,64.1,5.3,401.0,13.3,38.7,0,正常
Day02-04:11,2,4,11,22.5,64.3,3.7,336.0,14.3,38.3,0,正常
Day02-04:12,2,4,12,21.6,66.2,6.6,335.0,18.3,39.0,0,正常
Day02-04:13,2,4,13,22.5,64.9,5.5,352.0,14.5,38.6,0,正常
Day02-04:14,2,4,14,22.0,66.0,6.5,384.0,22.9,38.7,0,正常
Day02-04:15,2,4,15,22.0,65.3,3.8,326.0,20.4,38.9,0,正常
Day02-04:16,2,4,16,22.6,67.0,6.6,379.0,11.9,38.7,0,正常
Day02-04:17,2,4,17,21.9,65.6,3.8,331.0,20.2,38.1,0,正常
Day02-04:18,2,4,18,22.3,64.9,6.2,450.0,9.8,38.9,0,正常
Day02-04:19,2,4,19,22.2,65.6,7.3,333.0,8.7,38.7,0,正常
Day02-04:20,2,4,20,21.9,65.5,3.5,381.0,19.8,39.1,0,正常
Day02-04:21,2,4,21,22.0,63.8,5.6,399.0,5.9,38.8,0,正常
Day02-04:22,2,4,22,21.8,64.6,7.5,432.0,6.9,38.9,0,正常
Day02-04:23,2,4,23,21.6,63.3,4.7,432.0,18.3,39.0,0,正常
Day02-04:24,2,4,24,22.3,65.9,3.5,335.0,15.7,38.3,0,正常
Day02-04:25,2,4,25,21.6,65.0,7.0,426.0,19.9,38.7,0,正常
Day02-04:26,2,4,26,21.7,63.7,3.5,398.0,14.9,38.2,0,正常
Day02-04:27,2,4,27,21.7,65.6,6.1,396.0,11.7,38.3,0,正常
Day02-04:28,2,4,28,22.1,65.7,3.0,453.0,13.6,38.3,0,正常
Day02-04:29,2,4,29,22.1,65.6,5.8,347.0,19.8,38.3,0,正常
Day02-04:30,2,4,30,22.0,65.2,6.1,373.0,14.1,38.2,0,正常
Day02-04:31,2,4,31,22.0,65.2,3.9,423.0,4.7,38.7,0,正常
Day02-04:32,2,4,32,21.8,63.8,3.8,413.0,26.0,37.8,0,正常
Day02-04:33,2,4,33,21.7,65.4,5.9,477.0,13.5,38.7,0,正常
Day02-04:34,2,4,34,22.0,63.4,5.7,400.0,10.8,39.0,0,正常
Day02-04:35,2,4,35,22.2,65.6,5.2,348.0,14.2,38.6,0,正常
Day02-04:36,2,4,36,21.9,62.7,5.9,434.0,16.0,38.7,0,正常
Day02-04:37,2,4,37,22.2,63.8,7.8,388.0,16.8,37.8,0,正常
Day02-04:38,2,4,38,21.9,62.8,5.5,374.0,15.1,38.3,0,正常
Day02-04:39,2,4,39,21.7,67.0,5.2,379.0,28.7,38.2,0,正常
Day02-04:40,2,4,40,22.1,64.5,4.1,337.0,15.8,38.3,0,正常
Day02-04:41,2,4,41,22.0,65.0,5.3,418.0,8.4,38.1,0,正常
Day02-04:42,2,4,42,22.1,63.9,4.3,356.0,18.4,38.3,0,正常
Day02-04:43,2,4,43,22.1,67.0,5.7,310.0,22.3,38.5,0,正常
Day02-04:44,2,4,44,22.0,65.0,5.4,404.0,15.7,38.7,0,正常
Day02-04:45,2,4,45,21.2,63.9,2.6,430.0,21.7,38.4,0,正常
Day02-04:46,2,4,46,22.7,65.7,4.5,446.0,19.3,38.6,0,正常
Day02-04:47,2,4,47,21.6,63.8,3.7,423.0,18.9,38.5,0,正常
Day02-04:48,2,4,48,22.5,63.9,6.4,393.0,23.9,38.3,0,正常
Day02-04:49,2,4,49,21.7,65.1,3.7,435.0,15.3,38.9,0,正常
Day02-04:50,2,4,50,22.2,65.4,6.5,410.0,16.2,38.8,0,正常
Day02-04:51,2,4,51,22.3,66.4,5.0,469.0,25.5,38.6,0,正常
Day02-04:52,2,4,52,21.7,64.5,8.5,339.0,9.0,38.8,0,正常
Day02-04:53,2,4,53,22.6,64.5,4.6,368.0,16.6,38.2,0,正常
Day02-04:54,2,4,54,22.1,65.9,3.1,356.0,18.6,38.4,0,正常
Day02-04:55,2,4,55,22.4,66.4,5.4,347.0,0,38.5,0,正常
Day02-04:56,2,4,56,22.0,63.3,3.6,419.0,18.1,38.8,0,正常
Day02-04:57,2,4,57,21.7,64.3,7.6,407.0,21.1,38.5,0,正常
Day02-04:58,2,4,58,22.0,66.0,3.8,472.0,19.3,38.5,0,正常
Day02-04:59,2,4,59,22.2,65.7,7.2,467.0,15.7,38.7,0,正常
Day02-05:00,2,5,0,23.1,62.4,6.2,528.0,16.0,38.5,0,正常
Day02-05:01,2,5,1,22.4,64.3,6.4,469.0,17.0,38.0,0,正常
Day02-05:02,2,5,2,22.9,63.2,5.7,579.0,16.0,38.4,0,正常
Day02-05:03,2,5,3,22.6,62.6,6.9,442.0,20.9,38.7,0,正常
Day02-05:04,2,5,4,22.4,62.9,6.1,542.0,8.4,38.1,0,正常
Day02-05:05,2,5,5,22.8,63.6,6.8,489.0,19.6,38.5,0,正常
Day02-05:06,2,5,6,22.9,61.9,6.4,513.0,20.2,38.8,0,正常
Day02-05:07,2,5,7,23.0,63.0,6.6,499.0,7.8,38.3,0,正常
Day02-05:08,2,5,8,22.6,62.8,6.5,469.0,27.3,39.2,0,正常
Day02-05:09,2,5,9,22.6,62.1,6.5,462.0,9.2,38.9,0,正常
Day02-05:10,2,5,10,22.8,63.4,5.9,485.0,10.5,38.4,0,正常
Day02-05:11,2,5,11,22.9,62.1,6.1,598.0,24.4,38.3,0,正常
Day02-05:12,2,5,12,22.8,64.1,4.6,577.0,8.8,38.6,0,正常
Day02-05:13,2,5,13,22.7,63.0,4.3,411.0,19.7,37.9,0,正常
Day02-05:14,2,5,14,22.7,65.4,6.2,569.0,20.1,38.1,0,正常
Day02-05:15,2,5,15,22.8,62.6,2.5,425.0,20.7,39.0,0,正常
Day02-05:16,2,5,16,22.3,61.6,7.6,502.0,25.5,38.7,0,正常
Day02-05:17,2,5,17,22.6,61.9,5.5,498.0,13.5,38.4,0,正常
Day02-05:18,2,5,18,22.5,62.3,6.5,525.0,19.4,38.9,0,正常
Day02-05:19,2,5,19,23.3,62.2,7.7,560.0,19.2,38.9,0,正常
Day02-05:20,2,5,20,22.9,62.6,7.1,577.0,17.8,38.1,0,正常
Day02-05:21,2,5,21,22.9,64.2,5.1,581.0,16.0,38.9,0,正常
Day02-05:22,2,5,22,22.3,62.5,4.5,467.0,14.4,38.4,0,正常
Day02-05:23,2,5,23,22.6,62.9,4.7,525.0,16.6,39.0,0,正常
Day02-05:24,2,5,24,23.2,63.1,5.4,563.0,13.6,38.4,0,正常
Day02-05:25,2,5,25,22.5,62.9,5.9,526.0,18.2,38.6,0,正常
Day02-05:26,2,5,26,22.9,64.4,6.2,546.0,29.0,38.4,0,正常
Day02-05:27,2,5,27,22.9,63.4,4.8,338.0,17.9,38.5,0,正常
Day02-05:28,2,5,28,23.2,62.7,5.3,462.0,6.8,38.1,0,正常
Day02-05:29,2,5,29,23.4,62.4,4.1,492.0,19.0,38.4,0,正常
Day02-05:30,2,5,30,22.6,62.5,9.7,576.0,14.3,39.0,0,正常
Day02-05:31,2,5,31,22.4,62.7,5.5,564.0,11.6,38.3,0,正常
Day02-05:32,2,5,32,23.4,62.2,7.5,529.0,11.0,38.6,0,正常
Day02-05:33,2,5,33,22.7,63.9,6.6,407.0,7.2,38.3,0,正常
Day02-05:34,2,5,34,23.2,63.3,6.7,553.0,13.2,38.8,0,正常
Day02-05:35,2,5,35,22.9,64.3,5.3,472.0,14.8,39.1,0,正常
Day02-05:36,2,5,36,23.0,62.6,6.4,587.0,14.5,38.4,0,正常
Day02-05:37,2,5,37,22.8,62.8,3.5,579.0,12.4,38.8,0,正常
Day02-05:38,2,5,38,22.8,62.2,2.5,525.0,15.9,38.4,0,正常
Day02-05:39,2,5,39,22.5,63.0,5.6,497.0,13.7,38.6,0,正常
Day02-05:40,2,5,40,22.8,61.6,6.2,602.0,11.9,38.9,0,正常
Day02-05:41,2,5,41,22.9,63.7,5.6,474.0,10.7,38.0,0,正常
Day02-05:42,2,5,42,22.7,63.8,8.8,540.0,8.4,38.7,0,正常
Day02-05:43,2,5,43,22.8,62.9,7.9,508.0,18.3,38.1,0,正常
Day02-05:44,2,5,44,22.6,63.1,5.3,492.0,19.4,38.2,0,正常
Day02-05:45,2,5,45,22.9,62.1,5.2,501.0,9.5,38.4,0,正常
Day02-05:46,2,5,46,23.0,62.4,5.7,460.0,3.4,38.5,0,正常
Day02-05:47,2,5,47,23.2,61.7,6.6,474.0,16.0,38.2,0,正常
Day02-05:48,2,5,48,22.5,63.9,5.0,553.0,19.0,38.5,0,正常
Day02-05:49,2,5,49,22.7,62.4,6.0,491.0,7.9,38.6,0,正常
Day02-05:50,2,5,50,22.6,64.9,4.8,526.0,6.9,38.8,0,正常
Day02-05:51,2,5,51,22.6,60.8,7.4,500.0,8.3,38.8,0,正常
Day02-05:52,2,5,52,23.0,60.5,5.8,546.0,11.5,38.7,0,正常
Day02-05:53,2,5,53,22.7,62.7,6.9,627.0,18.2,37.7,0,正常
Day02-05:54,2,5,54,22.9,61.8,5.7,556.0,18.1,37.9,0,正常
Day02-05:55,2,5,55,22.5,61.3,6.6,471.0,10.6,38.8,0,正常
Day02-05:56,2,5,56,23.2,61.3,5.3,460.0,14.6,38.4,0,正常
Day02-05:57,2,5,57,22.9,61.9,3.5,509.0,19.0,38.5,0,正常
Day02-05:58,2,5,58,23.2,63.0,8.6,487.0,8.9,38.3,0,正常
Day02-05:59,2,5,59,22.9,63.7,6.4,564.0,15.5,38.7,0,正常
Day02-06:00,2,6,0,23.4,61.3,6.4,632.0,53.5,38.4,0,正常
Day02-06:01,2,6,1,23.5,59.3,4.4,602.0,66.0,38.2,0,正常
Day02-06:02,2,6,2,23.2,60.2,6.2,479.0,63.2,38.5,0,正常
Day02-06:03,2,6,3,24.0,60.6,7.7,606.0,70.6,38.9,0,正常
Day02-06:04,2,6,4,23.7,60.4,9.3,590.0,73.0,38.5,0,正常
Day02-06:05,2,6,5,23.1,61.9,5.5,602.0,64.7,38.5,0,正常
Day02-06:06,2,6,6,24.0,60.2,5.2,573.0,57.0,38.1,0,正常
Day02-06:07,2,6,7,23.6,62.6,5.2,612.0,61.7,38.7,0,正常
Day02-06:08,2,6,8,23.8,61.5,8.8,633.0,58.5,38.4,0,正常
Day02-06:09,2,6,9,23.5,60.5,6.6,558.0,66.3,38.4,0,正常
Day02-06:10,2,6,10,23.2,62.0,9.1,608.0,69.2,38.6,0,正常
Day02-06:11,2,6,11,23.3,61.0,7.3,602.0,68.6,38.4,0,正常
Day02-06:12,2,6,12,23.5,60.5,6.9,519.0,61.0,38.3,0,正常
Day02-06:13,2,6,13,23.5,61.3,5.2,549.0,66.2,38.8,0,正常
Day02-06:14,2,6,14,23.6,59.5,8.4,568.0,61.9,38.7,0,正常
Day02-06:15,2,6,15,23.9,63.2,5.9,683.0,59.2,38.3,0,正常
Day02-06:16,2,6,16,23.1,61.2,8.9,701.0,71.0,38.6,0,正常
Day02-06:17,2,6,17,23.9,61.4,6.9,520.0,66.9,39.2,0,正常
Day02-06:18,2,6,18,23.6,62.3,6.9,601.0,66.3,38.2,0,正常
Day02-06:19,2,6,19,23.2,62.1,9.1,548.0,60.1,38.7,0,正常
Day02-06:20,2,6,20,23.9,59.7,5.8,609.0,72.2,38.8,0,正常
Day02-06:21,2,6,21,23.3,62.3,7.0,628.0,65.0,38.4,0,正常
Day02-06:22,2,6,22,23.7,60.7,7.1,574.0,69.4,38.8,0,正常
Day02-06:23,2,6,23,23.4,61.2,9.0,606.0,69.3,38.8,0,正常
Day02-06:24,2,6,24,23.3,60.5,7.2,589.0,67.2,38.7,0,正常
Day02-06:25,2,6,25,24.0,61.4,6.6,632.0,67.2,38.4,0,正常
Day02-06:26,2,6,26,23.2,63.4,7.5,660.0,58.7,38.6,0,正常
Day02-06:27,2,6,27,23.4,62.2,7.8,607.0,61.1,39.0,0,正常
Day02-06:28,2,6,28,23.6,62.3,8.9,553.0,64.8,38.8,0,正常
Day02-06:29,2,6,29,23.8,59.6,7.6,643.0,62.4,38.6,0,正常
Day02-06:30,2,6,30,23.7,60.7,4.8,538.0,66.2,38.9,0,正常
Day02-06:31,2,6,31,23.7,61.0,4.4,582.0,61.7,38.5,0,正常
Day02-06:32,2,6,32,23.2,61.8,8.8,558.0,68.4,38.7,0,正常
Day02-06:33,2,6,33,23.3,60.5,8.7,579.0,63.5,38.3,0,正常
Day02-06:34,2,6,34,23.4,60.7,5.1,582.0,63.7,39.0,0,正常
Day02-06:35,2,6,35,23.7,62.3,6.7,556.0,67.7,38.6,0,正常
Day02-06:36,2,6,36,23.2,61.5,4.7,585.0,67.7,38.2,0,正常
Day02-06:37,2,6,37,23.2,60.9,6.6,578.0,61.7,38.5,0,正常
Day02-06:38,2,6,38,23.3,62.5,4.6,528.0,58.9,38.7,0,正常
Day02-06:39,2,6,39,24.0,60.9,3.6,594.0,59.9,38.2,0,正常
Day02-06:40,2,6,40,23.7,59.6,4.6,622.0,53.3,38.1,0,正常
Day02-06:41,2,6,41,23.3,61.1,5.6,601.0,60.8,38.5,0,正常
Day02-06:42,2,6,42,23.9,60.7,5.4,614.0,65.3,38.8,0,正常
Day02-06:43,2,6,43,23.2,62.7,6.9,701.0,66.1,38.6,0,正常
Day02-06:44,2,6,44,23.6,61.3,6.8,581.0,68.9,38.1,0,正常
Day02-06:45,2,6,45,24.1,61.2,7.8,580.0,71.9,38.4,0,正常
Day02-06:46,2,6,46,23.4,61.3,7.5,599.0,66.4,38.6,0,正常
Day02-06:47,2,6,47,23.4,61.0,5.8,604.0,63.8,38.3,0,正常
Day02-06:48,2,6,48,23.5,59.4,5.4,611.0,65.8,38.8,0,正常
Day02-06:49,2,6,49,24.0,59.6,7.0,667.0,65.2,38.5,0,正常
Day02-06:50,2,6,50,23.4,59.1,6.0,593.0,58.6,38.6,0,正常
Day02-06:51,2,6,51,23.6,61.7,7.4,668.0,64.9,38.8,0,正常
Day02-06:52,2,6,52,23.9,61.7,5.0,544.0,70.8,38.7,0,正常
Day02-06:53,2,6,53,23.1,61.6,7.1,595.0,67.1,38.5,0,正常
Day02-06:54,2,6,54,22.6,60.3,9.9,628.0,68.4,38.5,0,正常
Day02-06:55,2,6,55,23.7,61.2,5.4,601.0,60.0,38.6,0,正常
Day02-06:56,2,6,56,23.3,63.6,5.5,614.0,68.0,38.7,0,正常
Day02-06:57,2,6,57,23.4,60.5,5.3,521.0,60.5,38.5,0,正常
Day02-06:58,2,6,58,23.2,62.6,7.3,710.0,65.2,38.5,0,正常
Day02-06:59,2,6,59,23.0,61.3,7.1,576.0,66.3,38.8,0,正常
Day02-07:00,2,7,0,23.9,58.9,4.8,704.0,87.9,38.4,2210.0,正常
Day02-07:01,2,7,1,24.2,60.7,8.3,738.0,88.3,38.4,2130.0,正常
Day02-07:02,2,7,2,23.7,59.4,8.6,738.0,90.1,38.7,2166.0,正常
Day02-07:03,2,7,3,24.1,56.3,6.6,627.0,87.6,38.7,2394.0,正常
Day02-07:04,2,7,4,24.1,60.8,6.5,710.0,99.0,38.7,2256.0,正常
Day02-07:05,2,7,5,24.1,57.3,7.9,628.0,92.0,39.2,2363.0,正常
Day02-07:06,2,7,6,24.1,61.8,6.0,702.0,93.4,39.0,2174.0,正常
Day02-07:07,2,7,7,24.5,58.6,5.8,780.0,87.0,38.9,2204.0,正常
Day02-07:08,2,7,8,24.1,60.7,6.1,688.0,94.0,38.7,2357.0,正常
Day02-07:09,2,7,9,24.4,59.1,7.9,730.0,89.4,38.7,2095.0,正常
Day02-07:10,2,7,10,24.5,59.1,6.8,740.0,84.4,38.6,2209.0,正常
Day02-07:11,2,7,11,23.8,60.2,7.1,670.0,88.7,38.3,2147.0,正常
Day02-07:12,2,7,12,24.5,58.7,9.0,657.0,86.1,38.2,2275.0,正常
Day02-07:13,2,7,13,24.1,59.3,5.8,754.0,89.7,39.1,2144.0,正常
Day02-07:14,2,7,14,24.3,61.2,8.4,691.0,94.8,38.0,2254.0,正常
Day02-07:15,2,7,15,23.8,61.1,7.0,736.0,92.9,38.8,1982.0,正常
Day02-07:16,2,7,16,24.3,59.4,7.8,662.0,96.4,38.5,2292.0,正常
Day02-07:17,2,7,17,23.7,60.5,8.8,812.0,87.4,38.6,2176.0,正常
Day02-07:18,2,7,18,24.1,59.1,5.9,703.0,84.2,38.4,2302.0,正常
Day02-07:19,2,7,19,24.2,59.0,8.8,706.0,85.9,38.6,2302.0,正常
Day02-07:20,2,7,20,24.1,57.4,7.3,711.0,87.6,38.5,2260.0,正常
Day02-07:21,2,7,21,23.6,58.1,5.9,621.0,97.8,38.7,2003.0,正常
Day02-07:22,2,7,22,24.3,57.2,8.6,637.0,93.2,39.0,2331.0,正常
Day02-07:23,2,7,23,24.0,59.1,8.8,824.0,90.2,38.6,2008.0,正常
Day02-07:24,2,7,24,24.3,58.1,7.5,613.0,96.1,38.7,2173.0,正常
Day02-07:25,2,7,25,23.1,60.2,7.3,651.0,93.0,38.4,2078.0,正常
Day02-07:26,2,7,26,24.4,59.6,7.5,711.0,90.1,38.6,2329.0,正常
Day02-07:27,2,7,27,24.4,59.7,7.6,691.0,90.2,39.4,2190.0,正常
Day02-07:28,2,7,28,23.9,59.4,7.2,731.0,86.2,38.9,2280.0,正常
Day02-07:29,2,7,29,24.0,60.1,7.3,782.0,92.1,39.1,2147.0,正常
Day02-07:30,2,7,30,24.7,58.3,6.9,645.0,84.3,38.7,2326.0,正常
Day02-07:31,2,7,31,24.6,58.9,7.3,723.0,94.9,38.8,2220.0,正常
Day02-07:32,2,7,32,23.9,60.8,8.8,597.0,93.4,38.3,2069.0,正常
Day02-07:33,2,7,33,24.6,61.0,6.4,692.0,87.6,38.5,2133.0,正常
Day02-07:34,2,7,34,24.0,59.5,7.1,639.0,98.4,38.0,2219.0,正常
Day02-07:35,2,7,35,24.4,59.0,8.9,753.0,87.6,38.6,2192.0,正常
Day02-07:36,2,7,36,24.1,59.6,9.1,801.0,85.6,37.9,2245.0,正常
Day02-07:37,2,7,37,24.3,59.3,6.3,762.0,100,38.8,2154.0,正常
Day02-07:38,2,7,38,24.2,61.2,5.7,666.0,94.0,38.8,2060.0,正常
Day02-07:39,2,7,39,24.2,59.3,8.9,697.0,88.3,38.5,2076.0,正常
Day02-07:40,2,7,40,23.9,60.9,6.2,667.0,92.2,37.9,2060.0,正常
Day02-07:41,2,7,41,24.2,60.5,6.9,731.0,91.3,38.4,2299.0,正常
Day02-07:42,2,7,42,24.0,59.0,5.6,649.0,97.6,38.1,2199.0,正常
Day02-07:43,2,7,43,24.2,59.5,6.9,701.0,88.9,38.5,2233.0,正常
Day02-07:44,2,7,44,24.1,59.6,8.2,736.0,85.0,38.7,2209.0,正常
Day02-07:45,2,7,45,23.6,59.7,8.8,719.0,90.3,38.5,2306.0,正常
Day02-07:46,2,7,46,24.1,59.0,6.9,687.0,95.1,38.5,2132.0,正常
Day02-07:47,2,7,47,24.5,58.0,10.8,763.0,91.2,38.2,2228.0,正常
Day02-07:48,2,7,48,24.3,60.0,6.2,680.0,93.3,38.7,2158.0,正常
Day02-07:49,2,7,49,23.9,59.0,5.0,662.0,75.9,38.3,2291.0,正常
Day02-07:50,2,7,50,24.6,60.1,6.1,668.0,88.5,39.0,2137.0,正常
Day02-07:51,2,7,51,24.0,57.8,8.3,617.0,89.2,38.9,2235.0,正常
Day02-07:52,2,7,52,24.1,58.6,8.4,672.0,87.0,39.0,2162.0,正常
Day02-07:53,2,7,53,23.9,59.4,8.1,759.0,87.3,38.7,2206.0,正常
Day02-07:54,2,7,54,23.9,58.8,5.4,756.0,92.3,38.2,2012.0,正常
Day02-07:55,2,7,55,23.8,60.5,8.7,681.0,92.9,38.6,2029.0,正常
Day02-07:56,2,7,56,24.1,58.8,7.7,758.0,85.5,38.3,2086.0,正常
Day02-07:57,2,7,57,24.3,59.2,4.6,636.0,93.5,38.2,2284.0,正常
Day02-07:58,2,7,58,24.4,58.8,6.0,721.0,89.5,38.2,2160.0,正常
Day02-07:59,2,7,59,23.9,59.2,7.7,704.0,89.3,38.0,2085.0,正常
Day02-08:00,2,8,0,24.4,59.2,11.2,803.0,83.6,38.5,0,正常
Day02-08:01,2,8,1,24.7,58.3,8.1,802.0,96.0,38.5,0,正常
Day02-08:02,2,8,2,24.6,58.9,7.8,751.0,84.4,38.4,0,正常
Day02-08:03,2,8,3,25.0,59.0,11.0,790.0,94.7,38.1,0,正常
Day02-08:04,2,8,4,24.9,58.4,8.8,797.0,90.7,38.4,0,正常
Day02-08:05,2,8,5,25.4,57.2,6.4,733.0,88.6,38.6,0,正常
Day02-08:06,2,8,6,24.4,59.2,8.0,831.0,90.2,38.6,0,正常
Day02-08:07,2,8,7,24.8,58.9,8.0,897.0,88.2,38.3,0,正常
Day02-08:08,2,8,8,24.8,57.6,5.2,839.0,85.1,38.6,0,正常
Day02-08:09,2,8,9,24.4,58.8,6.7,784.0,89.8,38.7,0,正常
Day02-08:10,2,8,10,24.9,58.7,10.6,787.0,93.1,38.6,0,正常
Day02-08:11,2,8,11,24.6,57.2,8.6,876.0,87.6,38.3,0,正常
Day02-08:12,2,8,12,24.9,60.6,7.5,761.0,95.4,38.0,0,正常
Day02-08:13,2,8,13,24.5,56.9,9.1,807.0,85.3,38.1,0,正常
Day02-08:14,2,8,14,24.6,57.3,6.2,787.0,92.3,38.7,0,正常
Day02-08:15,2,8,15,24.7,59.8,10.4,830.0,91.6,38.5,0,正常
Day02-08:16,2,8,16,25.0,57.7,7.7,761.0,86.8,38.6,0,正常
Day02-08:17,2,8,17,25.1,58.2,7.8,837.0,95.2,38.3,0,正常
Day02-08:18,2,8,18,24.8,59.1,6.4,761.0,86.2,38.9,0,正常
Day02-08:19,2,8,19,24.2,59.5,8.4,817.0,85.5,38.4,0,正常
Day02-08:20,2,8,20,24.0,56.8,8.8,763.0,81.6,38.5,0,正常
Day02-08:21,2,8,21,25.0,57.7,9.2,739.0,92.0,38.2,0,正常
Day02-08:22,2,8,22,24.9,57.7,9.9,786.0,82.7,38.3,0,正常
Day02-08:23,2,8,23,24.7,59.7,10.0,778.0,96.0,38.1,0,正常
Day02-08:24,2,8,24,24.5,57.4,3.2,833.0,92.0,38.8,0,正常
Day02-08:25,2,8,25,24.5,58.2,8.1,832.0,85.1,38.4,0,正常
Day02-08:26,2,8,26,24.8,57.9,6.7,892.0,84.9,38.6,0,正常
Day02-08:27,2,8,27,25.0,57.7,6.3,764.0,86.5,39.1,0,正常
Day02-08:28,2,8,28,24.0,56.8,9.2,782.0,98.9,38.4,0,正常
Day02-08:29,2,8,29,24.8,57.5,7.9,763.0,96.2,38.1,0,正常
Day02-08:30,2,8,30,25.0,57.0,13.8,723.0,88.4,38.7,0,正常
Day02-08:31,2,8,31,24.6,58.9,8.7,856.0,92.4,38.8,0,正常
Day02-08:32,2,8,32,24.5,57.3,8.0,768.0,95.0,38.6,0,正常
Day02-08:33,2,8,33,25.1,59.3,5.8,907.0,83.0,38.8,0,正常
Day02-08:34,2,8,34,24.3,57.3,7.4,841.0,96.8,38.3,0,正常
Day02-08:35,2,8,35,25.3,58.6,9.0,830.0,86.7,38.6,0,正常
Day02-08:36,2,8,36,24.7,58.2,6.1,798.0,81.3,39.0,0,正常
Day02-08:37,2,8,37,24.1,58.8,9.3,808.0,97.2,38.4,0,正常
Day02-08:38,2,8,38,24.7,59.3,10.5,740.0,89.5,38.8,0,正常
Day02-08:39,2,8,39,24.3,57.9,6.1,849.0,85.4,38.3,0,正常
Day02-08:40,2,8,40,24.0,56.8,8.1,772.0,98.0,38.1,0,正常
Day02-08:41,2,8,41,24.3,57.6,5.9,755.0,100,38.4,0,正常
Day02-08:42,2,8,42,24.8,59.3,9.1,696.0,91.0,38.8,0,正常
Day02-08:43,2,8,43,24.7,57.9,4.7,801.0,96.3,38.7,0,正常
Day02-08:44,2,8,44,25.0,57.7,9.6,805.0,94.2,39.0,0,正常
Day02-08:45,2,8,45,24.3,58.2,6.1,766.0,94.3,38.3,0,正常
Day02-08:46,2,8,46,24.9,57.6,9.3,827.0,87.3,38.4,0,正常
Day02-08:47,2,8,47,24.0,56.9,10.4,792.0,99.2,37.9,0,正常
Day02-08:48,2,8,48,25.1,57.3,8.3,818.0,92.3,38.6,0,正常
Day02-08:49,2,8,49,24.8,59.8,6.9,852.0,94.1,38.5,0,正常
Day02-08:50,2,8,50,24.3,58.0,6.4,796.0,81.5,38.5,0,正常
Day02-08:51,2,8,51,24.2,58.0,6.4,793.0,91.4,39.0,0,正常
Day02-08:52,2,8,52,24.4,57.4,9.2,798.0,94.0,38.3,0,正常
Day02-08:53,2,8,53,24.5,58.3,9.3,801.0,87.6,38.9,0,正常
Day02-08:54,2,8,54,24.2,56.1,7.2,909.0,85.7,38.0,0,正常
Day02-08:55,2,8,55,24.4,58.0,8.0,839.0,92.3,38.6,0,正常
Day02-08:56,2,8,56,24.8,57.2,8.6,793.0,89.7,38.6,0,正常
Day02-08:57,2,8,57,24.3,56.4,6.0,820.0,88.0,38.0,0,正常
Day02-08:58,2,8,58,24.7,58.1,11.6,765.0,94.4,38.8,0,正常
Day02-08:59,2,8,59,25.0,58.2,8.5,866.0,91.7,39.0,0,正常
Day02-09:00,2,9,0,24.6,59.0,7.2,839.0,63.2,38.6,0,正常
Day02-09:01,2,9,1,24.9,57.5,9.2,857.0,67.2,38.2,0,正常
Day02-09:02,2,9,2,24.7,57.5,8.4,873.0,59.3,38.3,0,正常
Day02-09:03,2,9,3,25.0,56.1,8.7,857.0,69.7,38.4,0,正常
Day02-09:04,2,9,4,25.1,57.0,9.0,927.0,65.9,38.4,0,正常
Day02-09:05,2,9,5,25.1,57.9,7.3,771.0,67.6,38.5,0,正常
Day02-09:06,2,9,6,25.0,59.8,6.6,832.0,68.4,38.5,0,正常
Day02-09:07,2,9,7,24.7,56.3,9.5,847.0,62.9,38.4,0,正常
Day02-09:08,2,9,8,24.5,57.2,7.6,813.0,63.9,38.7,0,正常
Day02-09:09,2,9,9,24.6,57.7,8.8,879.0,65.7,38.8,0,正常
Day02-09:10,2,9,10,25.4,59.9,11.7,936.0,59.4,38.8,0,正常
Day02-09:11,2,9,11,25.4,55.4,6.8,918.0,59.2,38.1,0,正常
Day02-09:12,2,9,12,25.0,56.1,10.0,894.0,65.3,38.4,0,正常
Day02-09:13,2,9,13,25.2,56.6,8.9,945.0,61.0,38.7,0,正常
Day02-09:14,2,9,14,24.6,56.2,8.0,862.0,58.6,38.7,0,正常
Day02-09:15,2,9,15,24.7,57.5,6.9,897.0,61.3,38.7,0,正常
Day02-09:16,2,9,16,24.8,56.5,9.3,819.0,59.5,38.5,0,正常
Day02-09:17,2,9,17,25.1,56.0,9.6,797.0,55.8,38.5,0,正常
Day02-09:18,2,9,18,24.6,57.5,10.3,899.0,63.7,38.4,0,正常
Day02-09:19,2,9,19,24.4,57.2,9.8,896.0,63.0,38.5,0,正常
Day02-09:20,2,9,20,25.4,59.3,7.6,951.0,73.3,38.9,0,正常
Day02-09:21,2,9,21,24.6,57.8,11.9,832.0,54.7,38.6,0,正常
Day02-09:22,2,9,22,24.9,56.6,10.1,954.0,60.4,38.6,0,正常
Day02-09:23,2,9,23,25.3,56.7,8.6,947.0,68.7,38.4,0,正常
Day02-09:24,2,9,24,24.8,57.3,8.9,907.0,59.3,38.8,0,正常
Day02-09:25,2,9,25,24.2,55.9,8.0,968.0,67.0,38.3,0,正常
Day02-09:26,2,9,26,24.8,57.5,5.5,882.0,61.4,38.3,0,正常
Day02-09:27,2,9,27,24.7,57.0,9.4,912.0,68.5,38.7,0,正常
Day02-09:28,2,9,28,24.9,56.5,9.1,849.0,67.0,38.6,0,正常
Day02-09:29,2,9,29,25.1,56.9,10.2,877.0,62.2,38.6,0,正常
Day02-09:30,2,9,30,25.4,57.3,9.3,762.0,63.4,39.1,0,正常
Day02-09:31,2,9,31,25.0,56.1,8.5,937.0,64.6,38.7,0,正常
Day02-09:32,2,9,32,25.0,57.1,9.6,875.0,69.8,38.6,0,正常
Day02-09:33,2,9,33,24.7,57.9,9.6,937.0,64.0,38.3,0,正常
Day02-09:34,2,9,34,25.2,57.8,8.8,947.0,55.3,38.0,0,正常
Day02-09:35,2,9,35,24.8,57.8,8.7,774.0,67.6,38.1,0,正常
Day02-09:36,2,9,36,25.0,57.5,6.2,872.0,61.1,38.8,0,正常
Day02-09:37,2,9,37,24.4,56.1,9.3,900.0,70.9,38.5,0,正常
Day02-09:38,2,9,38,24.4,57.4,8.5,854.0,53.7,38.7,0,正常
Day02-09:39,2,9,39,24.9,56.5,10.6,994.0,64.8,38.2,0,正常
Day02-09:40,2,9,40,25.1,57.6,9.0,895.0,74.6,38.4,0,正常
Day02-09:41,2,9,41,25.2,57.3,6.2,921.0,62.6,38.7,0,正常
Day02-09:42,2,9,42,25.4,57.3,9.2,902.0,63.1,38.8,0,正常
Day02-09:43,2,9,43,24.4,57.4,11.3,865.0,72.8,38.5,0,正常
Day02-09:44,2,9,44,24.9,59.0,8.4,840.0,63.8,38.2,0,正常
Day02-09:45,2,9,45,24.9,58.0,11.1,869.0,61.8,39.3,0,正常
Day02-09:46,2,9,46,24.9,58.0,7.6,920.0,59.1,38.7,0,正常
Day02-09:47,2,9,47,24.8,57.0,8.7,724.0,66.0,38.1,0,正常
Day02-09:48,2,9,48,24.7,58.0,9.1,849.0,68.2,38.6,0,正常
Day02-09:49,2,9,49,24.6,57.6,9.2,852.0,60.6,38.6,0,正常
Day02-09:50,2,9,50,24.6,58.5,5.2,909.0,74.9,38.4,0,正常
Day02-09:51,2,9,51,25.0,58.4,10.7,869.0,67.9,38.4,0,正常
Day02-09:52,2,9,52,24.8,56.6,9.5,789.0,64.5,38.5,0,正常
Day02-09:53,2,9,53,25.2,56.8,11.3,836.0,69.3,38.6,0,正常
Day02-09:54,2,9,54,24.2,57.8,8.1,918.0,72.3,38.4,0,正常
Day02-09:55,2,9,55,25.2,57.1,9.6,924.0,63.0,38.4,0,正常
Day02-09:56,2,9,56,24.8,58.2,8.3,926.0,62.3,38.7,0,正常
Day02-09:57,2,9,57,25.2,57.9,7.0,862.0,76.8,38.5,0,正常
Day02-09:58,2,9,58,24.9,57.1,9.4,830.0,55.5,38.1,0,正常
Day02-09:59,2,9,59,25.2,57.3,9.7,859.0,65.4,38.6,0,正常
Day02-10:00,2,10,0,24.6,57.2,7.4,938.0,70.2,38.5,0,正常
Day02-10:01,2,10,1,25.7,56.9,7.7,984.0,68.4,38.5,0,正常
Day02-10:02,2,10,2,25.0,58.4,10.2,927.0,65.0,38.2,0,正常
Day02-10:03,2,10,3,24.8,58.2,9.6,1007.0,66.4,38.6,0,正常
Day02-10:04,2,10,4,24.8,56.7,8.8,937.0,60.5,38.3,0,正常
Day02-10:05,2,10,5,24.9,58.8,8.7,904.0,63.6,38.8,0,正常
Day02-10:06,2,10,6,25.1,55.3,11.2,967.0,67.6,38.8,0,正常
Day02-10:07,2,10,7,25.5,58.8,9.0,1018.0,68.7,38.4,0,正常
Day02-10:08,2,10,8,25.1,54.4,7.9,945.0,69.0,38.2,0,正常
Day02-10:09,2,10,9,24.8,57.1,10.6,978.0,66.2,38.8,0,正常
Day02-10:10,2,10,10,25.4,57.1,9.6,986.0,59.0,38.5,0,正常
Day02-10:11,2,10,11,24.8,56.3,9.1,914.0,69.1,38.4,0,正常
Day02-10:12,2,10,12,24.6,57.7,10.0,963.0,55.1,39.0,0,正常
Day02-10:13,2,10,13,24.8,55.8,9.5,1002.0,68.8,37.8,0,正常
Day02-10:14,2,10,14,24.5,56.5,10.1,938.0,68.7,38.4,0,正常
Day02-10:15,2,10,15,25.3,58.3,10.6,953.0,68.4,38.5,0,正常
Day02-10:16,2,10,16,25.1,57.5,8.2,898.0,59.4,38.7,0,正常
Day02-10:17,2,10,17,25.0,57.3,7.8,923.0,67.2,38.2,0,正常
Day02-10:18,2,10,18,24.9,57.6,8.4,962.0,66.7,38.7,0,正常
Day02-10:19,2,10,19,25.3,56.5,7.4,931.0,61.8,39.0,0,正常
Day02-10:20,2,10,20,24.7,57.3,8.8,961.0,61.9,38.8,0,正常
Day02-10:21,2,10,21,24.9,56.9,10.8,975.0,64.5,38.8,0,正常
Day02-10:22,2,10,22,24.8,54.8,10.8,1009.0,62.3,38.8,0,正常
Day02-10:23,2,10,23,25.2,56.6,10.5,933.0,66.7,38.4,0,正常
Day02-10:24,2,10,24,25.0,55.6,7.6,967.0,61.5,38.1,0,正常
Day02-10:25,2,10,25,25.1,58.6,9.0,975.0,65.2,38.7,0,正常
Day02-10:26,2,10,26,24.0,59.1,13.4,998.0,60.1,38.6,0,正常
Day02-10:27,2,10,27,25.0,55.3,8.9,976.0,70.5,38.8,0,正常
Day02-10:28,2,10,28,25.3,58.2,10.7,875.0,54.3,38.3,0,正常
Day02-10:29,2,10,29,24.7,56.5,8.7,914.0,64.1,38.8,0,正常
Day02-10:30,2,10,30,24.5,58.9,9.5,991.0,63.4,38.7,0,正常
Day02-10:31,2,10,31,24.8,55.0,8.7,994.0,68.0,37.9,0,正常
Day02-10:32,2,10,32,25.1,56.4,10.7,945.0,71.8,38.4,0,正常
Day02-10:33,2,10,33,24.6,55.6,8.4,951.0,63.2,38.7,0,正常
Day02-10:34,2,10,34,25.1,54.7,9.5,948.0,69.5,38.8,0,正常
Day02-10:35,2,10,35,24.5,56.4,9.3,970.0,67.5,38.5,0,正常
Day02-10:36,2,10,36,25.4,56.1,9.0,987.0,61.7,38.6,0,正常
Day02-10:37,2,10,37,25.0,55.8,11.0,857.0,56.3,39.2,0,正常
Day02-10:38,2,10,38,25.1,56.0,7.6,933.0,65.1,37.9,0,正常
Day02-10:39,2,10,39,24.9,56.0,10.9,922.0,56.3,38.6,0,正常
Day02-10:40,2,10,40,24.8,56.3,10.4,963.0,64.5,39.0,0,正常
Day02-10:41,2,10,41,24.8,59.3,9.5,968.0,61.1,38.3,0,正常
Day02-10:42,2,10,42,25.2,56.6,9.1,964.0,63.5,38.2,0,正常
Day02-10:43,2,10,43,25.0,55.5,11.3,980.0,64.4,38.6,0,正常
Day02-10:44,2,10,44,24.9,57.3,11.4,1010.0,72.4,38.6,0,正常
Day02-10:45,2,10,45,25.1,58.5,8.7,977.0,61.5,38.6,0,正常
Day02-10:46,2,10,46,24.5,57.2,10.7,961.0,61.3,39.0,0,正常
Day02-10:47,2,10,47,25.0,57.6,9.1,909.0,61.4,38.9,0,正常
Day02-10:48,2,10,48,24.8,57.5,7.7,1013.0,71.0,38.8,0,正常
Day02-10:49,2,10,49,25.2,57.1,10.1,883.0,59.5,38.4,0,正常
Day02-10:50,2,10,50,24.9,55.4,8.7,991.0,56.9,38.4,0,正常
Day02-10:51,2,10,51,25.8,57.9,8.8,865.0,61.1,38.6,0,正常
Day02-10:52,2,10,52,25.3,57.1,12.5,940.0,65.4,38.4,0,正常
Day02-10:53,2,10,53,24.5,56.7,10.0,893.0,62.1,38.5,0,正常
Day02-10:54,2,10,54,25.2,57.1,7.6,838.0,64.3,38.5,0,正常
Day02-10:55,2,10,55,24.5,58.3,11.1,944.0,67.8,39.1,0,正常
Day02-10:56,2,10,56,25.1,57.1,9.1,918.0,64.3,38.5,0,正常
Day02-10:57,2,10,57,24.8,57.2,10.9,922.0,65.8,38.0,0,正常
Day02-10:58,2,10,58,24.9,55.9,10.5,1036.0,66.4,38.6,0,正常
Day02-10:59,2,10,59,25.1,57.5,8.5,873.0,55.0,38.5,0,正常
Day02-11:00,2,11,0,24.8,58.1,8.5,954.0,59.4,38.7,0,正常
Day02-11:01,2,11,1,24.6,57.7,10.8,899.0,66.9,38.8,0,正常
Day02-11:02,2,11,2,25.2,56.8,11.5,1043.0,65.7,39.0,0,正常
Day02-11:03,2,11,3,24.9,56.4,11.5,990.0,57.0,38.2,0,正常
Day02-11:04,2,11,4,25.1,58.0,9.1,960.0,65.6,38.6,0,正常
Day02-11:05,2,11,5,25.1,57.4,8.2,941.0,70.8,38.1,0,正常
Day02-11:06,2,11,6,25.0,57.0,12.0,965.0,53.0,38.7,0,正常
Day02-11:07,2,11,7,24.6,57.3,11.1,982.0,57.8,38.0,0,正常
Day02-11:08,2,11,8,24.5,56.5,11.1,1013.0,62.9,38.7,0,正常
Day02-11:09,2,11,9,24.9,55.7,10.2,941.0,67.8,39.0,0,正常
Day02-11:10,2,11,10,24.7,56.6,8.2,917.0,55.9,38.3,0,正常
Day02-11:11,2,11,11,24.5,56.2,12.2,986.0,65.2,39.0,0,正常
Day02-11:12,2,11,12,24.5,55.7,11.4,968.0,60.6,38.7,0,正常
Day02-11:13,2,11,13,24.9,58.0,11.9,1035.0,63.1,38.1,0,正常
Day02-11:14,2,11,14,24.4,55.9,10.9,996.0,71.1,38.8,0,正常
Day02-11:15,2,11,15,25.2,57.3,6.4,1040.0,64.5,38.5,0,正常
Day02-11:16,2,11,16,24.7,56.9,10.8,1009.0,65.4,38.9,0,正常
Day02-11:17,2,11,17,24.4,57.7,8.3,967.0,61.4,37.6,0,正常
Day02-11:18,2,11,18,24.6,56.5,12.0,1014.0,67.0,38.4,0,正常
Day02-11:19,2,11,19,24.9,56.7,11.4,943.0,69.7,38.6,0,正常
Day02-11:20,2,11,20,25.0,58.2,11.3,1062.0,69.4,38.3,0,正常
Day02-11:21,2,11,21,24.8,58.5,10.6,1000.0,64.5,38.4,0,正常
Day02-11:22,2,11,22,25.2,57.1,11.0,1026.0,66.0,38.4,0,正常
Day02-11:23,2,11,23,25.1,57.8,10.7,942.0,74.1,38.5,0,正常
Day02-11:24,2,11,24,25.3,57.7,11.6,940.0,66.2,38.8,0,正常
Day02-11:25,2,11,25,24.2,57.4,8.0,979.0,74.2,38.9,0,正常
Day02-11:26,2,11,26,24.4,57.5,12.4,1005.0,70.5,39.0,0,正常
Day02-11:27,2,11,27,24.8,58.3,9.1,990.0,68.0,38.6,0,正常
Day02-11:28,2,11,28,24.8,56.1,9.1,928.0,59.3,38.2,0,正常
Day02-11:29,2,11,29,25.0,57.3,9.5,883.0,60.0,38.3,0,正常
Day02-11:30,2,11,30,25.0,56.8,10.2,879.0,67.2,37.8,0,正常
Day02-11:31,2,11,31,25.0,57.1,9.7,1064.0,63.8,38.5,0,正常
Day02-11:32,2,11,32,24.6,58.5,9.7,975.0,65.1,39.1,0,正常
Day02-11:33,2,11,33,25.2,56.5,10.9,998.0,72.5,38.6,0,正常
Day02-11:34,2,11,34,24.4,57.5,11.6,996.0,74.2,38.6,0,正常
Day02-11:35,2,11,35,25.0,59.0,11.3,923.0,61.6,39.2,0,正常
Day02-11:36,2,11,36,25.1,56.4,10.2,1004.0,59.8,39.0,0,正常
Day02-11:37,2,11,37,25.0,56.5,8.6,978.0,69.7,39.1,0,正常
Day02-11:38,2,11,38,24.9,57.5,10.7,1022.0,68.6,38.7,0,正常
Day02-11:39,2,11,39,25.0,57.5,8.2,895.0,66.5,38.8,0,正常
Day02-11:40,2,11,40,25.1,57.5,11.7,878.0,63.1,38.6,0,正常
Day02-11:41,2,11,41,24.9,57.8,11.5,961.0,67.8,38.7,0,正常
Day02-11:42,2,11,42,25.0,56.0,12.7,971.0,65.9,39.2,0,正常
Day02-11:43,2,11,43,24.3,55.7,12.1,1022.0,70.0,38.9,0,正常
Day02-11:44,2,11,44,24.9,58.7,10.7,1016.0,73.8,38.4,0,正常
Day02-11:45,2,11,45,25.4,57.5,11.2,902.0,69.2,38.6,0,正常
Day02-11:46,2,11,46,24.6,57.9,14.0,955.0,62.7,38.4,0,正常
Day02-11:47,2,11,47,24.5,55.5,10.2,988.0,61.4,38.4,0,正常
Day02-11:48,2,11,48,25.1,58.0,12.5,1014.0,68.0,38.1,0,正常
Day02-11:49,2,11,49,25.6,56.3,9.7,951.0,60.2,38.5,0,正常
Day02-11:50,2,11,50,25.5,57.5,12.3,1050.0,59.9,38.7,0,正常
Day02-11:51,2,11,51,25.4,56.2,9.9,999.0,65.8,38.5,0,正常
Day02-11:52,2,11,52,24.6,57.5,10.8,936.0,65.8,38.6,0,正常
Day02-11:53,2,11,53,24.8,57.3,9.0,878.0,73.0,38.4,0,正常
Day02-11:54,2,11,54,24.6,58.0,9.3,1015.0,58.5,39.1,0,正常
Day02-11:55,2,11,55,25.1,57.0,10.4,907.0,71.4,38.3,0,正常
Day02-11:56,2,11,56,25.2,56.8,8.2,1044.0,60.4,38.7,0,正常
Day02-11:57,2,11,57,24.9,59.0,9.1,958.0,77.6,38.9,0,正常
Day02-11:58,2,11,58,24.1,55.6,11.7,1006.0,70.6,38.2,0,正常
Day02-11:59,2,11,59,25.3,56.0,12.1,1016.0,64.6,39.1,0,正常
Day02-12:00,2,12,0,24.6,58.6,7.8,977.0,91.6,38.4,2317.0,正常
Day02-12:01,2,12,1,24.5,57.6,11.7,1022.0,89.5,38.1,2345.0,正常
Day02-12:02,2,12,2,24.5,57.3,11.1,1033.0,86.3,38.5,2127.0,正常
Day02-12:03,2,12,3,24.8,56.4,11.3,991.0,91.2,38.2,2269.0,正常
Day02-12:04,2,12,4,24.8,57.9,10.4,943.0,85.8,38.6,2329.0,正常
Day02-12:05,2,12,5,24.8,59.9,9.5,921.0,93.8,38.5,2195.0,正常
Day02-12:06,2,12,6,24.5,59.1,8.1,937.0,84.0,38.4,2254.0,正常
Day02-12:07,2,12,7,24.9,57.0,7.1,973.0,82.5,38.1,2200.0,正常
Day02-12:08,2,12,8,24.5,56.7,9.2,936.0,89.6,38.1,2187.0,正常
Day02-12:09,2,12,9,24.2,57.2,11.1,972.0,92.0,38.7,2317.0,正常
Day02-12:10,2,12,10,25.2,58.3,10.9,1029.0,97.8,38.2,2198.0,正常
Day02-12:11,2,12,11,24.6,54.3,8.8,989.0,90.4,38.4,2084.0,正常
Day02-12:12,2,12,12,24.5,58.8,8.7,1079.0,87.2,38.2,2337.0,正常
Day02-12:13,2,12,13,25.1,58.1,12.6,974.0,87.8,38.7,2321.0,正常
Day02-12:14,2,12,14,24.8,55.9,11.8,1004.0,80.2,38.6,2206.0,正常
Day02-12:15,2,12,15,24.7,57.8,11.6,950.0,90.3,39.2,2197.0,正常
Day02-12:16,2,12,16,24.3,59.2,10.2,1017.0,87.9,38.2,2211.0,正常
Day02-12:17,2,12,17,24.4,58.2,12.9,930.0,95.0,38.4,2092.0,正常
Day02-12:18,2,12,18,24.2,57.4,10.3,997.0,88.0,39.1,2160.0,正常
Day02-12:19,2,12,19,24.1,58.5,10.2,1036.0,85.0,38.4,2263.0,正常
Day02-12:20,2,12,20,24.7,58.0,11.2,1011.0,82.1,39.0,2223.0,正常
Day02-12:21,2,12,21,24.9,59.1,11.0,1093.0,92.9,38.4,2238.0,正常
Day02-12:22,2,12,22,25.0,57.8,12.7,969.0,84.9,37.7,2140.0,正常
Day02-12:23,2,12,23,24.7,57.9,9.1,988.0,92.9,38.7,2330.0,正常
Day02-12:24,2,12,24,24.6,57.5,12.4,966.0,91.7,38.0,2180.0,正常
Day02-12:25,2,12,25,24.9,59.1,7.7,996.0,88.7,38.5,2273.0,正常
Day02-12:26,2,12,26,24.5,57.2,11.8,949.0,95.0,38.8,2421.0,正常
Day02-12:27,2,12,27,24.3,58.2,10.3,888.0,86.2,38.1,2178.0,正常
Day02-12:28,2,12,28,24.8,56.4,14.7,996.0,93.1,38.8,2291.0,正常
Day02-12:29,2,12,29,24.4,58.3,10.4,909.0,89.3,38.5,2390.0,正常
Day02-12:30,2,12,30,24.4,57.6,10.2,1009.0,84.4,38.3,2320.0,正常
Day02-12:31,2,12,31,24.3,57.3,11.7,1020.0,93.3,38.5,2211.0,正常
Day02-12:32,2,12,32,24.7,58.2,10.1,984.0,83.2,38.6,2254.0,正常
Day02-12:33,2,12,33,23.9,58.5,9.0,1052.0,84.5,38.4,2427.0,正常
Day02-12:34,2,12,34,24.6,57.2,7.8,991.0,96.8,38.5,2125.0,正常
Day02-12:35,2,12,35,25.0,56.6,12.6,1020.0,89.1,39.0,2296.0,正常
Day02-12:36,2,12,36,24.7,59.3,10.4,958.0,92.4,38.8,2257.0,正常
Day02-12:37,2,12,37,24.5,56.8,8.0,971.0,95.9,38.2,2338.0,正常
Day02-12:38,2,12,38,24.1,58.3,11.4,1096.0,92.0,38.6,2117.0,正常
Day02-12:39,2,12,39,24.5,58.5,10.5,938.0,94.7,38.5,2350.0,正常
Day02-12:40,2,12,40,24.7,57.9,10.3,1007.0,90.1,38.5,2111.0,正常
Day02-12:41,2,12,41,24.7,60.3,11.7,942.0,84.7,39.1,2372.0,正常
Day02-12:42,2,12,42,25.3,58.0,6.6,1040.0,82.2,38.3,2121.0,正常
Day02-12:43,2,12,43,24.3,57.7,11.1,871.0,94.1,38.8,2159.0,正常
Day02-12:44,2,12,44,24.5,58.6,11.5,1149.0,84.1,38.6,2296.0,正常
Day02-12:45,2,12,45,24.7,57.9,10.7,1064.0,88.1,38.5,2188.0,正常
Day02-12:46,2,12,46,24.3,56.5,10.0,963.0,88.5,38.4,2334.0,正常
Day02-12:47,2,12,47,24.0,59.0,9.2,1011.0,83.0,38.1,2345.0,正常
Day02-12:48,2,12,48,24.3,57.5,10.5,895.0,100,38.4,2081.0,正常
Day02-12:49,2,12,49,25.1,56.2,11.7,921.0,87.5,38.7,2162.0,正常
Day02-12:50,2,12,50,24.5,58.8,9.9,1032.0,90.8,38.9,2308.0,正常
Day02-12:51,2,12,51,24.9,56.5,10.6,1052.0,90.7,38.2,2183.0,正常
Day02-12:52,2,12,52,24.5,58.1,13.5,995.0,95.5,38.7,2010.0,正常
Day02-12:53,2,12,53,24.2,56.4,9.1,975.0,88.5,38.3,2171.0,正常
Day02-12:54,2,12,54,24.0,57.0,8.9,1050.0,99.5,38.2,2411.0,正常
Day02-12:55,2,12,55,24.7,58.9,12.9,966.0,79.5,38.3,2330.0,正常
Day02-12:56,2,12,56,25.1,58.6,13.3,964.0,89.9,37.8,2161.0,正常
Day02-12:57,2,12,57,25.0,58.7,11.0,943.0,84.4,39.1,2208.0,正常
Day02-12:58,2,12,58,24.5,57.3,10.3,953.0,93.4,38.5,2151.0,正常
Day02-12:59,2,12,59,24.4,57.8,9.8,989.0,89.8,38.0,2359.0,正常
Day02-13:00,2,13,0,24.0,58.2,11.4,989.0,99.4,38.9,0,正常
Day02-13:01,2,13,1,23.8,58.3,11.5,1012.0,90.8,38.5,0,正常
Day02-13:02,2,13,2,23.9,61.0,10.8,852.0,90.0,39.0,0,正常
Day02-13:03,2,13,3,24.0,59.4,9.4,979.0,88.3,38.3,0,正常
Day02-13:04,2,13,4,24.0,59.8,8.1,991.0,93.8,38.6,0,正常
Day02-13:05,2,13,5,24.2,59.3,10.8,998.0,85.6,37.9,0,正常
Day02-13:06,2,13,6,24.0,60.6,9.9,990.0,93.5,38.4,0,正常
Day02-13:07,2,13,7,23.8,58.5,9.5,1022.0,91.1,38.6,0,正常
Day02-13:08,2,13,8,23.9,59.4,12.1,1003.0,91.2,38.5,0,正常
Day02-13:09,2,13,9,24.2,59.8,10.4,946.0,84.5,38.5,0,正常
Day02-13:10,2,13,10,24.5,60.2,11.0,1031.0,91.1,39.1,0,正常
Day02-13:11,2,13,11,24.4,60.4,11.2,939.0,92.0,38.6,0,正常
Day02-13:12,2,13,12,23.9,58.9,6.8,1010.0,96.8,38.8,0,正常
Day02-13:13,2,13,13,24.0,59.5,10.8,942.0,100,38.0,0,正常
Day02-13:14,2,13,14,24.3,59.1,11.3,995.0,84.8,38.5,0,正常
Day02-13:15,2,13,15,24.2,58.6,10.1,1016.0,92.6,38.5,0,正常
Day02-13:16,2,13,16,23.9,59.1,8.5,898.0,83.8,38.6,0,正常
Day02-13:17,2,13,17,23.7,60.1,10.5,985.0,83.1,38.6,0,正常
Day02-13:18,2,13,18,24.3,61.0,9.1,1107.0,89.1,39.1,0,正常
Day02-13:19,2,13,19,24.4,57.7,12.9,1048.0,84.3,38.5,0,正常
Day02-13:20,2,13,20,24.4,60.4,10.1,913.0,85.7,38.4,0,正常
Day02-13:21,2,13,21,23.8,59.6,12.9,965.0,80.7,38.2,0,正常
Day02-13:22,2,13,22,24.0,58.6,10.6,1080.0,89.4,38.5,0,正常
Day02-13:23,2,13,23,24.2,57.5,11.4,1050.0,83.9,39.2,0,正常
Day02-13:24,2,13,24,24.2,61.0,12.3,1015.0,94.2,38.0,0,正常
Day02-13:25,2,13,25,23.8,58.5,12.0,982.0,91.7,38.2,0,正常
Day02-13:26,2,13,26,23.6,58.5,11.9,961.0,95.5,38.4,0,正常
Day02-13:27,2,13,27,24.7,59.2,10.1,1011.0,92.0,38.0,0,正常
Day02-13:28,2,13,28,23.9,60.6,12.4,1004.0,86.9,38.9,0,正常
Day02-13:29,2,13,29,24.3,59.7,10.6,968.0,95.9,38.8,0,正常
Day02-13:30,2,13,30,24.1,57.4,10.8,1072.0,88.1,38.6,0,正常
Day02-13:31,2,13,31,24.6,60.2,11.3,979.0,84.2,38.7,0,正常
Day02-13:32,2,13,32,23.9,59.9,12.2,957.0,90.4,38.8,0,正常
Day02-13:33,2,13,33,24.1,56.6,12.4,946.0,90.0,38.8,0,正常
Day02-13:34,2,13,34,24.9,58.2,9.8,939.0,92.7,38.7,0,正常
Day02-13:35,2,13,35,24.2,59.3,11.7,1029.0,87.1,37.9,0,正常
Day02-13:36,2,13,36,24.7,59.7,8.9,972.0,86.7,38.2,0,正常
Day02-13:37,2,13,37,24.1,60.3,12.0,985.0,88.7,38.3,0,正常
Day02-13:38,2,13,38,23.8,60.4,11.0,1029.0,80.8,38.2,0,正常
Day02-13:39,2,13,39,24.1,57.9,9.7,943.0,86.6,38.7,0,正常
Day02-13:40,2,13,40,24.3,58.8,12.1,924.0,79.6,38.5,0,正常
Day02-13:41,2,13,41,23.6,59.3,10.4,936.0,90.5,38.5,0,正常
Day02-13:42,2,13,42,24.5,59.6,12.4,929.0,87.8,38.9,0,正常
Day02-13:43,2,13,43,24.3,58.3,12.5,994.0,100,38.7,0,正常
Day02-13:44,2,13,44,24.2,58.7,11.0,1030.0,92.9,38.8,0,正常
Day02-13:45,2,13,45,24.1,59.1,8.9,941.0,87.5,38.2,0,正常
Day02-13:46,2,13,46,24.2,60.5,13.1,987.0,93.1,39.3,0,正常
Day02-13:47,2,13,47,24.3,58.0,8.5,920.0,92.0,38.3,0,正常
Day02-13:48,2,13,48,24.4,57.9,12.4,1017.0,89.0,38.3,0,正常
Day02-13:49,2,13,49,24.0,58.4,11.2,1016.0,87.0,38.7,0,正常
Day02-13:50,2,13,50,24.7,60.1,11.3,971.0,92.8,38.6,0,正常
Day02-13:51,2,13,51,23.7,58.8,11.4,1067.0,93.5,38.4,0,正常
Day02-13:52,2,13,52,23.9,58.2,10.9,1003.0,85.2,38.3,0,正常
Day02-13:53,2,13,53,23.7,59.2,9.6,987.0,84.5,38.8,0,正常
Day02-13:54,2,13,54,23.8,58.7,11.4,987.0,86.9,38.5,0,正常
Day02-13:55,2,13,55,24.2,60.7,11.7,1019.0,91.2,38.4,0,正常
Day02-13:56,2,13,56,24.5,59.3,10.6,1011.0,74.3,38.4,0,正常
Day02-13:57,2,13,57,24.3,60.3,12.1,979.0,93.8,38.3,0,正常
Day02-13:58,2,13,58,23.8,61.4,10.0,1018.0,96.1,38.8,0,正常
Day02-13:59,2,13,59,24.2,59.2,9.1,1081.0,97.6,38.5,0,正常
Day02-14:00,2,14,0,24.0,59.4,10.8,1007.0,57.2,39.0,0,正常
Day02-14:01,2,14,1,23.5,62.4,9.9,938.0,73.5,39.1,0,正常
Day02-14:02,2,14,2,22.3,61.9,11.7,963.0,66.7,39.0,0,正常
Day02-14:03,2,14,3,23.4,60.5,9.3,904.0,67.6,39.2,0,正常
Day02-14:04,2,14,4,23.3,59.7,11.5,967.0,62.1,38.9,0,正常
Day02-14:05,2,14,5,23.3,59.8,9.2,933.0,66.1,38.3,0,正常
Day02-14:06,2,14,6,23.4,60.8,11.0,1029.0,66.0,38.3,0,正常
Day02-14:07,2,14,7,23.4,59.0,9.9,967.0,62.5,37.8,0,正常
Day02-14:08,2,14,8,23.5,60.6,10.3,860.0,64.1,38.8,0,正常
Day02-14:09,2,14,9,24.0,60.8,9.8,966.0,66.6,38.1,0,正常
Day02-14:10,2,14,10,23.5,61.0,10.5,1043.0,68.0,38.5,0,正常
Day02-14:11,2,14,11,23.4,59.7,13.0,894.0,72.2,38.1,0,正常
Day02-14:12,2,14,12,23.7,62.5,12.4,913.0,68.2,38.0,0,正常
Day02-14:13,2,14,13,23.2,63.9,11.6,963.0,60.4,38.1,0,正常
Day02-14:14,2,14,14,23.5,58.9,9.9,940.0,62.3,38.4,0,正常
Day02-14:15,2,14,15,23.2,61.5,11.2,955.0,65.9,38.0,0,正常
Day02-14:16,2,14,16,23.7,60.5,9.5,948.0,56.9,38.6,0,正常
Day02-14:17,2,14,17,23.1,60.5,9.3,902.0,63.7,38.9,0,正常
Day02-14:18,2,14,18,23.5,61.5,10.9,972.0,64.2,39.0,0,正常
Day02-14:19,2,14,19,23.5,60.4,11.5,899.0,59.3,38.2,0,正常
Day02-14:20,2,14,20,23.5,61.0,11.0,878.0,62.3,38.0,0,正常
Day02-14:21,2,14,21,23.6,62.0,11.6,944.0,64.1,38.7,0,正常
Day02-14:22,2,14,22,23.3,61.2,10.8,922.0,69.8,38.0,0,正常
Day02-14:23,2,14,23,23.9,59.2,9.7,969.0,58.2,38.8,0,正常
Day02-14:24,2,14,24,23.6,61.1,11.7,963.0,67.6,38.4,0,正常
Day02-14:25,2,14,25,23.5,60.9,10.3,827.0,62.6,39.4,0,正常
Day02-14:26,2,14,26,23.0,60.9,9.9,961.0,67.3,38.1,0,正常
Day02-14:27,2,14,27,23.6,61.4,7.5,925.0,61.4,38.4,0,正常
Day02-14:28,2,14,28,23.4,61.3,11.1,952.0,63.6,38.5,0,正常
Day02-14:29,2,14,29,24.1,61.0,13.2,930.0,64.5,39.0,0,正常
Day02-14:30,2,14,30,23.9,58.7,12.4,983.0,60.0,38.7,0,正常
Day02-14:31,2,14,31,23.0,61.9,10.3,944.0,60.3,38.9,0,正常
Day02-14:32,2,14,32,23.1,61.3,10.7,956.0,60.5,38.1,0,正常
Day02-14:33,2,14,33,23.2,61.7,10.8,969.0,59.3,38.9,0,正常
Day02-14:34,2,14,34,23.4,60.5,13.3,991.0,71.2,38.0,0,正常
Day02-14:35,2,14,35,23.6,59.8,10.1,992.0,66.3,38.8,0,正常
Day02-14:36,2,14,36,23.3,58.9,10.6,926.0,63.3,38.4,0,正常
Day02-14:37,2,14,37,23.4,60.5,10.4,960.0,68.0,38.4,0,正常
Day02-14:38,2,14,38,24.1,59.0,10.1,902.0,59.1,38.4,0,正常
Day02-14:39,2,14,39,23.5,62.9,10.5,909.0,70.5,37.9,0,正常
Day02-14:40,2,14,40,23.3,59.2,12.5,965.0,73.6,38.8,0,正常
Day02-14:41,2,14,41,24.1,61.2,10.7,1022.0,62.3,38.1,0,正常
Day02-14:42,2,14,42,23.1,60.8,11.2,1030.0,66.8,38.0,0,正常
Day02-14:43,2,14,43,23.3,60.7,10.0,957.0,58.6,38.8,0,正常
Day02-14:44,2,14,44,23.3,60.4,10.8,978.0,61.6,39.1,0,正常
Day02-14:45,2,14,45,24.0,63.1,12.3,924.0,72.6,38.6,0,正常
Day02-14:46,2,14,46,23.4,61.4,10.3,997.0,76.0,38.5,0,正常
Day02-14:47,2,14,47,23.3,60.7,11.8,1049.0,69.4,38.7,0,正常
Day02-14:48,2,14,48,23.7,62.0,9.1,951.0,60.7,38.2,0,正常
Day02-14:49,2,14,49,23.9,61.4,10.7,988.0,70.7,39.5,0,正常
Day02-14:50,2,14,50,23.6,58.4,11.2,907.0,71.7,38.2,0,正常
Day02-14:51,2,14,51,23.4,60.8,13.1,957.0,69.3,38.9,0,正常
Day02-14:52,2,14,52,23.1,60.6,12.0,935.0,62.1,38.2,0,正常
Day02-14:53,2,14,53,24.0,61.2,10.7,852.0,57.0,38.6,0,正常
Day02-14:54,2,14,54,23.6,60.7,11.5,1013.0,64.2,38.0,0,正常
Day02-14:55,2,14,55,23.8,60.7,12.1,965.0,55.2,38.4,0,正常
Day02-14:56,2,14,56,23.4,59.3,10.3,978.0,66.1,38.9,0,正常
Day02-14:57,2,14,57,23.4,60.5,11.2,885.0,72.4,38.1,0,正常
Day02-14:58,2,14,58,23.2,60.8,11.5,1014.0,73.9,38.1,0,正常
Day02-14:59,2,14,59,23.1,61.6,11.1,880.0,67.5,38.7,0,正常
Day02-15:00,2,15,0,23.0,64.5,11.5,906.0,58.1,38.5,0,正常
Day02-15:01,2,15,1,22.9,62.4,10.8,912.0,64.9,38.9,0,正常
Day02-15:02,2,15,2,22.9,61.4,11.1,855.0,60.4,38.9,0,正常
Day02-15:03,2,15,3,22.6,63.0,11.1,843.0,61.6,39.0,0,正常
Day02-15:04,2,15,4,22.8,63.1,10.3,804.0,66.2,37.6,0,正常
Day02-15:05,2,15,5,23.2,63.3,10.6,907.0,59.7,38.3,0,正常
Day02-15:06,2,15,6,23.3,61.9,10.3,887.0,69.6,38.4,0,正常
Day02-15:07,2,15,7,23.0,62.6,11.7,810.0,55.6,38.5,0,正常
Day02-15:08,2,15,8,22.6,63.4,13.1,875.0,67.5,38.1,0,正常
Day02-15:09,2,15,9,23.0,63.6,11.2,896.0,67.8,38.7,0,正常
Day02-15:10,2,15,10,22.8,62.5,11.7,867.0,66.8,38.2,0,正常
Day02-15:11,2,15,11,23.1,62.1,11.4,824.0,67.5,38.7,0,正常
Day02-15:12,2,15,12,23.0,61.5,11.9,833.0,66.9,37.9,0,正常
Day02-15:13,2,15,13,23.0,62.8,10.2,861.0,77.5,38.5,0,正常
Day02-15:14,2,15,14,23.1,63.6,7.6,875.0,67.7,38.5,0,正常
Day02-15:15,2,15,15,22.5,63.0,10.7,871.0,64.2,38.3,0,正常
Day02-15:16,2,15,16,22.9,63.5,10.8,866.0,60.1,38.3,0,正常
Day02-15:17,2,15,17,22.9,62.1,9.3,984.0,67.8,38.6,0,正常
Day02-15:18,2,15,18,22.8,64.7,8.7,932.0,69.3,38.6,0,正常
Day02-15:19,2,15,19,22.8,63.5,10.8,792.0,57.2,38.1,0,正常
Day02-15:20,2,15,20,22.5,63.8,8.8,911.0,53.4,38.1,0,正常
Day02-15:21,2,15,21,22.8,61.7,8.5,811.0,69.1,38.7,0,正常
Day02-15:22,2,15,22,22.9,60.7,10.8,856.0,66.1,38.3,0,正常
Day02-15:23,2,15,23,23.3,63.4,12.7,820.0,68.3,38.7,0,正常
Day02-15:24,2,15,24,23.0,62.9,9.3,875.0,64.4,38.4,0,正常
Day02-15:25,2,15,25,22.8,63.1,10.0,937.0,62.7,38.8,0,正常
Day02-15:26,2,15,26,22.6,62.0,11.9,891.0,55.3,38.3,0,正常
Day02-15:27,2,15,27,22.5,62.4,10.7,827.0,61.2,38.7,0,正常
Day02-15:28,2,15,28,23.0,63.9,13.2,935.0,60.4,39.0,0,正常
Day02-15:29,2,15,29,22.3,61.5,11.5,857.0,55.2,39.1,0,正常
Day02-15:30,2,15,30,22.8,62.9,13.1,847.0,82.3,38.4,0,正常
Day02-15:31,2,15,31,22.9,62.2,12.0,888.0,50.8,38.3,0,正常
Day02-15:32,2,15,32,22.3,64.5,11.2,781.0,63.7,38.2,0,正常
Day02-15:33,2,15,33,22.5,63.1,10.8,832.0,70.7,38.5,0,正常
Day02-15:34,2,15,34,22.6,63.3,11.8,834.0,73.3,39.0,0,正常
Day02-15:35,2,15,35,22.3,65.1,12.6,892.0,61.7,39.1,0,正常
Day02-15:36,2,15,36,22.7,63.4,11.4,894.0,67.4,38.5,0,正常
Day02-15:37,2,15,37,22.7,62.3,9.9,918.0,63.8,38.6,0,正常
Day02-15:38,2,15,38,23.1,61.5,10.4,939.0,61.8,38.6,0,正常
Day02-15:39,2,15,39,22.5,63.6,9.1,869.0,64.2,38.2,0,正常
Day02-15:40,2,15,40,22.9,61.6,13.6,859.0,55.4,38.7,0,正常
Day02-15:41,2,15,41,22.8,63.0,9.9,927.0,70.5,38.5,0,正常
Day02-15:42,2,15,42,23.0,61.0,10.3,922.0,65.4,38.1,0,正常
Day02-15:43,2,15,43,22.5,63.9,11.1,910.0,59.8,38.8,0,正常
Day02-15:44,2,15,44,23.1,62.7,10.8,902.0,56.8,38.8,0,正常
Day02-15:45,2,15,45,22.5,62.5,10.3,891.0,65.4,38.2,0,正常
Day02-15:46,2,15,46,23.3,61.5,11.7,806.0,73.0,39.2,0,正常
Day02-15:47,2,15,47,23.2,60.9,11.0,892.0,67.7,38.8,0,正常
Day02-15:48,2,15,48,23.1,61.3,7.0,986.0,65.0,38.2,0,正常
Day02-15:49,2,15,49,23.0,62.6,9.6,932.0,59.9,38.7,0,正常
Day02-15:50,2,15,50,23.1,62.1,8.6,951.0,63.2,37.7,0,正常
Day02-15:51,2,15,51,22.4,62.2,10.8,834.0,71.1,38.5,0,正常
Day02-15:52,2,15,52,22.8,63.1,11.3,855.0,63.4,38.0,0,正常
Day02-15:53,2,15,53,22.3,62.2,10.7,948.0,63.2,37.9,0,正常
Day02-15:54,2,15,54,23.1,63.3,9.5,978.0,65.3,37.9,0,正常
Day02-15:55,2,15,55,22.9,61.6,10.8,888.0,62.6,38.9,0,正常
Day02-15:56,2,15,56,22.6,63.1,9.9,772.0,65.1,38.9,0,正常
Day02-15:57,2,15,57,23.3,61.6,12.3,826.0,63.8,38.5,0,正常
Day02-15:58,2,15,58,22.9,62.5,12.4,935.0,65.4,38.5,0,正常
Day02-15:59,2,15,59,23.0,62.4,13.2,831.0,60.6,38.3,0,正常
Day02-16:00,2,16,0,21.5,63.3,11.9,831.0,66.8,38.6,0,正常
Day02-16:01,2,16,1,21.9,65.3,10.8,767.0,57.6,38.3,0,正常
Day02-16:02,2,16,2,22.0,63.5,9.8,778.0,66.3,38.6,0,正常
Day02-16:03,2,16,3,21.6,66.5,11.5,841.0,67.5,37.5,0,正常
Day02-16:04,2,16,4,22.1,65.8,11.2,867.0,64.9,38.6,0,正常
Day02-16:05,2,16,5,22.3,65.5,15.8,865.0,61.4,38.7,0,正常
Day02-16:06,2,16,6,22.3,61.9,12.9,819.0,61.6,38.8,0,正常
Day02-16:07,2,16,7,22.4,65.6,10.7,682.0,63.3,38.4,0,正常
Day02-16:08,2,16,8,22.4,63.8,9.9,835.0,64.5,38.0,0,正常
Day02-16:09,2,16,9,22.5,64.6,12.4,822.0,62.3,38.7,0,正常
Day02-16:10,2,16,10,22.1,67.3,10.9,799.0,65.6,38.2,0,正常
Day02-16:11,2,16,11,22.0,65.6,16.1,691.0,65.5,39.2,0,正常
Day02-16:12,2,16,12,21.6,65.5,9.8,840.0,58.7,38.7,0,正常
Day02-16:13,2,16,13,22.4,66.2,9.5,807.0,69.5,37.7,0,正常
Day02-16:14,2,16,14,22.8,65.7,11.9,786.0,64.8,38.7,0,正常
Day02-16:15,2,16,15,22.0,64.9,8.6,790.0,63.8,39.2,0,正常
Day02-16:16,2,16,16,22.2,65.2,11.9,821.0,67.2,38.4,0,正常
Day02-16:17,2,16,17,22.3,66.9,9.7,774.0,63.7,39.2,0,正常
Day02-16:18,2,16,18,22.7,66.0,9.8,867.0,64.6,38.3,0,正常
Day02-16:19,2,16,19,22.1,64.8,11.1,823.0,67.4,38.6,0,正常
Day02-16:20,2,16,20,22.6,63.8,12.9,792.0,64.1,38.2,0,正常
Day02-16:21,2,16,21,22.0,66.6,9.4,759.0,64.6,38.5,0,正常
Day02-16:22,2,16,22,22.1,65.1,12.1,871.0,65.9,38.4,0,正常
Day02-16:23,2,16,23,22.3,65.9,9.2,796.0,64.4,38.5,0,正常
Day02-16:24,2,16,24,21.5,65.3,9.7,743.0,64.7,39.0,0,正常
Day02-16:25,2,16,25,21.9,63.4,10.5,851.0,69.8,38.5,0,正常
Day02-16:26,2,16,26,21.9,62.9,11.5,765.0,71.9,38.5,0,正常
Day02-16:27,2,16,27,22.3,64.5,10.7,819.0,70.3,38.5,0,正常
Day02-16:28,2,16,28,21.9,66.9,11.4,862.0,69.2,38.7,0,正常
Day02-16:29,2,16,29,21.9,64.5,9.7,738.0,64.7,38.1,0,正常
Day02-16:30,2,16,30,21.0,65.5,9.9,858.0,77.7,38.1,0,正常
Day02-16:31,2,16,31,21.7,65.0,10.8,843.0,64.0,38.2,0,正常
Day02-16:32,2,16,32,22.0,63.9,12.0,868.0,63.2,38.8,0,正常
Day02-16:33,2,16,33,22.4,64.2,12.0,797.0,76.7,38.3,0,正常
Day02-16:34,2,16,34,21.8,66.1,14.4,837.0,64.7,38.0,0,正常
Day02-16:35,2,16,35,21.3,65.2,8.8,832.0,65.1,38.3,0,正常
Day02-16:36,2,16,36,21.7,65.0,9.6,804.0,69.3,38.3,0,正常
Day02-16:37,2,16,37,21.8,64.6,10.7,806.0,71.1,39.1,0,正常
Day02-16:38,2,16,38,21.6,65.0,9.2,731.0,61.0,38.5,0,正常
Day02-16:39,2,16,39,21.8,64.0,9.8,721.0,51.5,38.9,0,正常
Day02-16:40,2,16,40,21.8,64.6,11.7,748.0,64.9,38.6,0,正常
Day02-16:41,2,16,41,21.4,63.1,10.2,809.0,61.3,38.5,0,正常
Day02-16:42,2,16,42,22.2,65.1,8.1,857.0,60.4,38.2,0,正常
Day02-16:43,2,16,43,21.9,65.7,10.2,849.0,77.2,38.9,0,正常
Day02-16:44,2,16,44,22.0,66.0,12.9,809.0,62.3,38.6,0,正常
Day02-16:45,2,16,45,21.9,66.6,10.6,848.0,63.9,38.8,0,正常
Day02-16:46,2,16,46,22.0,64.7,12.1,793.0,67.6,38.0,0,正常
Day02-16:47,2,16,47,22.0,65.5,10.6,757.0,60.0,38.7,0,正常
Day02-16:48,2,16,48,22.0,66.3,8.9,757.0,65.9,38.8,0,正常
Day02-16:49,2,16,49,22.3,65.4,8.8,857.0,65.1,38.6,0,正常
Day02-16:50,2,16,50,22.0,66.3,9.5,749.0,65.6,38.4,0,正常
Day02-16:51,2,16,51,21.8,64.6,8.2,740.0,66.9,38.1,0,正常
Day02-16:52,2,16,52,22.0,66.3,8.3,827.0,67.1,38.4,0,正常
Day02-16:53,2,16,53,22.4,66.1,10.1,782.0,63.2,38.9,0,正常
Day02-16:54,2,16,54,22.2,67.3,10.6,781.0,68.1,38.0,0,正常
Day02-16:55,2,16,55,21.8,63.6,13.0,775.0,73.4,38.5,0,正常
Day02-16:56,2,16,56,22.3,64.0,11.2,768.0,65.5,38.4,0,正常
Day02-16:57,2,16,57,21.9,65.1,10.9,750.0,61.7,37.8,0,正常
Day02-16:58,2,16,58,22.0,64.1,11.5,828.0,68.7,38.1,0,正常
Day02-16:59,2,16,59,21.9,65.5,8.2,841.0,54.4,38.5,0,正常
Day02-17:00,2,17,0,21.0,67.2,7.5,672.0,90.6,38.2,2206.0,正常
Day02-17:01,2,17,1,21.4,67.3,9.4,708.0,83.7,38.5,2233.0,正常
Day02-17:02,2,17,2,20.9,67.8,10.8,783.0,89.9,38.2,2135.0,正常
Day02-17:03,2,17,3,21.6,67.4,10.3,792.0,87.0,38.7,2276.0,正常
Day02-17:04,2,17,4,21.9,67.8,7.8,775.0,92.4,39.0,2151.0,正常
Day02-17:05,2,17,5,20.6,65.2,12.2,720.0,91.9,38.2,2216.0,正常
Day02-17:06,2,17,6,21.2,67.1,8.9,804.0,85.2,39.0,2302.0,正常
Day02-17:07,2,17,7,21.1,65.3,10.1,646.0,87.8,38.2,2222.0,正常
Day02-17:08,2,17,8,21.2,66.2,9.6,655.0,95.2,38.6,2012.0,正常
Day02-17:09,2,17,9,21.3,65.6,11.6,652.0,82.3,38.7,2123.0,正常
Day02-17:10,2,17,10,21.5,68.2,10.9,655.0,90.1,38.7,2239.0,正常
Day02-17:11,2,17,11,21.9,66.5,9.2,642.0,91.2,38.2,2066.0,正常
Day02-17:12,2,17,12,21.3,68.9,7.8,672.0,95.8,38.9,2337.0,正常
Day02-17:13,2,17,13,20.8,66.5,11.0,776.0,85.8,38.7,2214.0,正常
Day02-17:14,2,17,14,21.2,68.7,9.9,697.0,90.3,38.8,1975.0,正常
Day02-17:15,2,17,15,20.8,69.1,9.3,686.0,89.3,38.6,2161.0,正常
Day02-17:16,2,17,16,21.3,67.4,9.7,684.0,86.7,38.2,2238.0,正常
Day02-17:17,2,17,17,21.6,67.5,9.1,667.0,76.4,38.7,2237.0,正常
Day02-17:18,2,17,18,21.1,67.4,7.6,710.0,84.7,38.5,2204.0,正常
Day02-17:19,2,17,19,21.3,66.0,10.0,706.0,82.9,38.5,2236.0,正常
Day02-17:20,2,17,20,21.1,67.6,10.1,745.0,91.4,38.8,2106.0,正常
Day02-17:21,2,17,21,20.8,68.1,10.1,713.0,87.9,38.6,2196.0,正常
Day02-17:22,2,17,22,21.3,66.6,9.0,738.0,91.5,38.6,2147.0,正常
Day02-17:23,2,17,23,20.9,67.6,9.0,657.0,92.5,38.2,2036.0,正常
Day02-17:24,2,17,24,20.9,66.6,11.7,720.0,82.2,38.9,2230.0,正常
Day02-17:25,2,17,25,20.8,68.9,9.2,715.0,95.8,38.4,2101.0,正常
Day02-17:26,2,17,26,21.4,66.6,10.0,756.0,97.3,38.4,2417.0,正常
Day02-17:27,2,17,27,21.9,68.2,9.2,627.0,87.8,38.2,2280.0,正常
Day02-17:28,2,17,28,21.4,67.3,9.9,672.0,84.8,38.6,2146.0,正常
Day02-17:29,2,17,29,20.9,66.6,10.5,663.0,91.9,38.4,2089.0,正常
Day02-17:30,2,17,30,21.6,67.1,9.1,663.0,90.6,38.4,2086.0,正常
Day02-17:31,2,17,31,20.8,66.6,13.9,736.0,88.3,38.5,1997.0,正常
Day02-17:32,2,17,32,21.5,67.1,9.8,684.0,93.6,39.2,2191.0,正常
Day02-17:33,2,17,33,21.4,66.5,10.5,609.0,94.0,38.6,2219.0,正常
Day02-17:34,2,17,34,21.5,67.2,10.7,609.0,89.4,38.9,2222.0,正常
Day02-17:35,2,17,35,21.7,66.1,9.5,698.0,90.5,37.9,2320.0,正常
Day02-17:36,2,17,36,21.3,66.5,9.6,741.0,87.7,38.0,2237.0,正常
Day02-17:37,2,17,37,21.6,67.9,11.4,709.0,87.2,38.6,2265.0,正常
Day02-17:38,2,17,38,21.0,65.1,10.6,677.0,86.8,38.2,2251.0,正常
Day02-17:39,2,17,39,21.5,66.3,10.4,681.0,91.4,38.6,2110.0,正常
Day02-17:40,2,17,40,21.1,68.0,8.4,780.0,85.9,38.1,2253.0,正常
Day02-17:41,2,17,41,21.3,66.5,11.5,722.0,88.0,38.2,2260.0,正常
Day02-17:42,2,17,42,21.2,66.7,9.6,704.0,95.5,38.1,2202.0,正常
Day02-17:43,2,17,43,21.9,67.7,11.1,792.0,90.4,38.5,2236.0,正常
Day02-17:44,2,17,44,21.2,65.5,11.3,643.0,90.7,38.9,2139.0,正常
Day02-17:45,2,17,45,21.0,66.5,9.5,672.0,83.9,38.8,2297.0,正常
Day02-17:46,2,17,46,21.3,69.1,7.5,701.0,85.6,38.3,2308.0,正常
Day02-17:47,2,17,47,20.6,66.9,8.9,712.0,87.7,38.7,2288.0,正常
Day02-17:48,2,17,48,21.2,67.3,11.0,626.0,86.4,37.9,2219.0,正常
Day02-17:49,2,17,49,20.8,67.5,12.3,715.0,88.7,38.1,2325.0,正常
Day02-17:50,2,17,50,22.1,66.3,11.9,792.0,97.9,38.3,2345.0,正常
Day02-17:51,2,17,51,21.2,66.6,10.9,761.0,88.9,38.4,2292.0,正常
Day02-17:52,2,17,52,21.5,67.7,11.2,683.0,88.3,38.6,2117.0,正常
Day02-17:53,2,17,53,20.9,66.5,11.2,778.0,91.4,38.5,2096.0,正常
Day02-17:54,2,17,54,21.5,68.0,9.8,728.0,93.6,38.2,2220.0,正常
Day02-17:55,2,17,55,21.3,66.4,12.0,684.0,93.2,38.6,1966.0,正常
Day02-17:56,2,17,56,21.0,67.6,10.2,743.0,89.5,38.6,2114.0,正常
Day02-17:57,2,17,57,21.1,66.6,8.7,680.0,84.1,39.0,2223.0,正常
Day02-17:58,2,17,58,21.5,67.5,10.0,668.0,87.9,38.9,2095.0,正常
Day02-17:59,2,17,59,21.8,66.6,10.2,664.0,97.4,38.8,2142.0,正常
Day02-18:00,2,18,0,20.9,67.2,10.4,662.0,85.9,38.0,0,正常
Day02-18:01,2,18,1,20.5,69.2,8.1,638.0,96.1,38.7,0,正常
Day02-18:02,2,18,2,20.8,71.5,9.6,660.0,89.7,38.6,0,正常
Day02-18:03,2,18,3,20.6,67.8,9.1,570.0,84.1,38.2,0,正常
Day02-18:04,2,18,4,20.2,68.4,7.4,644.0,90.8,38.3,0,正常
Day02-18:05,2,18,5,20.2,67.7,10.2,655.0,87.1,38.1,0,正常
Day02-18:06,2,18,6,20.3,67.9,11.2,655.0,96.0,38.4,0,正常
Day02-18:07,2,18,7,20.1,70.5,11.1,643.0,88.8,38.8,0,正常
Day02-18:08,2,18,8,20.9,67.9,11.2,634.0,81.9,38.0,0,正常
Day02-18:09,2,18,9,20.9,68.3,9.7,626.0,85.4,39.0,0,正常
Day02-18:10,2,18,10,20.9,69.2,7.9,653.0,90.8,38.1,0,正常
Day02-18:11,2,18,11,21.1,69.2,9.3,642.0,99.6,38.5,0,正常
Day02-18:12,2,18,12,20.5,68.9,10.3,589.0,89.7,38.7,0,正常
Day02-18:13,2,18,13,20.0,68.2,8.5,562.0,85.6,37.9,0,正常
Day02-18:14,2,18,14,21.1,69.5,9.4,610.0,94.9,37.4,0,正常
Day02-18:15,2,18,15,20.8,69.0,11.0,572.0,87.3,38.1,0,正常
Day02-18:16,2,18,16,20.8,69.5,11.7,619.0,90.1,38.6,0,正常
Day02-18:17,2,18,17,20.4,68.4,9.0,596.0,83.8,39.3,0,正常
Day02-18:18,2,18,18,20.5,68.6,9.4,605.0,85.5,38.1,0,正常
Day02-18:19,2,18,19,21.1,66.5,7.6,557.0,99.7,38.6,0,正常
Day02-18:20,2,18,20,20.4,68.8,9.4,591.0,86.8,37.7,0,正常
Day02-18:21,2,18,21,20.0,69.3,10.8,569.0,90.8,38.1,0,正常
Day02-18:22,2,18,22,20.3,69.9,10.7,702.0,86.6,38.1,0,正常
Day02-18:23,2,18,23,20.8,69.3,10.6,663.0,89.9,38.4,0,正常
Day02-18:24,2,18,24,20.6,69.8,11.1,600.0,92.8,38.2,0,正常
Day02-18:25,2,18,25,20.1,68.1,9.5,625.0,83.8,38.7,0,正常
Day02-18:26,2,18,26,20.5,68.0,8.1,659.0,89.2,38.7,0,正常
Day02-18:27,2,18,27,20.2,69.8,11.7,606.0,91.4,38.6,0,正常
Day02-18:28,2,18,28,19.8,67.7,11.2,613.0,87.6,38.5,0,正常
Day02-18:29,2,18,29,20.3,67.8,8.1,647.0,91.9,38.7,0,正常
Day02-18:30,2,18,30,20.5,69.2,10.9,631.0,98.5,38.6,0,正常
Day02-18:31,2,18,31,20.8,69.2,6.5,612.0,84.1,38.0,0,正常
Day02-18:32,2,18,32,20.3,69.6,7.8,587.0,80.2,38.5,0,正常
Day02-18:33,2,18,33,20.7,67.1,8.5,611.0,87.7,38.2,0,正常
Day02-18:34,2,18,34,20.1,68.0,7.9,580.0,85.9,37.7,0,正常
Day02-18:35,2,18,35,20.9,67.6,10.5,560.0,96.3,38.3,0,正常
Day02-18:36,2,18,36,20.9,68.4,9.7,549.0,87.5,38.3,0,正常
Day02-18:37,2,18,37,20.2,69.4,9.3,506.0,93.8,38.3,0,正常
Day02-18:38,2,18,38,20.1,68.8,9.4,670.0,84.1,38.5,0,正常
Day02-18:39,2,18,39,20.4,69.1,9.9,549.0,85.6,38.6,0,正常
Day02-18:40,2,18,40,20.5,67.4,8.5,638.0,88.8,38.0,0,正常
Day02-18:41,2,18,41,20.6,70.0,7.6,607.0,91.4,38.5,0,正常
Day02-18:42,2,18,42,20.6,68.1,9.5,530.0,97.1,38.0,0,正常
Day02-18:43,2,18,43,20.3,68.6,11.3,624.0,100,38.5,0,正常
Day02-18:44,2,18,44,20.3,66.7,10.3,639.0,85.7,38.2,0,正常
Day02-18:45,2,18,45,20.0,68.6,7.7,451.0,88.8,38.5,0,正常
Day02-18:46,2,18,46,20.4,68.3,10.7,671.0,88.1,38.3,0,正常
Day02-18:47,2,18,47,20.7,69.8,9.3,602.0,92.2,37.8,0,正常
Day02-18:48,2,18,48,20.9,67.8,8.9,545.0,93.7,39.0,0,正常
Day02-18:49,2,18,49,20.4,68.9,7.5,569.0,90.0,38.3,0,正常
Day02-18:50,2,18,50,20.9,69.1,11.5,501.0,94.8,38.4,0,正常
Day02-18:51,2,18,51,20.9,69.5,8.9,656.0,83.5,38.2,0,正常
Day02-18:52,2,18,52,20.5,69.0,10.0,671.0,91.2,38.0,0,正常
Day02-18:53,2,18,53,20.6,68.6,9.2,557.0,83.6,38.6,0,正常
Day02-18:54,2,18,54,20.3,69.3,7.7,600.0,94.7,38.2,0,正常
Day02-18:55,2,18,55,21.0,71.3,9.1,685.0,87.1,38.2,0,正常
Day02-18:56,2,18,56,20.2,68.2,8.9,624.0,85.2,38.4,0,正常
Day02-18:57,2,18,57,20.2,68.5,8.6,634.0,88.1,38.1,0,正常
Day02-18:58,2,18,58,20.8,69.8,5.3,690.0,94.2,38.3,0,正常
Day02-18:59,2,18,59,20.6,67.6,10.1,607.0,80.7,38.3,0,正常
Day02-19:00,2,19,0,20.0,72.6,9.9,486.0,18.5,37.9,0,正常
Day02-19:01,2,19,1,19.5,70.3,9.0,458.0,22.8,38.6,0,正常
Day02-19:02,2,19,2,20.2,73.7,9.5,460.0,6.4,38.7,0,正常
Day02-19:03,2,19,3,19.9,69.6,7.6,487.0,24.6,38.4,0,正常
Day02-19:04,2,19,4,20.0,69.9,10.0,476.0,14.4,38.6,0,正常
Day02-19:05,2,19,5,19.6,69.1,8.6,606.0,16.7,38.2,0,正常
Day02-19:06,2,19,6,19.6,70.5,9.8,477.0,21.3,38.6,0,正常
Day02-19:07,2,19,7,20.1,70.5,11.3,467.0,18.9,38.6,0,正常
Day02-19:08,2,19,8,19.8,70.5,6.8,488.0,25.9,38.9,0,正常
Day02-19:09,2,19,9,19.9,69.5,9.9,448.0,27.5,38.4,0,正常
Day02-19:10,2,19,10,19.8,69.4,7.6,526.0,6.6,38.2,0,正常
Day02-19:11,2,19,11,19.4,70.1,8.1,449.0,18.7,39.2,0,正常
Day02-19:12,2,19,12,19.7,72.2,8.9,491.0,8.0,38.2,0,正常
Day02-19:13,2,19,13,19.9,71.3,8.5,533.0,14.8,38.4,0,正常
Day02-19:14,2,19,14,19.7,71.8,8.0,434.0,18.8,38.0,0,正常
Day02-19:15,2,19,15,19.6,71.7,8.9,446.0,13.7,38.6,0,正常
Day02-19:16,2,19,16,19.8,71.6,6.9,496.0,6.2,37.8,0,正常
Day02-19:17,2,19,17,19.8,72.0,9.4,491.0,15.1,38.6,0,正常
Day02-19:18,2,19,18,19.3,71.7,8.2,438.0,12.8,38.3,0,正常
Day02-19:19,2,19,19,19.9,71.4,10.0,440.0,12.6,38.4,0,正常
Day02-19:20,2,19,20,20.0,70.6,7.7,530.0,14.3,38.4,0,正常
Day02-19:21,2,19,21,19.3,72.0,9.3,519.0,13.8,38.5,0,正常
Day02-19:22,2,19,22,20.0,69.6,11.0,381.0,13.9,38.5,0,正常
Day02-19:23,2,19,23,19.7,70.8,10.4,579.0,20.8,38.2,0,正常
Day02-19:24,2,19,24,20.2,71.9,11.2,386.0,15.3,38.4,0,正常
Day02-19:25,2,19,25,19.8,68.7,9.0,471.0,15.0,38.3,0,正常
Day02-19:26,2,19,26,20.1,70.5,10.3,440.0,10.6,38.5,0,正常
Day02-19:27,2,19,27,19.9,71.8,9.3,501.0,14.9,39.3,0,正常
Day02-19:28,2,19,28,19.9,70.7,8.0,444.0,21.0,38.1,0,正常
Day02-19:29,2,19,29,20.0,70.1,10.6,422.0,7.0,38.3,0,正常
Day02-19:30,2,19,30,19.8,70.6,9.3,505.0,14.6,38.4,0,正常
Day02-19:31,2,19,31,19.8,71.4,7.4,485.0,14.0,38.0,0,正常
Day02-19:32,2,19,32,19.7,71.0,9.1,447.0,15.1,38.5,0,正常
Day02-19:33,2,19,33,20.2,72.1,6.9,468.0,25.4,38.4,0,正常
Day02-19:34,2,19,34,19.6,69.6,9.1,508.0,12.6,38.4,0,正常
Day02-19:35,2,19,35,20.2,68.8,10.2,466.0,13.3,38.7,0,正常
Day02-19:36,2,19,36,19.8,69.7,5.9,404.0,11.1,38.2,0,正常
Day02-19:37,2,19,37,19.8,70.4,11.4,553.0,18.4,38.5,0,正常
Day02-19:38,2,19,38,20.0,69.7,9.4,502.0,9.0,38.5,0,正常
Day02-19:39,2,19,39,19.7,70.3,8.2,585.0,10.2,38.6,0,正常
Day02-19:40,2,19,40,19.6,72.8,9.7,483.0,5.5,38.4,0,正常
Day02-19:41,2,19,41,20.0,72.4,8.8,478.0,13.1,38.6,0,正常
Day02-19:42,2,19,42,19.3,70.7,12.1,479.0,7.3,38.6,0,正常
Day02-19:43,2,19,43,20.4,68.9,7.0,423.0,16.8,38.5,0,正常
Day02-19:44,2,19,44,19.9,71.9,7.8,497.0,14.1,38.2,0,正常
Day02-19:45,2,19,45,19.6,70.9,7.9,525.0,16.8,38.3,0,正常
Day02-19:46,2,19,46,19.3,70.8,9.8,503.0,19.4,38.4,0,正常
Day02-19:47,2,19,47,20.1,69.1,7.0,444.0,20.8,38.2,0,正常
Day02-19:48,2,19,48,19.7,71.0,10.3,587.0,15.8,38.3,0,正常
Day02-19:49,2,19,49,19.7,71.4,5.5,500.0,17.8,38.4,0,正常
Day02-19:50,2,19,50,19.5,70.7,9.6,543.0,14.6,38.6,0,正常
Day02-19:51,2,19,51,20.1,70.3,8.4,492.0,18.7,37.9,0,正常
Day02-19:52,2,19,52,19.5,68.8,9.9,459.0,15.1,38.2,0,正常
Day02-19:53,2,19,53,19.5,71.7,7.2,535.0,21.3,38.6,0,正常
Day02-19:54,2,19,54,20.4,71.5,10.7,627.0,17.9,38.5,0,正常
Day02-19:55,2,19,55,19.6,71.0,9.9,546.0,14.8,38.7,0,正常
Day02-19:56,2,19,56,19.6,71.5,10.5,570.0,8.4,38.4,0,正常
Day02-19:57,2,19,57,19.8,70.3,8.4,550.0,18.3,38.7,0,正常
Day02-19:58,2,19,58,20.2,71.9,9.3,440.0,17.9,38.8,0,正常
Day02-19:59,2,19,59,19.8,69.5,8.9,531.0,13.7,37.9,0,正常
Day02-20:00,2,20,0,19.2,72.6,6.3,528.0,10.9,38.6,0,正常
Day02-20:01,2,20,1,19.1,71.6,8.5,339.0,12.8,38.3,0,正常
Day02-20:02,2,20,2,18.8,72.5,7.4,445.0,10.6,38.9,0,正常
Day02-20:03,2,20,3,19.1,71.3,9.7,389.0,10.7,38.4,0,正常
Day02-20:04,2,20,4,19.4,70.8,7.9,361.0,2.3,38.3,0,正常
Day02-20:05,2,20,5,19.4,74.6,6.4,424.0,13.0,38.8,0,正常
Day02-20:06,2,20,6,20.1,72.2,7.9,433.0,9.6,38.6,0,正常
Day02-20:07,2,20,7,19.7,71.5,9.3,527.0,12.3,39.0,0,正常
Day02-20:08,2,20,8,19.8,70.7,9.2,435.0,16.7,38.7,0,正常
Day02-20:09,2,20,9,19.1,72.3,8.3,390.0,16.0,38.5,0,正常
Day02-20:10,2,20,10,19.0,72.4,9.1,413.0,13.5,38.0,0,正常
Day02-20:11,2,20,11,19.6,71.3,10.0,447.0,16.5,38.9,0,正常
Day02-20:12,2,20,12,19.2,72.1,7.4,525.0,15.2,38.0,0,正常
Day02-20:13,2,20,13,19.0,70.3,9.4,426.0,15.7,38.4,0,正常
Day02-20:14,2,20,14,19.6,71.2,8.6,424.0,17.5,38.5,0,正常
Day02-20:15,2,20,15,19.7,70.9,8.7,260.0,15.8,37.9,0,正常
Day02-20:16,2,20,16,19.2,73.1,8.1,363.0,19.8,38.5,0,正常
Day02-20:17,2,20,17,19.5,72.0,7.0,448.0,13.8,38.5,0,正常
Day02-20:18,2,20,18,19.8,72.5,7.2,320.0,11.7,38.1,0,正常
Day02-20:19,2,20,19,19.3,73.1,9.2,334.0,20.6,38.8,0,正常
Day02-20:20,2,20,20,19.6,71.9,7.4,494.0,14.4,38.6,0,正常
Day02-20:21,2,20,21,18.8,71.3,7.9,409.0,8.6,38.3,0,正常
Day02-20:22,2,20,22,19.3,71.7,9.2,434.0,20.4,38.7,0,正常
Day02-20:23,2,20,23,20.2,73.0,6.1,513.0,14.7,38.5,0,正常
Day02-20:24,2,20,24,19.0,72.7,6.4,477.0,9.2,38.3,0,正常
Day02-20:25,2,20,25,19.3,72.4,9.0,443.0,10.1,38.2,0,正常
Day02-20:26,2,20,26,19.3,70.3,7.2,298.0,25.6,38.5,0,正常
Day02-20:27,2,20,27,19.3,71.2,8.6,374.0,13.7,38.2,0,正常
Day02-20:28,2,20,28,18.9,70.5,8.1,440.0,18.3,38.2,0,正常
Day02-20:29,2,20,29,19.3,74.0,8.5,425.0,12.7,38.6,0,正常
Day02-20:30,2,20,30,19.5,74.0,9.7,341.0,7.8,38.2,0,正常
Day02-20:31,2,20,31,18.9,73.6,6.9,367.0,17.6,38.7,0,正常
Day02-20:32,2,20,32,19.4,71.3,7.1,389.0,14.1,38.7,0,正常
Day02-20:33,2,20,33,19.4,73.1,6.5,400.0,16.9,38.8,0,正常
Day02-20:34,2,20,34,19.4,72.4,8.4,454.0,15.1,38.4,0,正常
Day02-20:35,2,20,35,19.2,72.3,7.8,458.0,14.1,38.1,0,正常
Day02-20:36,2,20,36,19.5,72.5,9.6,493.0,22.4,38.8,0,正常
Day02-20:37,2,20,37,19.6,72.5,8.0,440.0,17.2,38.3,0,正常
Day02-20:38,2,20,38,19.5,73.3,9.5,364.0,14.9,38.8,0,正常
Day02-20:39,2,20,39,19.1,71.6,10.6,383.0,2.2,38.3,0,正常
Day02-20:40,2,20,40,19.3,72.7,7.0,433.0,24.8,37.9,0,正常
Day02-20:41,2,20,41,19.3,71.8,9.0,426.0,17.7,38.4,0,正常
Day02-20:42,2,20,42,19.0,72.3,7.9,483.0,17.9,38.6,0,正常
Day02-20:43,2,20,43,19.7,72.1,8.4,408.0,19.2,38.0,0,正常
Day02-20:44,2,20,44,19.5,73.0,9.4,383.0,18.6,38.6,0,正常
Day02-20:45,2,20,45,19.3,71.7,6.6,333.0,25.5,39.2,0,正常
Day02-20:46,2,20,46,19.4,71.5,8.4,453.0,15.1,38.2,0,正常
Day02-20:47,2,20,47,19.7,72.4,8.1,367.0,16.3,38.5,0,正常
Day02-20:48,2,20,48,18.7,72.9,9.7,350.0,16.0,38.2,0,正常
Day02-20:49,2,20,49,19.7,71.6,8.9,390.0,22.3,38.3,0,正常
Day02-20:50,2,20,50,19.0,69.9,5.9,419.0,13.4,39.2,0,正常
Day02-20:51,2,20,51,19.0,72.9,9.4,423.0,17.0,38.7,0,正常
Day02-20:52,2,20,52,19.8,72.0,7.5,477.0,15.6,37.9,0,正常
Day02-20:53,2,20,53,19.8,73.3,6.9,431.0,16.1,38.4,0,正常
Day02-20:54,2,20,54,19.5,72.2,7.5,424.0,20.8,38.5,0,正常
Day02-20:55,2,20,55,18.8,70.9,7.4,473.0,17.0,38.3,0,正常
Day02-20:56,2,20,56,19.3,69.3,7.3,357.0,14.6,38.6,0,正常
Day02-20:57,2,20,57,19.3,71.5,8.7,366.0,12.4,38.6,0,正常
Day02-20:58,2,20,58,19.3,71.9,7.4,348.0,10.5,38.1,0,正常
Day02-20:59,2,20,59,19.0,70.5,7.8,372.0,10.3,37.9,0,正常
Day02-21:00,2,21,0,19.0,73.5,8.9,305.0,16.4,38.5,0,正常
Day02-21:01,2,21,1,18.5,73.2,6.6,344.0,12.5,38.4,0,正常
Day02-21:02,2,21,2,19.0,72.9,8.3,367.0,20.1,38.7,0,正常
Day02-21:03,2,21,3,19.0,73.3,6.2,313.0,7.9,38.1,0,正常
Day02-21:04,2,21,4,19.1,74.7,5.1,264.0,12.7,38.4,0,正常
Day02-21:05,2,21,5,18.7,71.8,7.0,353.0,11.4,38.8,0,正常
Day02-21:06,2,21,6,19.3,72.1,6.9,270.0,11.5,38.5,0,正常
Day02-21:07,2,21,7,19.4,71.7,6.2,277.0,18.3,38.6,0,正常
Day02-21:08,2,21,8,19.1,73.9,7.3,311.0,9.5,39.0,0,正常
Day02-21:09,2,21,9,19.2,73.7,6.8,341.0,16.4,38.5,0,正常
Day02-21:10,2,21,10,19.4,72.6,6.9,367.0,14.8,38.2,0,正常
Day02-21:11,2,21,11,18.9,71.6,5.9,240.0,16.1,38.6,0,正常
Day02-21:12,2,21,12,19.4,73.7,6.8,302.0,17.7,38.4,0,正常
Day02-21:13,2,21,13,19.4,72.2,7.4,342.0,6.1,37.9,0,正常
Day02-21:14,2,21,14,19.0,72.4,7.0,241.0,18.8,38.4,0,正常
Day02-21:15,2,21,15,19.4,72.2,6.8,352.0,18.2,38.8,0,正常
Day02-21:16,2,21,16,19.1,73.1,6.7,376.0,20.1,38.4,0,正常
Day02-21:17,2,21,17,19.1,74.1,6.6,387.0,20.7,38.0,0,正常
Day02-21:18,2,21,18,19.1,69.9,6.5,252.0,20.9,38.5,0,正常
Day02-21:19,2,21,19,18.1,72.8,4.2,291.0,8.8,38.7,0,正常
Day02-21:20,2,21,20,19.8,72.0,6.5,425.0,12.4,38.2,0,正常
Day02-21:21,2,21,21,19.4,72.4,8.6,407.0,19.0,38.9,0,正常
Day02-21:22,2,21,22,18.8,70.7,7.1,321.0,18.2,38.7,0,正常
Day02-21:23,2,21,23,19.1,74.3,7.9,280.0,25.9,38.6,0,正常
Day02-21:24,2,21,24,18.9,70.9,9.2,286.0,13.1,38.6,0,正常
Day02-21:25,2,21,25,19.7,74.4,7.9,318.0,10.7,38.5,0,正常
Day02-21:26,2,21,26,19.4,72.3,7.2,364.0,6.7,38.4,0,正常
Day02-21:27,2,21,27,18.9,73.1,6.1,304.0,22.5,38.4,0,正常
Day02-21:28,2,21,28,19.0,72.8,8.0,307.0,19.8,37.9,0,正常
Day02-21:29,2,21,29,19.5,73.3,6.6,270.0,10.1,38.3,0,正常
Day02-21:30,2,21,30,19.9,73.0,5.1,327.0,18.0,38.3,0,正常
Day02-21:31,2,21,31,19.4,73.2,6.5,367.0,15.4,38.1,0,正常
Day02-21:32,2,21,32,18.7,72.2,7.5,347.0,12.5,38.0,0,正常
Day02-21:33,2,21,33,19.0,72.8,10.8,317.0,18.9,39.1,0,正常
Day02-21:34,2,21,34,19.4,71.7,6.7,356.0,16.5,38.4,0,正常
Day02-21:35,2,21,35,19.0,70.3,7.1,264.0,18.9,38.8,0,正常
Day02-21:36,2,21,36,19.2,71.6,7.1,425.0,11.2,38.8,0,正常
Day02-21:37,2,21,37,19.1,73.2,6.6,475.0,12.0,39.0,0,正常
Day02-21:38,2,21,38,18.9,71.3,10.5,311.0,18.8,38.3,0,正常
Day02-21:39,2,21,39,19.3,75.3,7.3,323.0,15.5,38.6,0,正常
Day02-21:40,2,21,40,18.3,73.2,7.6,192.0,16.4,39.2,0,正常
Day02-21:41,2,21,41,18.9,74.4,6.4,361.0,8.0,38.6,0,正常
Day02-21:42,2,21,42,19.1,73.9,6.6,316.0,15.0,37.8,0,正常
Day02-21:43,2,21,43,18.6,71.6,7.1,327.0,14.5,38.5,0,正常
Day02-21:44,2,21,44,19.1,72.9,3.8,329.0,12.7,38.3,0,正常
Day02-21:45,2,21,45,19.4,73.7,10.5,325.0,14.2,38.7,0,正常
Day02-21:46,2,21,46,18.3,73.5,8.1,341.0,9.8,38.4,0,正常
Day02-21:47,2,21,47,18.6,73.1,7.5,242.0,12.0,38.7,0,正常
Day02-21:48,2,21,48,19.1,71.8,6.6,343.0,11.6,38.8,0,正常
Day02-21:49,2,21,49,18.9,73.6,6.3,336.0,13.3,38.1,0,正常
Day02-21:50,2,21,50,18.8,74.5,5.3,365.0,18.4,38.0,0,正常
Day02-21:51,2,21,51,19.5,74.5,9.2,327.0,10.9,38.2,0,正常
Day02-21:52,2,21,52,19.4,74.9,7.8,280.0,24.1,38.5,0,正常
Day02-21:53,2,21,53,18.6,71.4,7.0,272.0,23.4,38.1,0,正常
Day02-21:54,2,21,54,19.1,73.0,6.4,330.0,7.0,37.9,0,正常
Day02-21:55,2,21,55,19.6,74.2,6.6,405.0,10.0,38.1,0,正常
Day02-21:56,2,21,56,18.8,71.1,5.9,356.0,11.2,39.5,0,正常
Day02-21:57,2,21,57,19.7,72.2,5.3,319.0,19.8,38.8,0,正常
Day02-21:58,2,21,58,19.3,73.1,6.4,325.0,7.9,38.2,0,正常
Day02-21:59,2,21,59,18.9,74.2,6.9,263.0,15.4,38.3,0,正常
Day02-22:00,2,22,0,18.6,72.7,6.7,147.0,10.3,38.6,0,正常
Day02-22:01,2,22,1,19.6,72.0,4.6,200.0,19.0,38.4,0,正常
Day02-22:02,2,22,2,19.1,72.4,8.1,216.0,15.2,38.0,0,正常
Day02-22:03,2,22,3,19.0,71.8,5.5,248.0,15.4,38.8,0,正常
Day02-22:04,2,22,4,18.8,72.7,5.8,144.0,14.1,38.2,0,正常
Day02-22:05,2,22,5,18.9,71.8,7.2,311.0,13.9,38.7,0,正常
Day02-22:06,2,22,6,19.2,72.9,6.5,222.0,11.4,38.3,0,正常
Day02-22:07,2,22,7,19.2,72.4,6.3,362.0,10.1,38.4,0,正常
Day02-22:08,2,22,8,19.0,73.0,5.5,256.0,13.0,38.4,0,正常
Day02-22:09,2,22,9,18.5,74.3,7.1,178.0,11.2,38.4,0,正常
Day02-22:10,2,22,10,18.9,72.6,6.5,237.0,17.0,38.0,0,正常
Day02-22:11,2,22,11,19.0,73.1,3.7,225.0,9.2,38.4,0,正常
Day02-22:12,2,22,12,18.8,73.1,6.8,236.0,8.3,38.3,0,正常
Day02-22:13,2,22,13,18.6,71.3,6.9,199.0,17.2,38.0,0,正常
Day02-22:14,2,22,14,19.4,72.8,5.8,294.0,8.2,38.8,0,正常
Day02-22:15,2,22,15,19.7,71.0,8.7,317.0,15.3,38.8,0,正常
Day02-22:16,2,22,16,19.0,72.8,8.5,178.0,16.7,38.4,0,正常
Day02-22:17,2,22,17,18.9,73.4,6.7,212.0,19.1,38.4,0,正常
Day02-22:18,2,22,18,18.5,74.2,7.3,219.0,14.0,38.6,0,正常
Day02-22:19,2,22,19,19.3,72.5,6.2,226.0,14.9,38.6,0,正常
Day02-22:20,2,22,20,18.8,73.3,5.7,253.0,16.4,38.2,0,正常
Day02-22:21,2,22,21,19.0,71.7,3.5,228.0,17.2,37.9,0,正常
Day02-22:22,2,22,22,18.7,72.0,7.4,235.0,4.1,38.5,0,正常
Day02-22:23,2,22,23,19.3,73.2,7.1,265.0,16.1,37.8,0,正常
Day02-22:24,2,22,24,19.1,72.4,6.1,330.0,18.1,37.9,0,正常
Day02-22:25,2,22,25,19.8,72.2,7.8,218.0,15.5,38.9,0,正常
Day02-22:26,2,22,26,19.3,75.1,9.2,385.0,15.8,38.5,0,正常
Day02-22:27,2,22,27,19.1,73.2,8.4,316.0,13.9,38.5,0,正常
Day02-22:28,2,22,28,19.1,73.1,5.7,247.0,18.1,38.4,0,正常
Day02-22:29,2,22,29,18.7,73.5,7.2,249.0,17.1,38.9,0,正常
Day02-22:30,2,22,30,19.2,75.1,7.8,282.0,2.7,38.4,0,正常
Day02-22:31,2,22,31,19.1,71.9,7.4,235.0,11.6,38.6,0,正常
Day02-22:32,2,22,32,18.7,72.8,7.6,317.0,12.8,38.8,0,正常
Day02-22:33,2,22,33,19.5,73.3,5.4,243.0,12.3,39.5,0,正常
Day02-22:34,2,22,34,19.0,73.6,6.7,209.0,7.9,39.1,0,正常
Day02-22:35,2,22,35,19.2,71.1,4.3,235.0,18.3,38.5,0,正常
Day02-22:36,2,22,36,18.8,72.0,7.4,214.0,19.2,38.4,0,正常
Day02-22:37,2,22,37,19.6,72.1,7.8,245.0,10.4,38.2,0,正常
Day02-22:38,2,22,38,18.5,73.0,4.6,256.0,15.7,38.6,0,正常
Day02-22:39,2,22,39,19.7,72.3,10.9,354.0,11.3,38.0,0,正常
Day02-22:40,2,22,40,19.5,73.4,8.0,163.0,14.8,38.5,0,正常
Day02-22:41,2,22,41,19.0,73.2,7.9,290.0,14.6,38.7,0,正常
Day02-22:42,2,22,42,19.0,72.9,8.4,226.0,11.0,38.6,0,正常
Day02-22:43,2,22,43,19.3,71.5,6.4,336.0,7.8,38.5,0,正常
Day02-22:44,2,22,44,19.0,73.1,3.6,244.0,20.7,38.5,0,正常
Day02-22:45,2,22,45,19.5,72.5,6.6,219.0,13.5,38.1,0,正常
Day02-22:46,2,22,46,19.3,73.6,7.3,225.0,12.3,38.2,0,正常
Day02-22:47,2,22,47,18.8,72.7,7.0,268.0,14.2,38.4,0,正常
Day02-22:48,2,22,48,19.1,72.7,6.8,286.0,12.3,38.2,0,正常
Day02-22:49,2,22,49,18.9,74.0,5.7,267.0,16.4,37.9,0,正常
Day02-22:50,2,22,50,19.4,71.7,5.6,241.0,20.1,38.3,0,正常
Day02-22:51,2,22,51,19.0,72.5,8.1,278.0,7.0,38.3,0,正常
Day02-22:52,2,22,52,19.2,75.6,8.0,245.0,18.5,38.2,0,正常
Day02-22:53,2,22,53,19.0,73.9,8.2,234.0,13.0,38.3,0,正常
Day02-22:54,2,22,54,19.1,73.7,6.5,225.0,5.9,38.2,0,正常
Day02-22:55,2,22,55,19.1,73.1,5.5,225.0,16.1,38.8,0,正常
Day02-22:56,2,22,56,19.0,73.1,6.4,303.0,19.6,38.8,0,正常
Day02-22:57,2,22,57,19.1,73.1,6.5,220.0,10.2,38.6,0,正常
Day02-22:58,2,22,58,19.2,75.0,6.0,244.0,19.5,38.0,0,正常
Day02-22:59,2,22,59,19.7,75.2,4.9,332.0,11.7,38.1,0,正常
Day02-23:00,2,23,0,19.8,74.1,3.3,170.0,7.4,38.1,0,正常
Day02-23:01,2,23,1,19.4,73.9,3.5,227.0,11.8,38.5,0,正常
Day02-23:02,2,23,2,18.7,73.8,6.0,206.0,14.0,38.6,0,正常
Day02-23:03,2,23,3,18.8,73.1,1.3,189.0,9.3,38.6,0,正常
Day02-23:04,2,23,4,18.9,73.4,5.2,164.0,23.0,38.3,0,正常
Day02-23:05,2,23,5,19.0,73.2,5.9,244.0,13.1,38.3,0,正常
Day02-23:06,2,23,6,19.0,71.7,4.6,254.0,18.8,38.3,0,正常
Day02-23:07,2,23,7,19.1,73.4,5.6,196.0,20.3,38.6,0,正常
Day02-23:08,2,23,8,19.1,72.8,5.3,234.0,17.4,38.1,0,正常
Day02-23:09,2,23,9,18.8,73.7,3.5,240.0,18.9,38.2,0,正常
Day02-23:10,2,23,10,19.6,74.2,10.2,266.0,11.0,38.6,0,正常
Day02-23:11,2,23,11,19.4,72.5,5.4,277.0,10.0,38.6,0,正常
Day02-23:12,2,23,12,18.5,71.9,4.6,262.0,14.7,38.4,0,正常
Day02-23:13,2,23,13,19.4,74.0,6.8,269.0,12.0,38.8,0,正常
Day02-23:14,2,23,14,18.2,72.2,5.7,241.0,18.0,38.5,0,正常
Day02-23:15,2,23,15,19.4,72.6,6.7,212.0,16.5,38.8,0,正常
Day02-23:16,2,23,16,19.0,72.2,4.5,251.0,10.6,38.7,0,正常
Day02-23:17,2,23,17,19.2,70.6,5.6,207.0,21.8,38.3,0,正常
Day02-23:18,2,23,18,18.8,73.0,6.8,127.0,16.9,38.8,0,正常
Day02-23:19,2,23,19,18.8,73.0,5.3,131.0,21.0,38.7,0,正常
Day02-23:20,2,23,20,19.3,72.9,4.8,154.0,18.7,38.7,0,正常
Day02-23:21,2,23,21,18.6,74.1,7.1,235.0,18.0,38.1,0,正常
Day02-23:22,2,23,22,18.8,71.8,5.4,165.0,14.1,38.4,0,正常
Day02-23:23,2,23,23,19.0,72.7,6.6,267.0,29.1,39.1,0,正常
Day02-23:24,2,23,24,19.5,73.4,3.8,310.0,17.1,38.7,0,正常
Day02-23:25,2,23,25,19.7,72.3,3.6,217.0,16.8,38.7,0,正常
Day02-23:26,2,23,26,18.9,72.7,5.9,217.0,22.3,38.5,0,正常
Day02-23:27,2,23,27,19.3,74.2,6.8,174.0,22.9,38.0,0,正常
Day02-23:28,2,23,28,19.1,73.4,6.0,182.0,15.1,38.6,0,正常
Day02-23:29,2,23,29,19.0,72.3,6.5,188.0,6.0,38.3,0,正常
Day02-23:30,2,23,30,18.4,74.2,4.6,269.0,15.0,38.3,0,正常
Day02-23:31,2,23,31,18.9,74.4,7.2,247.0,13.7,38.8,0,正常
Day02-23:32,2,23,32,19.1,71.8,6.1,236.0,4.4,38.1,0,正常
Day02-23:33,2,23,33,19.1,73.8,7.6,171.0,14.6,38.3,0,正常
Day02-23:34,2,23,34,18.8,72.4,4.2,300.0,13.1,38.6,0,正常
Day02-23:35,2,23,35,19.2,70.8,6.5,187.0,18.9,38.5,0,正常
Day02-23:36,2,23,36,18.8,72.8,5.5,209.0,16.8,38.8,0,正常
Day02-23:37,2,23,37,19.3,72.0,9.9,220.0,13.3,38.2,0,正常
Day02-23:38,2,23,38,19.2,72.2,6.0,203.0,16.0,38.4,0,正常
Day02-23:39,2,23,39,18.9,72.4,6.1,194.0,7.5,38.5,0,正常
Day02-23:40,2,23,40,18.5,70.6,5.4,186.0,15.3,38.6,0,正常
Day02-23:41,2,23,41,19.5,72.2,7.6,193.0,27.8,38.4,0,正常
Day02-23:42,2,23,42,18.7,70.5,4.2,235.0,15.3,38.4,0,正常
Day02-23:43,2,23,43,19.3,71.5,3.8,165.0,7.8,38.6,0,正常
Day02-23:44,2,23,44,19.1,72.3,6.7,217.0,9.8,39.1,0,正常
Day02-23:45,2,23,45,19.4,72.9,3.9,205.0,22.1,39.0,0,正常
Day02-23:46,2,23,46,19.1,73.5,3.3,227.0,10.6,38.6,0,正常
Day02-23:47,2,23,47,18.9,72.9,6.4,149.0,18.5,38.4,0,正常
Day02-23:48,2,23,48,19.3,72.4,5.7,175.0,13.1,38.4,0,正常
Day02-23:49,2,23,49,18.7,72.5,5.6,217.0,14.7,38.2,0,正常
Day02-23:50,2,23,50,19.2,73.2,5.3,221.0,14.8,37.9,0,正常
Day02-23:51,2,23,51,19.0,73.1,6.7,244.0,21.5,38.8,0,正常
Day02-23:52,2,23,52,19.2,74.2,4.4,163.0,14.4,38.6,0,正常
Day02-23:53,2,23,53,18.9,70.4,4.9,222.0,22.1,38.6,0,正常
Day02-23:54,2,23,54,19.2,75.3,1.5,164.0,10.6,38.5,0,正常
Day02-23:55,2,23,55,19.4,70.9,6.4,251.0,15.4,38.4,0,正常
Day02-23:56,2,23,56,18.8,72.7,7.6,289.0,15.0,38.7,0,正常
Day02-23:57,2,23,57,19.2,72.0,5.7,216.0,15.9,38.2,0,正常
Day02-23:58,2,23,58,19.1,72.3,5.3,201.0,17.2,38.2,0,正常
Day02-23:59,2,23,59,18.9,74.1,7.2,233.0,8.8,38.3,0,正常
Day03-00:00,3,0,0,20.2,72.2,6.7,161.0,14.1,38.5,0,正常
Day03-00:01,3,0,1,19.9,70.7,5.0,291.0,14.9,38.6,0,正常
Day03-00:02,3,0,2,18.8,71.5,8.7,209.0,18.3,38.3,0,正常
Day03-00:03,3,0,3,19.1,70.3,3.6,164.0,19.3,38.2,0,正常
Day03-00:04,3,0,4,19.5,72.8,5.5,234.0,10.6,38.7,0,正常
Day03-00:05,3,0,5,19.7,71.1,5.8,167.0,14.9,38.7,0,正常
Day03-00:06,3,0,6,19.4,73.5,6.2,106.0,11.2,38.3,0,正常
Day03-00:07,3,0,7,19.5,71.3,5.7,264.0,7.0,38.5,0,正常
Day03-00:08,3,0,8,19.5,72.2,6.7,272.0,21.0,38.4,0,正常
Day03-00:09,3,0,9,18.8,72.3,5.0,170.0,11.8,38.6,0,正常
Day03-00:10,3,0,10,19.2,73.6,5.6,241.0,17.1,39.0,0,正常
Day03-00:11,3,0,11,19.0,70.2,4.3,224.0,24.6,38.5,0,正常
Day03-00:12,3,0,12,19.7,71.6,5.3,205.0,16.1,38.5,0,正常
Day03-00:13,3,0,13,19.1,73.6,5.1,168.0,18.8,38.5,0,正常
Day03-00:14,3,0,14,18.9,73.0,5.4,178.0,18.7,38.5,0,正常
Day03-00:15,3,0,15,19.1,71.6,5.0,232.0,7.4,38.6,0,正常
Day03-00:16,3,0,16,19.5,72.6,4.3,110.0,14.1,38.2,0,正常
Day03-00:17,3,0,17,19.8,74.1,3.7,186.0,13.5,38.1,0,正常
Day03-00:18,3,0,18,19.4,70.6,8.5,260.0,15.5,38.4,0,正常
Day03-00:19,3,0,19,20.0,71.7,7.5,294.0,20.4,38.8,0,正常
Day03-00:20,3,0,20,19.7,71.5,6.7,210.0,19.5,38.4,0,正常
Day03-00:21,3,0,21,19.6,70.9,3.6,131.0,17.7,38.5,0,正常
Day03-00:22,3,0,22,19.8,70.9,6.2,202.0,15.7,38.2,0,正常
Day03-00:23,3,0,23,19.7,71.7,4.6,150.0,20.1,37.9,0,正常
Day03-00:24,3,0,24,19.6,72.8,4.8,199.0,18.7,38.2,0,正常
Day03-00:25,3,0,25,19.8,73.1,8.5,258.0,16.8,38.7,0,正常
Day03-00:26,3,0,26,18.9,72.0,6.2,196.0,17.1,38.7,0,正常
Day03-00:27,3,0,27,19.6,71.6,6.9,111.0,19.7,38.4,0,正常
Day03-00:28,3,0,28,19.2,70.3,6.6,164.0,20.7,39.1,0,正常
Day03-00:29,3,0,29,19.2,70.8,5.1,213.0,10.1,38.6,0,正常
Day03-00:30,3,0,30,18.9,70.1,6.4,72.0,14.8,38.1,0,正常
Day03-00:31,3,0,31,19.5,71.4,5.4,158.0,14.6,39.5,0,正常
Day03-00:32,3,0,32,19.3,68.0,2.5,224.0,10.5,38.8,0,正常
Day03-00:33,3,0,33,18.7,72.4,8.4,228.0,5.2,38.3,0,正常
Day03-00:34,3,0,34,18.7,71.5,6.0,258.0,23.6,38.9,0,正常
Day03-00:35,3,0,35,19.3,72.1,8.5,209.0,17.3,38.3,0,正常
Day03-00:36,3,0,36,19.0,72.3,3.6,230.0,10.7,38.4,0,正常
Day03-00:37,3,0,37,19.3,69.8,6.0,250.0,13.2,38.5,0,正常
Day03-00:38,3,0,38,19.6,71.4,4.5,232.0,16.3,38.3,0,正常
Day03-00:39,3,0,39,19.2,70.6,4.7,195.0,17.3,38.3,0,正常
Day03-00:40,3,0,40,19.4,69.2,8.4,207.0,21.5,38.2,0,正常
Day03-00:41,3,0,41,19.5,70.9,6.8,234.0,14.3,38.3,0,正常
Day03-00:42,3,0,42,19.5,69.7,4.1,186.0,15.5,38.1,0,正常
Day03-00:43,3,0,43,19.7,72.1,4.8,249.0,15.6,38.6,0,正常
Day03-00:44,3,0,44,19.3,72.7,4.6,204.0,11.1,38.4,0,正常
Day03-00:45,3,0,45,19.1,73.8,6.1,159.0,17.7,38.4,0,正常
Day03-00:46,3,0,46,19.8,71.6,3.0,121.0,9.4,38.3,0,正常
Day03-00:47,3,0,47,18.7,70.9,5.2,181.0,21.5,38.8,0,正常
Day03-00:48,3,0,48,19.6,72.9,5.4,217.0,18.5,38.1,0,正常
Day03-00:49,3,0,49,19.0,71.1,4.9,158.0,14.6,38.8,0,正常
Day03-00:50,3,0,50,19.6,73.1,6.3,112.0,14.1,38.3,0,正常
Day03-00:51,3,0,51,19.4,73.6,5.7,230.0,16.5,38.3,0,正常
Day03-00:52,3,0,52,19.8,71.8,3.5,144.0,22.9,38.3,0,正常
Day03-00:53,3,0,53,18.9,71.8,6.1,200.0,11.3,38.2,0,正常
Day03-00:54,3,0,54,19.0,72.5,5.4,266.0,13.1,38.0,0,正常
Day03-00:55,3,0,55,19.1,72.9,4.1,247.0,7.1,38.3,0,正常
Day03-00:56,3,0,56,19.3,72.9,4.0,250.0,21.7,38.6,0,正常
Day03-00:57,3,0,57,19.3,71.5,6.4,290.0,13.6,38.7,0,正常
Day03-00:58,3,0,58,19.3,70.6,6.6,197.0,17.6,37.9,0,正常
Day03-00:59,3,0,59,19.3,72.5,3.1,165.0,12.9,38.0,0,正常
Day03-01:00,3,1,0,20.0,70.2,5.4,198.0,7.2,38.7,0,正常
Day03-01:01,3,1,1,20.1,70.1,7.1,223.0,12.7,38.2,0,正常
Day03-01:02,3,1,2,19.9,71.3,6.0,244.0,9.5,38.3,0,正常
Day03-01:03,3,1,3,19.9,70.1,6.7,195.0,17.8,38.4,0,正常
Day03-01:04,3,1,4,19.8,70.8,6.8,265.0,10.2,38.3,0,正常
Day03-01:05,3,1,5,19.6,70.5,1.5,147.0,24.6,39.0,0,正常
Day03-01:06,3,1,6,20.0,70.7,3.7,249.0,13.1,38.0,0,正常
Day03-01:07,3,1,7,20.3,71.3,4.9,67.0,10.3,38.7,0,正常
Day03-01:08,3,1,8,19.7,71.4,6.0,212.0,20.5,38.8,0,正常
Day03-01:09,3,1,9,19.9,69.4,3.8,245.0,19.5,38.0,0,正常
Day03-01:10,3,1,10,20.3,72.3,5.1,227.0,12.0,38.9,0,正常
Day03-01:11,3,1,11,20.2,70.8,6.7,251.0,16.2,38.8,0,正常
Day03-01:12,3,1,12,19.7,73.4,4.0,222.0,15.7,38.1,0,正常
Day03-01:13,3,1,13,20.2,70.6,3.1,218.0,21.1,38.7,0,正常
Day03-01:14,3,1,14,20.0,70.9,5.1,255.0,16.5,38.2,0,正常
Day03-01:15,3,1,15,20.1,70.5,4.0,318.0,15.8,38.5,0,正常
Day03-01:16,3,1,16,19.9,70.1,3.4,206.0,13.8,38.5,0,正常
Day03-01:17,3,1,17,19.8,69.4,6.0,238.0,12.3,38.4,0,正常
Day03-01:18,3,1,18,20.0,68.1,3.3,203.0,16.3,38.0,0,正常
Day03-01:19,3,1,19,20.2,70.7,6.5,299.0,13.6,38.7,0,正常
Day03-01:20,3,1,20,19.4,69.1,6.5,165.0,13.8,38.0,0,正常
Day03-01:21,3,1,21,19.9,69.4,4.4,205.0,8.2,38.3,0,正常
Day03-01:22,3,1,22,19.8,68.8,6.4,291.0,22.7,38.9,0,正常
Day03-01:23,3,1,23,19.7,70.5,6.9,159.0,18.8,39.0,0,正常
Day03-01:24,3,1,24,20.1,70.2,4.6,292.0,22.7,38.1,0,正常
Day03-01:25,3,1,25,19.8,70.6,4.2,247.0,8.5,38.5,0,正常
Day03-01:26,3,1,26,19.6,71.5,7.2,225.0,13.7,37.9,0,正常
Day03-01:27,3,1,27,19.6,69.9,5.2,79.0,13.7,38.5,0,正常
Day03-01:28,3,1,28,19.2,71.4,6.5,210.0,5.6,38.4,0,正常
Day03-01:29,3,1,29,20.2,73.1,4.9,200.0,12.8,38.6,0,正常
Day03-01:30,3,1,30,19.8,72.0,8.0,232.0,11.1,38.1,0,正常
Day03-01:31,3,1,31,20.2,69.0,2.8,303.0,8.1,38.6,0,正常
Day03-01:32,3,1,32,19.9,70.9,3.8,202.0,18.0,38.9,0,正常
Day03-01:33,3,1,33,20.2,72.0,3.9,262.0,19.0,38.1,0,正常
Day03-01:34,3,1,34,19.9,71.0,7.3,161.0,16.2,38.4,0,正常
Day03-01:35,3,1,35,20.4,69.1,4.9,175.0,12.1,39.0,0,正常
Day03-01:36,3,1,36,20.2,71.5,6.2,193.0,8.1,38.7,0,正常
Day03-01:37,3,1,37,19.7,70.4,5.1,282.0,9.5,38.8,0,正常
Day03-01:38,3,1,38,19.8,69.5,4.0,258.0,23.3,37.9,0,正常
Day03-01:39,3,1,39,19.8,70.7,5.9,211.0,12.0,39.0,0,正常
Day03-01:40,3,1,40,19.6,70.3,5.2,279.0,15.1,38.2,0,正常
Day03-01:41,3,1,41,20.1,70.6,6.4,214.0,20.8,37.8,0,正常
Day03-01:42,3,1,42,19.8,72.5,6.7,184.0,16.6,38.8,0,正常
Day03-01:43,3,1,43,20.2,71.4,4.7,226.0,13.9,38.6,0,正常
Day03-01:44,3,1,44,19.5,70.5,4.9,187.0,13.9,38.6,0,正常
Day03-01:45,3,1,45,19.9,70.1,2.1,170.0,15.2,38.6,0,正常
Day03-01:46,3,1,46,20.2,71.3,4.3,177.0,14.7,39.0,0,正常
Day03-01:47,3,1,47,19.5,71.1,6.6,153.0,9.7,38.5,0,正常
Day03-01:48,3,1,48,19.8,69.8,6.1,251.0,9.7,38.2,0,正常
Day03-01:49,3,1,49,19.8,71.0,3.0,206.0,13.6,38.5,0,正常
Day03-01:50,3,1,50,20.3,69.6,4.9,173.0,8.9,38.8,0,正常
Day03-01:51,3,1,51,19.9,71.4,7.8,224.0,16.7,38.3,0,正常
Day03-01:52,3,1,52,20.0,70.3,7.0,256.0,20.0,38.6,0,正常
Day03-01:53,3,1,53,19.6,70.1,3.6,140.0,16.1,38.1,0,正常
Day03-01:54,3,1,54,19.6,70.2,6.0,172.0,11.2,38.0,0,正常
Day03-01:55,3,1,55,19.9,70.8,3.0,263.0,9.1,38.0,0,正常
Day03-01:56,3,1,56,20.4,70.7,7.0,159.0,9.5,38.4,0,正常
Day03-01:57,3,1,57,20.0,69.6,4.3,233.0,22.6,37.9,0,正常
Day03-01:58,3,1,58,20.0,69.7,5.0,210.0,18.7,38.2,0,正常
Day03-01:59,3,1,59,20.0,71.7,5.7,223.0,20.9,38.7,0,正常
Day03-02:00,3,2,0,13.9,76.5,5.9,162.0,8.0,38.2,0,低温应激
Day03-02:01,3,2,1,14.1,78.6,5.6,189.0,10.7,37.7,0,低温应激
Day03-02:02,3,2,2,13.6,75.3,4.9,240.0,7.6,38.6,0,低温应激
Day03-02:03,3,2,3,14.1,76.6,5.9,302.0,13.2,38.5,0,低温应激
Day03-02:04,3,2,4,14.6,81.1,5.3,389.0,0,38.2,0,低温应激
Day03-02:05,3,2,5,14.0,77.6,2.1,231.0,10.3,38.9,0,低温应激
Day03-02:06,3,2,6,13.9,80.9,4.7,259.0,2.4,38.5,0,低温应激
Day03-02:07,3,2,7,13.9,79.6,2.9,309.0,17.3,38.3,0,低温应激
Day03-02:08,3,2,8,13.7,78.3,4.3,277.0,7.9,38.7,0,低温应激
Day03-02:09,3,2,9,14.3,76.9,5.2,222.0,0.9,37.7,0,低温应激
Day03-02:10,3,2,10,14.6,77.7,3.0,354.0,11.1,38.7,0,低温应激
Day03-02:11,3,2,11,14.6,76.3,5.9,210.0,5.9,38.5,0,低温应激
Day03-02:12,3,2,12,14.0,80.5,2.7,271.0,3.7,38.1,0,低温应激
Day03-02:13,3,2,13,14.2,78.3,4.7,269.0,4.6,38.5,0,低温应激
Day03-02:14,3,2,14,14.4,77.2,5.2,258.0,1.1,38.5,0,低温应激
Day03-02:15,3,2,15,13.8,77.8,4.6,222.0,4.4,38.4,0,低温应激
Day03-02:16,3,2,16,14.5,78.7,6.2,250.0,4.3,38.6,0,低温应激
Day03-02:17,3,2,17,14.0,80.4,4.4,311.0,16.4,38.2,0,低温应激
Day03-02:18,3,2,18,13.1,77.3,6.7,315.0,6.8,38.8,0,低温应激
Day03-02:19,3,2,19,13.2,76.7,3.8,233.0,11.0,38.3,0,低温应激
Day03-02:20,3,2,20,13.4,77.4,6.5,349.0,3.6,38.6,0,低温应激
Day03-02:21,3,2,21,13.4,77.4,2.0,288.0,13.7,38.6,0,低温应激
Day03-02:22,3,2,22,14.4,79.7,3.7,325.0,10.5,38.3,0,低温应激
Day03-02:23,3,2,23,13.9,79.8,4.5,228.0,0,38.1,0,低温应激
Day03-02:24,3,2,24,13.4,77.7,7.7,202.0,4.7,37.7,0,低温应激
Day03-02:25,3,2,25,14.1,78.4,5.3,170.0,18.6,38.4,0,低温应激
Day03-02:26,3,2,26,14.3,79.5,1.0,174.0,13.1,38.9,0,低温应激
Day03-02:27,3,2,27,14.7,78.0,4.1,199.0,6.5,38.3,0,低温应激
Day03-02:28,3,2,28,14.7,78.0,4.7,189.0,6.0,38.1,0,低温应激
Day03-02:29,3,2,29,14.2,76.6,2.5,235.0,4.3,38.2,0,低温应激
Day03-02:30,3,2,30,14.0,79.7,5.6,267.0,0.8,38.1,0,低温应激
Day03-02:31,3,2,31,14.7,78.3,4.0,276.0,10.5,38.6,0,低温应激
Day03-02:32,3,2,32,13.4,79.3,4.2,321.0,2.8,38.6,0,低温应激
Day03-02:33,3,2,33,13.8,79.5,7.9,193.0,5.0,38.3,0,低温应激
Day03-02:34,3,2,34,14.2,78.2,6.1,211.0,2.9,38.3,0,低温应激
Day03-02:35,3,2,35,14.2,77.0,6.3,213.0,14.6,38.3,0,低温应激
Day03-02:36,3,2,36,14.3,78.1,4.7,233.0,4.1,38.0,0,低温应激
Day03-02:37,3,2,37,14.4,77.2,6.2,287.0,6.3,38.0,0,低温应激
Day03-02:38,3,2,38,13.5,79.3,0.8,219.0,3.6,38.0,0,低温应激
Day03-02:39,3,2,39,13.9,79.5,4.6,306.0,0,38.1,0,低温应激
Day03-02:40,3,2,40,14.0,74.1,3.1,172.0,7.5,38.5,0,低温应激
Day03-02:41,3,2,41,13.6,78.9,5.2,248.0,13.8,38.8,0,低温应激
Day03-02:42,3,2,42,13.6,78.4,4.3,274.0,0.9,38.2,0,低温应激
Day03-02:43,3,2,43,13.9,80.2,4.4,282.0,10.5,38.2,0,低温应激
Day03-02:44,3,2,44,14.0,78.1,4.2,181.0,0.9,38.2,0,低温应激
Day03-02:45,3,2,45,13.7,78.6,6.1,335.0,8.2,38.5,0,低温应激
Day03-02:46,3,2,46,13.9,77.9,4.1,194.0,4.0,38.2,0,低温应激
Day03-02:47,3,2,47,13.9,79.2,5.3,319.0,5.8,38.3,0,低温应激
Day03-02:48,3,2,48,13.5,79.2,4.5,313.0,5.1,38.3,0,低温应激
Day03-02:49,3,2,49,14.3,75.2,5.6,246.0,8.4,38.3,0,低温应激
Day03-02:50,3,2,50,14.4,78.8,4.7,330.0,5.4,38.8,0,低温应激
Day03-02:51,3,2,51,14.0,79.2,6.2,288.0,12.8,38.5,0,低温应激
Day03-02:52,3,2,52,14.7,77.0,4.9,249.0,3.6,38.2,0,低温应激
Day03-02:53,3,2,53,14.1,77.0,7.0,271.0,9.5,38.3,0,低温应激
Day03-02:54,3,2,54,14.3,75.6,6.9,312.0,5.5,37.6,0,低温应激
Day03-02:55,3,2,55,14.2,78.8,4.5,343.0,3.3,38.6,0,低温应激
Day03-02:56,3,2,56,14.4,78.6,4.1,147.0,7.2,38.1,0,低温应激
Day03-02:57,3,2,57,13.7,78.1,5.5,209.0,9.9,38.8,0,低温应激
Day03-02:58,3,2,58,14.6,77.1,4.0,267.0,3.9,38.1,0,低温应激
Day03-02:59,3,2,59,13.5,77.9,5.4,267.0,2.6,38.0,0,低温应激
Day03-03:00,3,3,0,14.9,78.8,5.6,303.0,9.0,38.1,0,低温应激
Day03-03:01,3,3,1,14.0,77.6,6.2,357.0,6.6,38.9,0,低温应激
Day03-03:02,3,3,2,14.5,76.9,6.4,331.0,14.9,38.2,0,低温应激
Day03-03:03,3,3,3,13.9,76.9,6.2,315.0,7.6,38.3,0,低温应激
Day03-03:04,3,3,4,14.0,79.5,5.8,342.0,4.4,38.0,0,低温应激
Day03-03:05,3,3,5,13.6,77.5,6.2,335.0,8.7,38.2,0,低温应激
Day03-03:06,3,3,6,14.8,80.8,2.9,288.0,13.6,38.4,0,低温应激
Day03-03:07,3,3,7,14.4,78.2,2.1,314.0,7.6,38.4,0,低温应激
Day03-03:08,3,3,8,14.2,80.9,8.2,392.0,11.5,38.6,0,低温应激
Day03-03:09,3,3,9,14.3,78.8,8.6,344.0,5.3,38.8,0,低温应激
Day03-03:10,3,3,10,14.3,77.7,2.7,400.0,13.2,37.9,0,低温应激
Day03-03:11,3,3,11,13.8,79.3,3.3,341.0,16.0,38.3,0,低温应激
Day03-03:12,3,3,12,14.0,78.4,5.8,401.0,10.5,38.3,0,低温应激
Day03-03:13,3,3,13,13.6,78.6,6.2,377.0,0,38.7,0,低温应激
Day03-03:14,3,3,14,13.3,81.0,8.2,360.0,3.1,38.1,0,低温应激
Day03-03:15,3,3,15,13.5,75.4,3.9,320.0,8.0,38.5,0,低温应激
Day03-03:16,3,3,16,13.9,77.9,4.2,378.0,2.3,38.6,0,低温应激
Day03-03:17,3,3,17,14.7,78.5,6.2,185.0,0,38.1,0,低温应激
Day03-03:18,3,3,18,13.5,78.9,4.9,295.0,10.4,38.2,0,低温应激
Day03-03:19,3,3,19,14.1,79.8,5.7,276.0,6.1,38.8,0,低温应激
Day03-03:20,3,3,20,13.8,77.3,3.7,342.0,7.0,38.2,0,低温应激
Day03-03:21,3,3,21,14.0,79.2,6.2,342.0,2.7,37.7,0,低温应激
Day03-03:22,3,3,22,14.6,78.3,4.8,390.0,15.6,38.6,0,低温应激
Day03-03:23,3,3,23,13.7,77.8,4.0,298.0,10.8,38.4,0,低温应激
Day03-03:24,3,3,24,13.9,79.0,4.1,333.0,10.3,38.2,0,低温应激
Day03-03:25,3,3,25,14.3,76.6,5.4,309.0,10.9,38.7,0,低温应激
Day03-03:26,3,3,26,14.5,76.9,5.5,340.0,12.6,38.3,0,低温应激
Day03-03:27,3,3,27,14.4,79.6,4.7,285.0,10.2,38.1,0,低温应激
Day03-03:28,3,3,28,14.1,77.4,4.8,371.0,9.0,38.4,0,低温应激
Day03-03:29,3,3,29,14.1,77.1,3.1,352.0,11.1,38.1,0,低温应激
Day03-03:30,3,3,30,13.3,76.6,3.4,398.0,1.7,38.7,0,低温应激
Day03-03:31,3,3,31,14.7,77.9,4.8,233.0,0,38.2,0,低温应激
Day03-03:32,3,3,32,13.8,76.1,3.1,299.0,19.2,38.1,0,低温应激
Day03-03:33,3,3,33,14.0,78.7,6.6,396.0,15.8,38.2,0,低温应激
Day03-03:34,3,3,34,13.9,81.1,0.1,391.0,8.2,38.3,0,低温应激
Day03-03:35,3,3,35,13.6,77.6,3.4,333.0,16.3,38.2,0,低温应激
Day03-03:36,3,3,36,13.3,80.6,5.7,283.0,1.7,38.5,0,低温应激
Day03-03:37,3,3,37,13.8,80.4,4.2,294.0,3.3,39.0,0,低温应激
Day03-03:38,3,3,38,13.5,79.6,3.8,391.0,9.4,38.2,0,低温应激
Day03-03:39,3,3,39,14.7,79.7,6.2,287.0,8.7,37.9,0,低温应激
Day03-03:40,3,3,40,14.4,75.0,4.0,317.0,3.1,38.3,0,低温应激
Day03-03:41,3,3,41,13.5,77.9,7.2,269.0,8.6,38.7,0,低温应激
Day03-03:42,3,3,42,13.4,77.2,5.2,360.0,5.3,38.7,0,低温应激
Day03-03:43,3,3,43,13.2,78.7,4.5,266.0,14.0,38.1,0,低温应激
Day03-03:44,3,3,44,14.0,78.3,6.0,265.0,0,38.4,0,低温应激
Day03-03:45,3,3,45,14.7,76.6,2.6,303.0,4.3,38.4,0,低温应激
Day03-03:46,3,3,46,13.9,75.8,4.5,371.0,7.2,38.8,0,低温应激
Day03-03:47,3,3,47,14.7,77.4,6.8,328.0,11.2,38.6,0,低温应激
Day03-03:48,3,3,48,13.5,78.4,6.8,334.0,9.2,38.1,0,低温应激
Day03-03:49,3,3,49,13.4,76.7,7.4,267.0,15.6,38.6,0,低温应激
Day03-03:50,3,3,50,14.0,79.3,4.7,231.0,2.5,38.2,0,低温应激
Day03-03:51,3,3,51,13.9,78.1,5.9,269.0,4.6,38.4,0,低温应激
Day03-03:52,3,3,52,14.7,78.5,6.4,294.0,8.6,38.0,0,低温应激
Day03-03:53,3,3,53,14.2,78.4,7.0,362.0,4.0,38.8,0,低温应激
Day03-03:54,3,3,54,14.5,77.2,5.4,308.0,5.3,38.6,0,低温应激
Day03-03:55,3,3,55,14.2,75.5,4.4,229.0,4.4,38.3,0,低温应激
Day03-03:56,3,3,56,13.3,76.9,6.5,285.0,2.7,38.6,0,低温应激
Day03-03:57,3,3,57,13.5,78.7,4.8,295.0,0.7,38.2,0,低温应激
Day03-03:58,3,3,58,14.0,80.5,4.7,396.0,6.2,38.7,0,低温应激
Day03-03:59,3,3,59,13.9,77.8,5.6,345.0,6.2,38.6,0,低温应激
Day03-04:00,3,4,0,13.9,76.3,5.0,467.0,8.8,38.9,0,低温应激
Day03-04:01,3,4,1,13.7,76.5,4.7,398.0,8.8,38.7,0,低温应激
Day03-04:02,3,4,2,13.9,80.3,5.5,382.0,11.2,38.5,0,低温应激
Day03-04:03,3,4,3,14.4,76.4,5.0,461.0,15.4,38.6,0,低温应激
Day03-04:04,3,4,4,14.1,78.9,5.5,344.0,12.2,38.1,0,低温应激
Day03-04:05,3,4,5,14.2,77.3,6.2,387.0,6.8,38.5,0,低温应激
Day03-04:06,3,4,6,14.0,80.1,1.7,458.0,8.4,38.0,0,低温应激
Day03-04:07,3,4,7,14.2,78.1,3.7,441.0,6.8,38.4,0,低温应激
Day03-04:08,3,4,8,13.7,76.6,3.7,485.0,8.7,38.6,0,低温应激
Day03-04:09,3,4,9,14.4,77.8,7.4,408.0,9.1,38.2,0,低温应激
Day03-04:10,3,4,10,14.0,78.6,3.5,346.0,12.5,38.4,0,低温应激
Day03-04:11,3,4,11,14.1,78.7,3.9,485.0,3.2,38.3,0,低温应激
Day03-04:12,3,4,12,14.3,80.6,2.9,402.0,9.9,38.4,0,低温应激
Day03-04:13,3,4,13,13.7,78.0,2.8,394.0,13.4,38.2,0,低温应激
Day03-04:14,3,4,14,13.9,77.1,5.0,464.0,10.4,38.8,0,低温应激
Day03-04:15,3,4,15,15.1,79.7,7.4,455.0,15.2,37.9,0,低温应激
Day03-04:16,3,4,16,14.5,76.0,5.4,429.0,7.0,38.5,0,低温应激
Day03-04:17,3,4,17,14.1,81.3,5.6,489.0,3.9,38.1,0,低温应激
Day03-04:18,3,4,18,14.3,76.2,6.8,411.0,6.1,38.3,0,低温应激
Day03-04:19,3,4,19,13.4,78.3,4.6,373.0,7.2,38.0,0,低温应激
Day03-04:20,3,4,20,14.4,77.2,4.9,373.0,6.9,38.0,0,低温应激
Day03-04:21,3,4,21,14.1,78.5,3.0,430.0,9.0,38.2,0,低温应激
Day03-04:22,3,4,22,13.6,78.0,5.1,441.0,19.0,38.8,0,低温应激
Day03-04:23,3,4,23,14.7,76.2,3.1,348.0,10.5,38.3,0,低温应激
Day03-04:24,3,4,24,14.5,76.0,4.7,368.0,11.6,37.8,0,低温应激
Day03-04:25,3,4,25,13.6,79.1,4.0,358.0,10.5,38.0,0,低温应激
Day03-04:26,3,4,26,13.6,79.2,6.1,376.0,9.5,38.3,0,低温应激
Day03-04:27,3,4,27,13.1,76.7,6.6,338.0,8.0,38.1,0,低温应激
Day03-04:28,3,4,28,14.7,78.1,5.4,377.0,1.8,38.1,0,低温应激
Day03-04:29,3,4,29,14.3,76.1,4.0,368.0,2.5,38.3,0,低温应激
Day03-04:30,3,4,30,13.7,77.3,3.5,424.0,15.0,38.9,0,低温应激
Day03-04:31,3,4,31,13.8,78.2,6.5,413.0,8.3,38.9,0,低温应激
Day03-04:32,3,4,32,14.1,76.7,5.7,386.0,0,37.9,0,低温应激
Day03-04:33,3,4,33,14.2,78.6,3.9,296.0,8.3,38.7,0,低温应激
Day03-04:34,3,4,34,14.5,78.3,6.1,463.0,0,38.3,0,低温应激
Day03-04:35,3,4,35,14.1,76.5,3.3,400.0,4.9,38.1,0,低温应激
Day03-04:36,3,4,36,14.0,77.3,5.2,366.0,11.6,38.6,0,低温应激
Day03-04:37,3,4,37,14.2,76.1,4.9,420.0,6.2,38.7,0,低温应激
Day03-04:38,3,4,38,14.8,75.2,6.2,416.0,8.6,38.1,0,低温应激
Day03-04:39,3,4,39,14.7,76.6,5.8,367.0,2.5,38.7,0,低温应激
Day03-04:40,3,4,40,14.3,80.1,6.8,377.0,5.3,38.6,0,低温应激
Day03-04:41,3,4,41,13.9,79.0,6.2,395.0,0,37.8,0,低温应激
Day03-04:42,3,4,42,14.4,76.6,2.4,422.0,1.8,38.2,0,低温应激
Day03-04:43,3,4,43,14.5,79.6,7.2,339.0,5.6,38.1,0,低温应激
Day03-04:44,3,4,44,14.1,76.6,3.7,412.0,2.9,38.6,0,低温应激
Day03-04:45,3,4,45,14.2,74.7,7.3,350.0,0,38.6,0,低温应激
Day03-04:46,3,4,46,14.2,77.8,5.2,369.0,12.4,38.8,0,低温应激
Day03-04:47,3,4,47,14.0,79.6,3.5,403.0,0,38.5,0,低温应激
Day03-04:48,3,4,48,14.4,76.4,3.2,423.0,9.5,38.1,0,低温应激
Day03-04:49,3,4,49,14.0,78.6,10.7,448.0,7.5,38.2,0,低温应激
Day03-04:50,3,4,50,14.6,79.5,5.7,402.0,6.5,38.4,0,低温应激
Day03-04:51,3,4,51,14.1,78.0,7.5,447.0,11.3,38.5,0,低温应激
Day03-04:52,3,4,52,14.6,78.6,4.9,379.0,4.6,38.6,0,低温应激
Day03-04:53,3,4,53,13.8,77.4,7.5,278.0,14.4,38.8,0,低温应激
Day03-04:54,3,4,54,14.2,80.8,7.8,364.0,6.8,38.4,0,低温应激
Day03-04:55,3,4,55,13.9,81.0,6.2,449.0,4.4,38.5,0,低温应激
Day03-04:56,3,4,56,14.5,76.6,4.7,489.0,4.5,38.1,0,低温应激
Day03-04:57,3,4,57,14.2,76.3,6.2,409.0,10.9,38.1,0,低温应激
Day03-04:58,3,4,58,14.1,76.6,6.1,397.0,17.0,38.1,0,低温应激
Day03-04:59,3,4,59,14.7,76.4,5.3,404.0,6.9,38.4,0,低温应激
Day03-05:00,3,5,0,14.1,77.1,3.1,531.0,13.3,38.3,0,低温应激
Day03-05:01,3,5,1,14.8,77.3,5.3,520.0,9.6,38.3,0,低温应激
Day03-05:02,3,5,2,14.2,76.9,4.9,390.0,5.3,38.8,0,低温应激
Day03-05:03,3,5,3,13.7,79.0,5.8,568.0,12.9,38.7,0,低温应激
Day03-05:04,3,5,4,13.7,78.7,6.1,481.0,5.6,37.3,0,低温应激
Day03-05:05,3,5,5,13.3,78.4,5.5,539.0,8.4,38.4,0,低温应激
Day03-05:06,3,5,6,14.0,77.1,6.5,543.0,9.6,39.0,0,低温应激
Day03-05:07,3,5,7,14.1,76.7,7.8,521.0,11.4,38.3,0,低温应激
Day03-05:08,3,5,8,14.3,77.2,5.8,536.0,13.2,38.5,0,低温应激
Day03-05:09,3,5,9,14.2,78.1,7.2,473.0,8.5,37.7,0,低温应激
Day03-05:10,3,5,10,14.2,76.4,6.8,512.0,0,38.6,0,低温应激
Day03-05:11,3,5,11,15.0,76.2,5.8,470.0,12.7,38.5,0,低温应激
Day03-05:12,3,5,12,13.7,77.5,3.4,420.0,5.2,38.8,0,低温应激
Day03-05:13,3,5,13,13.3,78.4,4.9,516.0,13.4,38.5,0,低温应激
Day03-05:14,3,5,14,14.0,78.7,4.0,513.0,14.9,38.7,0,低温应激
Day03-05:15,3,5,15,14.3,77.0,6.1,483.0,7.1,38.2,0,低温应激
Day03-05:16,3,5,16,13.9,78.4,6.3,502.0,8.0,38.3,0,低温应激
Day03-05:17,3,5,17,13.7,76.3,6.2,527.0,4.4,37.9,0,低温应激
Day03-05:18,3,5,18,14.2,75.7,5.6,518.0,15.7,38.9,0,低温应激
Day03-05:19,3,5,19,14.1,77.9,7.8,540.0,6.0,39.4,0,低温应激
Day03-05:20,3,5,20,13.2,81.0,6.3,508.0,7.0,38.5,0,低温应激
Day03-05:21,3,5,21,14.4,77.8,5.8,495.0,0,38.3,0,低温应激
Day03-05:22,3,5,22,14.4,77.1,7.7,456.0,4.5,38.0,0,低温应激
Day03-05:23,3,5,23,14.1,76.8,7.2,509.0,7.0,38.3,0,低温应激
Day03-05:24,3,5,24,14.3,79.5,8.4,418.0,8.8,38.4,0,低温应激
Day03-05:25,3,5,25,14.1,78.7,3.4,493.0,10.8,38.3,0,低温应激
Day03-05:26,3,5,26,13.8,81.6,6.6,542.0,2.3,38.4,0,低温应激
Day03-05:27,3,5,27,14.1,77.1,7.8,522.0,10.6,38.6,0,低温应激
Day03-05:28,3,5,28,14.3,79.9,8.0,452.0,2.4,38.1,0,低温应激
Day03-05:29,3,5,29,13.3,80.7,6.5,416.0,4.5,38.1,0,低温应激
Day03-05:30,3,5,30,13.8,77.1,6.5,534.0,8.0,38.8,0,低温应激
Day03-05:31,3,5,31,14.3,76.5,6.0,486.0,9.6,38.5,0,低温应激
Day03-05:32,3,5,32,14.0,79.2,7.1,514.0,13.9,37.8,0,低温应激
Day03-05:33,3,5,33,14.5,77.5,7.4,431.0,14.2,38.4,0,低温应激
Day03-05:34,3,5,34,14.3,76.6,5.5,444.0,9.1,38.1,0,低温应激
Day03-05:35,3,5,35,13.5,77.5,5.8,548.0,4.2,38.6,0,低温应激
Day03-05:36,3,5,36,14.4,76.8,5.6,533.0,0,38.6,0,低温应激
Day03-05:37,3,5,37,14.6,76.7,6.8,530.0,9.3,38.7,0,低温应激
Day03-05:38,3,5,38,13.4,77.2,5.2,473.0,10.3,38.4,0,低温应激
Day03-05:39,3,5,39,14.6,77.8,5.9,431.0,4.1,37.8,0,低温应激
Day03-05:40,3,5,40,14.4,79.3,5.8,482.0,5.9,38.5,0,低温应激
Day03-05:41,3,5,41,14.5,77.4,3.5,445.0,10.3,38.5,0,低温应激
Day03-05:42,3,5,42,13.7,77.8,8.3,487.0,4.3,38.5,0,低温应激
Day03-05:43,3,5,43,14.0,79.1,4.8,533.0,8.0,37.8,0,低温应激
Day03-05:44,3,5,44,14.4,77.6,2.6,500.0,0,38.5,0,低温应激
Day03-05:45,3,5,45,14.2,77.4,5.9,498.0,3.3,38.2,0,低温应激
Day03-05:46,3,5,46,13.9,76.7,7.2,481.0,8.5,37.9,0,低温应激
Day03-05:47,3,5,47,13.9,78.3,4.5,517.0,8.7,38.2,0,低温应激
Day03-05:48,3,5,48,13.7,76.6,8.4,573.0,9.1,38.5,0,低温应激
Day03-05:49,3,5,49,14.3,75.9,6.0,482.0,9.4,38.1,0,低温应激
Day03-05:50,3,5,50,14.0,76.1,3.7,539.0,9.7,38.1,0,低温应激
Day03-05:51,3,5,51,14.2,76.9,3.8,428.0,8.9,38.4,0,低温应激
Day03-05:52,3,5,52,14.0,76.4,7.5,517.0,13.3,38.1,0,低温应激
Day03-05:53,3,5,53,13.9,80.2,5.5,497.0,7.0,38.8,0,低温应激
Day03-05:54,3,5,54,14.2,78.1,6.5,459.0,0,38.0,0,低温应激
Day03-05:55,3,5,55,14.0,79.0,6.6,499.0,7.3,37.9,0,低温应激
Day03-05:56,3,5,56,13.9,79.7,7.0,408.0,12.6,38.3,0,低温应激
Day03-05:57,3,5,57,13.9,78.3,8.2,426.0,9.7,38.7,0,低温应激
Day03-05:58,3,5,58,14.5,78.7,6.6,463.0,13.3,38.5,0,低温应激
Day03-05:59,3,5,59,12.9,76.9,5.1,484.0,10.9,38.4,0,低温应激
Day03-06:00,3,6,0,23.0,61.0,5.8,566.0,63.3,38.2,0,正常
Day03-06:01,3,6,1,23.2,60.7,8.0,503.0,66.3,38.3,0,正常
Day03-06:02,3,6,2,23.7,60.0,6.5,615.0,61.1,38.7,0,正常
Day03-06:03,3,6,3,23.6,62.9,3.9,678.0,67.1,38.4,0,正常
Day03-06:04,3,6,4,24.0,59.4,5.8,566.0,65.1,38.2,0,正常
Day03-06:05,3,6,5,23.6,60.9,7.3,649.0,68.0,38.4,0,正常
Day03-06:06,3,6,6,23.2,60.1,5.8,675.0,57.2,38.6,0,正常
Day03-06:07,3,6,7,23.5,61.3,6.2,643.0,63.1,38.5,0,正常
Day03-06:08,3,6,8,23.2,59.9,7.0,744.0,56.8,38.2,0,正常
Day03-06:09,3,6,9,23.5,60.7,6.1,562.0,54.8,38.2,0,正常
Day03-06:10,3,6,10,23.5,62.5,9.9,544.0,73.9,38.3,0,正常
Day03-06:11,3,6,11,23.4,61.5,5.2,612.0,55.6,39.2,0,正常
Day03-06:12,3,6,12,23.9,60.5,7.0,476.0,54.2,38.5,0,正常
Day03-06:13,3,6,13,24.1,60.6,4.9,563.0,75.9,38.6,0,正常
Day03-06:14,3,6,14,23.9,62.0,9.6,629.0,67.5,38.5,0,正常
Day03-06:15,3,6,15,23.6,61.0,6.4,609.0,68.6,39.2,0,正常
Day03-06:16,3,6,16,24.0,60.0,6.7,571.0,53.3,38.5,0,正常
Day03-06:17,3,6,17,23.4,63.1,6.8,653.0,66.4,38.9,0,正常
Day03-06:18,3,6,18,23.3,59.6,4.6,603.0,54.1,38.8,0,正常
Day03-06:19,3,6,19,23.4,61.8,4.2,615.0,59.9,38.5,0,正常
Day03-06:20,3,6,20,23.4,60.1,5.6,556.0,68.3,38.6,0,正常
Day03-06:21,3,6,21,23.7,59.9,6.7,582.0,67.9,38.8,0,正常
Day03-06:22,3,6,22,23.1,60.3,7.0,640.0,54.8,38.4,0,正常
Day03-06:23,3,6,23,23.4,61.0,6.0,485.0,67.7,38.7,0,正常
Day03-06:24,3,6,24,24.0,61.7,9.0,631.0,63.0,38.8,0,正常
Day03-06:25,3,6,25,23.7,62.6,7.7,649.0,67.8,38.6,0,正常
Day03-06:26,3,6,26,23.6,60.3,6.3,569.0,73.5,38.4,0,正常
Day03-06:27,3,6,27,23.1,63.0,6.0,545.0,62.1,38.7,0,正常
Day03-06:28,3,6,28,23.9,61.4,6.7,587.0,65.4,38.8,0,正常
Day03-06:29,3,6,29,23.4,60.8,6.8,676.0,62.2,38.5,0,正常
Day03-06:30,3,6,30,23.4,62.9,6.3,535.0,64.3,38.5,0,正常
Day03-06:31,3,6,31,23.4,60.8,6.5,647.0,71.3,38.4,0,正常
Day03-06:32,3,6,32,23.5,60.4,6.7,654.0,59.2,38.1,0,正常
Day03-06:33,3,6,33,23.9,60.6,4.8,680.0,68.0,39.1,0,正常
Day03-06:34,3,6,34,23.9,60.8,8.7,598.0,61.8,38.3,0,正常
Day03-06:35,3,6,35,23.8,60.9,4.9,660.0,62.8,39.1,0,正常
Day03-06:36,3,6,36,23.7,62.7,5.6,586.0,63.2,38.9,0,正常
Day03-06:37,3,6,37,23.7,61.2,5.2,578.0,68.1,38.4,0,正常
Day03-06:38,3,6,38,23.2,60.4,5.6,567.0,68.4,38.3,0,正常
Day03-06:39,3,6,39,23.0,60.0,5.1,570.0,60.2,38.9,0,正常
Day03-06:40,3,6,40,23.0,60.6,5.4,552.0,62.2,38.5,0,正常
Day03-06:41,3,6,41,23.9,60.7,5.1,626.0,63.8,38.6,0,正常
Day03-06:42,3,6,42,23.9,61.4,4.9,547.0,69.5,38.5,0,正常
Day03-06:43,3,6,43,23.6,61.9,5.8,662.0,62.6,38.8,0,正常
Day03-06:44,3,6,44,23.4,59.9,7.7,625.0,69.3,38.6,0,正常
Day03-06:45,3,6,45,23.6,60.4,6.7,667.0,64.5,39.1,0,正常
Day03-06:46,3,6,46,23.2,61.0,10.2,622.0,64.3,38.7,0,正常
Day03-06:47,3,6,47,23.8,59.6,6.5,526.0,64.1,38.5,0,正常
Day03-06:48,3,6,48,23.7,60.3,6.5,653.0,66.4,38.6,0,正常
Day03-06:49,3,6,49,23.1,62.3,3.3,583.0,71.2,38.5,0,正常
Day03-06:50,3,6,50,23.8,61.0,8.3,626.0,56.0,38.6,0,正常
Day03-06:51,3,6,51,23.6,61.5,7.6,650.0,64.5,38.8,0,正常
Day03-06:52,3,6,52,23.7,59.6,5.8,577.0,60.6,38.2,0,正常
Day03-06:53,3,6,53,23.5,61.5,8.3,614.0,65.4,39.0,0,正常
Day03-06:54,3,6,54,23.4,61.7,7.8,555.0,69.1,38.4,0,正常
Day03-06:55,3,6,55,23.6,59.3,5.7,572.0,63.0,38.3,0,正常
Day03-06:56,3,6,56,23.7,61.5,6.2,590.0,66.3,38.4,0,正常
Day03-06:57,3,6,57,23.1,60.4,4.8,586.0,70.5,38.0,0,正常
Day03-06:58,3,6,58,23.1,60.1,5.6,560.0,65.4,38.8,0,正常
Day03-06:59,3,6,59,23.5,60.2,5.8,639.0,60.7,38.5,0,正常
Day03-07:00,3,7,0,24.3,58.7,6.1,728.0,78.6,38.2,2383.0,正常
Day03-07:01,3,7,1,24.1,59.2,4.3,683.0,90.7,38.5,2239.0,正常
Day03-07:02,3,7,2,24.1,60.0,10.9,707.0,93.8,38.5,2284.0,正常
Day03-07:03,3,7,3,24.1,60.0,8.0,698.0,85.1,38.8,2237.0,正常
Day03-07:04,3,7,4,24.1,58.9,9.1,630.0,86.7,37.8,2204.0,正常
Day03-07:05,3,7,5,23.9,57.7,5.4,700.0,88.7,39.1,2098.0,正常
Day03-07:06,3,7,6,24.3,59.4,9.1,683.0,88.1,38.3,2157.0,正常
Day03-07:07,3,7,7,24.2,59.3,7.0,736.0,87.5,37.7,2107.0,正常
Day03-07:08,3,7,8,24.2,57.7,7.5,730.0,93.6,38.2,2196.0,正常
Day03-07:09,3,7,9,24.3,60.0,5.8,752.0,85.9,38.2,2080.0,正常
Day03-07:10,3,7,10,24.4,58.4,9.5,727.0,82.2,38.4,2225.0,正常
Day03-07:11,3,7,11,24.5,58.6,6.8,643.0,86.1,38.9,2342.0,正常
Day03-07:12,3,7,12,23.1,58.2,8.1,754.0,88.4,38.7,2111.0,正常
Day03-07:13,3,7,13,24.3,60.2,6.4,667.0,95.1,37.9,2195.0,正常
Day03-07:14,3,7,14,24.1,59.7,9.3,659.0,94.2,38.4,2124.0,正常
Day03-07:15,3,7,15,24.2,57.9,7.2,797.0,100,38.6,2202.0,正常
Day03-07:16,3,7,16,24.2,58.0,10.5,752.0,93.6,38.7,2173.0,正常
Day03-07:17,3,7,17,23.9,59.4,9.3,810.0,88.3,38.5,2204.0,正常
Day03-07:18,3,7,18,24.0,58.2,8.7,776.0,85.1,38.9,2170.0,正常
Day03-07:19,3,7,19,23.4,59.6,9.4,749.0,92.5,38.1,2207.0,正常
Day03-07:20,3,7,20,24.1,58.2,8.9,616.0,86.3,38.5,2148.0,正常
Day03-07:21,3,7,21,24.5,60.0,6.4,712.0,82.6,38.5,2206.0,正常
Day03-07:22,3,7,22,24.7,60.1,7.6,674.0,97.8,38.2,2153.0,正常
Day03-07:23,3,7,23,24.1,59.9,5.9,701.0,85.7,38.4,2311.0,正常
Day03-07:24,3,7,24,23.5,58.7,4.3,687.0,82.1,38.7,2229.0,正常
Day03-07:25,3,7,25,24.1,58.7,7.8,652.0,92.6,38.9,2090.0,正常
Day03-07:26,3,7,26,24.6,58.6,6.8,644.0,89.7,38.7,2248.0,正常
Day03-07:27,3,7,27,24.4,57.0,8.4,716.0,85.3,38.7,2331.0,正常
Day03-07:28,3,7,28,24.4,59.9,8.5,718.0,88.1,38.6,2223.0,正常
Day03-07:29,3,7,29,24.1,60.3,8.4,613.0,85.6,38.2,2255.0,正常
Day03-07:30,3,7,30,24.1,60.6,7.3,677.0,91.8,38.8,2068.0,正常
Day03-07:31,3,7,31,23.7,57.4,9.4,679.0,80.0,38.4,2138.0,正常
Day03-07:32,3,7,32,24.2,58.7,8.5,704.0,83.7,39.2,2158.0,正常
Day03-07:33,3,7,33,24.1,59.3,4.3,670.0,90.1,38.6,2297.0,正常
Day03-07:34,3,7,34,23.9,60.1,9.7,719.0,93.5,38.3,2373.0,正常
Day03-07:35,3,7,35,24.5,60.7,7.6,706.0,91.2,38.4,2125.0,正常
Day03-07:36,3,7,36,24.2,60.1,6.2,684.0,81.2,38.8,2214.0,正常
Day03-07:37,3,7,37,24.3,59.2,6.1,688.0,85.6,38.3,2227.0,正常
Day03-07:38,3,7,38,24.8,59.1,5.3,746.0,88.0,37.9,2323.0,正常
Day03-07:39,3,7,39,24.2,58.0,4.8,625.0,99.3,38.2,2258.0,正常
Day03-07:40,3,7,40,24.3,60.3,4.4,590.0,93.7,38.7,2134.0,正常
Day03-07:41,3,7,41,24.8,61.1,7.5,697.0,88.5,38.2,2236.0,正常
Day03-07:42,3,7,42,24.4,59.7,8.8,707.0,91.2,38.8,2126.0,正常
Day03-07:43,3,7,43,24.1,59.4,10.6,739.0,91.5,38.2,2090.0,正常
Day03-07:44,3,7,44,24.2,60.0,6.2,620.0,86.6,38.8,2040.0,正常
Day03-07:45,3,7,45,23.9,59.8,7.5,657.0,91.4,39.1,2270.0,正常
Day03-07:46,3,7,46,24.1,61.7,7.6,700.0,95.3,38.3,2305.0,正常
Day03-07:47,3,7,47,23.9,59.6,9.4,729.0,96.7,38.8,2402.0,正常
Day03-07:48,3,7,48,23.8,60.0,8.2,749.0,95.2,37.9,2183.0,正常
Day03-07:49,3,7,49,24.1,57.8,5.0,688.0,87.2,38.5,2224.0,正常
Day03-07:50,3,7,50,24.2,59.0,6.9,726.0,89.4,38.9,2205.0,正常
Day03-07:51,3,7,51,24.5,60.0,7.5,710.0,85.4,38.7,2206.0,正常
Day03-07:52,3,7,52,24.5,60.5,7.6,772.0,89.0,38.7,2313.0,正常
Day03-07:53,3,7,53,25.0,59.8,6.9,622.0,91.2,38.2,2189.0,正常
Day03-07:54,3,7,54,23.9,59.5,7.7,682.0,100,38.3,2150.0,正常
Day03-07:55,3,7,55,24.6,58.1,9.7,771.0,86.7,38.5,2200.0,正常
Day03-07:56,3,7,56,24.0,58.7,7.7,702.0,91.1,39.1,2302.0,正常
Day03-07:57,3,7,57,24.2,59.4,6.2,702.0,95.4,38.3,1962.0,正常
Day03-07:58,3,7,58,23.9,59.8,5.4,686.0,92.8,38.5,2214.0,正常
Day03-07:59,3,7,59,24.3,58.9,8.8,775.0,91.7,38.2,2159.0,正常
Day03-08:00,3,8,0,24.6,57.2,9.8,763.0,87.0,38.6,0,正常
Day03-08:01,3,8,1,24.7,57.8,10.8,786.0,90.2,38.6,0,正常
Day03-08:02,3,8,2,24.5,56.1,7.9,863.0,95.2,38.5,0,正常
Day03-08:03,3,8,3,24.5,57.9,8.0,913.0,88.1,38.6,0,正常
Day03-08:04,3,8,4,24.7,58.7,11.0,873.0,84.2,38.7,0,正常
Day03-08:05,3,8,5,24.9,57.7,7.0,902.0,89.8,38.6,0,正常
Day03-08:06,3,8,6,24.6,57.7,10.1,906.0,92.5,38.6,0,正常
Day03-08:07,3,8,7,24.3,58.3,8.0,876.0,97.2,38.2,0,正常
Day03-08:08,3,8,8,24.6,58.1,8.3,729.0,98.0,38.3,0,正常
Day03-08:09,3,8,9,24.7,59.2,8.1,714.0,92.5,38.9,0,正常
Day03-08:10,3,8,10,24.6,57.1,11.9,775.0,89.8,38.0,0,正常
Day03-08:11,3,8,11,24.9,57.6,12.0,751.0,95.3,38.9,0,正常
Day03-08:12,3,8,12,24.5,59.1,7.9,848.0,78.4,38.5,0,正常
Day03-08:13,3,8,13,24.3,58.6,7.1,853.0,91.0,38.2,0,正常
Day03-08:14,3,8,14,24.4,57.3,9.3,757.0,89.9,38.5,0,正常
Day03-08:15,3,8,15,24.6,58.3,10.0,795.0,85.5,38.6,0,正常
Day03-08:16,3,8,16,25.2,57.6,9.7,814.0,86.7,38.3,0,正常
Day03-08:17,3,8,17,24.9,60.7,7.2,797.0,84.5,38.6,0,正常
Day03-08:18,3,8,18,24.2,56.8,7.2,773.0,87.4,38.4,0,正常
Day03-08:19,3,8,19,24.8,59.2,8.3,827.0,84.9,38.1,0,正常
Day03-08:20,3,8,20,24.2,57.0,7.2,850.0,93.9,38.4,0,正常
Day03-08:21,3,8,21,25.0,58.7,10.9,821.0,88.1,38.7,0,正常
Day03-08:22,3,8,22,24.9,57.5,10.0,846.0,84.8,39.0,0,正常
Day03-08:23,3,8,23,24.3,58.7,6.7,698.0,89.3,38.6,0,正常
Day03-08:24,3,8,24,24.7,58.8,10.7,839.0,91.5,38.9,0,正常
Day03-08:25,3,8,25,24.7,58.0,10.8,814.0,96.5,38.8,0,正常
Day03-08:26,3,8,26,24.2,60.4,9.5,794.0,91.0,38.1,0,正常
Day03-08:27,3,8,27,24.7,57.6,7.7,799.0,84.3,38.3,0,正常
Day03-08:28,3,8,28,24.3,57.4,6.1,739.0,73.6,38.2,0,正常
Day03-08:29,3,8,29,25.4,59.2,8.7,881.0,90.2,38.6,0,正常
Day03-08:30,3,8,30,24.2,58.5,7.4,736.0,91.1,38.4,0,正常
Day03-08:31,3,8,31,24.6,58.6,10.0,751.0,83.4,38.6,0,正常
Day03-08:32,3,8,32,24.4,57.1,10.0,810.0,88.4,38.5,0,正常
Day03-08:33,3,8,33,25.0,59.4,9.9,797.0,84.4,37.8,0,正常
Day03-08:34,3,8,34,24.9,57.7,5.8,833.0,93.3,38.9,0,正常
Day03-08:35,3,8,35,25.1,56.9,8.7,833.0,85.9,38.1,0,正常
Day03-08:36,3,8,36,24.6,56.3,6.4,790.0,96.4,38.8,0,正常
Day03-08:37,3,8,37,24.0,56.8,7.7,754.0,95.1,38.7,0,正常
Day03-08:38,3,8,38,24.7,57.8,9.1,735.0,98.0,38.2,0,正常
Day03-08:39,3,8,39,24.4,55.9,7.3,799.0,87.8,38.7,0,正常
Day03-08:40,3,8,40,24.7,58.2,5.1,841.0,92.8,38.8,0,正常
Day03-08:41,3,8,41,24.6,58.1,8.0,904.0,94.7,37.7,0,正常
Day03-08:42,3,8,42,25.4,59.9,7.8,829.0,97.6,38.6,0,正常
Day03-08:43,3,8,43,24.6,58.5,7.0,855.0,87.7,38.5,0,正常
Day03-08:44,3,8,44,24.7,59.3,8.8,842.0,96.8,38.4,0,正常
Day03-08:45,3,8,45,24.5,57.7,8.1,912.0,96.0,38.3,0,正常
Day03-08:46,3,8,46,24.7,58.3,9.5,880.0,88.5,38.5,0,正常
Day03-08:47,3,8,47,24.7,58.7,8.4,898.0,88.2,38.2,0,正常
Day03-08:48,3,8,48,24.9,58.0,7.5,838.0,85.9,38.7,0,正常
Day03-08:49,3,8,49,24.8,56.5,6.9,818.0,93.7,38.5,0,正常
Day03-08:50,3,8,50,24.4,58.2,7.2,817.0,90.4,38.6,0,正常
Day03-08:51,3,8,51,24.9,59.3,8.4,875.0,88.6,38.5,0,正常
Day03-08:52,3,8,52,25.2,57.2,7.7,829.0,81.8,38.2,0,正常
Day03-08:53,3,8,53,24.3,55.7,9.3,851.0,85.1,38.5,0,正常
Day03-08:54,3,8,54,24.9,58.1,9.4,869.0,87.8,39.1,0,正常
Day03-08:55,3,8,55,24.4,58.5,9.8,870.0,93.1,38.4,0,正常
Day03-08:56,3,8,56,24.7,55.2,4.7,703.0,93.9,38.4,0,正常
Day03-08:57,3,8,57,24.7,56.8,7.6,708.0,91.0,38.6,0,正常
Day03-08:58,3,8,58,25.1,56.8,9.5,820.0,91.1,38.6,0,正常
Day03-08:59,3,8,59,25.4,57.4,8.1,820.0,94.7,38.4,0,正常
Day03-09:00,3,9,0,25.1,57.3,9.6,880.0,67.4,38.6,0,正常
Day03-09:01,3,9,1,24.7,56.7,9.5,877.0,65.8,38.6,0,正常
Day03-09:02,3,9,2,24.9,56.7,9.2,806.0,69.2,38.4,0,正常
Day03-09:03,3,9,3,24.5,58.0,9.2,897.0,62.1,38.6,0,正常
Day03-09:04,3,9,4,25.3,56.9,8.5,841.0,64.0,38.4,0,正常
Day03-09:05,3,9,5,25.0,57.1,9.8,799.0,67.8,38.5,0,正常
Day03-09:06,3,9,6,24.9,57.3,7.5,972.0,62.4,38.5,0,正常
Day03-09:07,3,9,7,25.1,57.2,8.9,822.0,71.6,38.7,0,正常
Day03-09:08,3,9,8,25.3,55.5,8.4,827.0,69.7,38.5,0,正常
Day03-09:09,3,9,9,25.0,57.7,9.2,871.0,58.2,39.1,0,正常
Day03-09:10,3,9,10,25.2,57.2,6.6,805.0,66.8,37.9,0,正常
Day03-09:11,3,9,11,24.7,57.6,8.4,867.0,73.2,38.7,0,正常
Day03-09:12,3,9,12,25.5,56.2,5.0,860.0,61.4,38.9,0,正常
Day03-09:13,3,9,13,24.8,58.0,9.0,808.0,60.6,38.0,0,正常
Day03-09:14,3,9,14,24.8,56.5,7.3,916.0,65.6,38.6,0,正常
Day03-09:15,3,9,15,24.8,59.8,8.4,867.0,67.1,38.6,0,正常
Day03-09:16,3,9,16,25.1,55.9,8.7,837.0,66.6,38.4,0,正常
Day03-09:17,3,9,17,25.1,56.7,10.1,861.0,53.3,39.1,0,正常
Day03-09:18,3,9,18,24.5,56.8,9.1,882.0,62.4,38.2,0,正常
Day03-09:19,3,9,19,25.0,57.6,9.7,833.0,65.0,38.2,0,正常
Day03-09:20,3,9,20,25.4,57.1,8.2,910.0,68.2,38.7,0,正常
Day03-09:21,3,9,21,25.0,56.9,10.2,886.0,68.4,38.1,0,正常
Day03-09:22,3,9,22,25.1,56.4,9.4,872.0,66.7,38.1,0,正常
Day03-09:23,3,9,23,25.4,56.6,6.4,964.0,67.9,38.4,0,正常
Day03-09:24,3,9,24,24.9,57.1,7.3,981.0,67.0,38.3,0,正常
Day03-09:25,3,9,25,24.8,57.0,7.1,841.0,58.7,38.9,0,正常
Day03-09:26,3,9,26,25.1,57.4,9.1,882.0,71.1,38.8,0,正常
Day03-09:27,3,9,27,25.0,55.4,8.9,893.0,57.6,38.7,0,正常
Day03-09:28,3,9,28,25.3,56.9,7.0,893.0,64.5,38.6,0,正常
Day03-09:29,3,9,29,25.0,57.4,6.6,885.0,57.7,38.7,0,正常
Day03-09:30,3,9,30,24.9,57.8,11.1,828.0,61.5,38.6,0,正常
Day03-09:31,3,9,31,25.1,57.3,8.5,897.0,59.3,38.7,0,正常
Day03-09:32,3,9,32,25.5,58.8,7.6,804.0,53.7,38.9,0,正常
Day03-09:33,3,9,33,24.8,58.2,9.1,928.0,60.4,38.9,0,正常
Day03-09:34,3,9,34,24.6,56.7,7.6,945.0,64.0,38.3,0,正常
Day03-09:35,3,9,35,25.0,56.4,9.2,931.0,65.7,38.6,0,正常
Day03-09:36,3,9,36,24.7,57.5,6.8,919.0,63.3,38.6,0,正常
Day03-09:37,3,9,37,24.7,56.4,8.5,915.0,73.5,38.7,0,正常
Day03-09:38,3,9,38,24.5,56.0,9.4,876.0,78.9,38.9,0,正常
Day03-09:39,3,9,39,25.6,58.3,10.1,815.0,67.8,38.1,0,正常
Day03-09:40,3,9,40,24.8,59.2,11.3,978.0,59.8,38.8,0,正常
Day03-09:41,3,9,41,24.8,58.1,8.8,899.0,58.1,38.8,0,正常
Day03-09:42,3,9,42,25.2,56.1,8.7,865.0,71.2,38.7,0,正常
Day03-09:43,3,9,43,24.4,57.5,9.8,924.0,60.7,39.0,0,正常
Day03-09:44,3,9,44,24.8,56.8,9.3,882.0,72.6,39.2,0,正常
Day03-09:45,3,9,45,24.6,56.9,7.6,863.0,56.3,38.4,0,正常
Day03-09:46,3,9,46,24.9,59.1,8.8,866.0,62.8,39.2,0,正常
Day03-09:47,3,9,47,25.0,57.3,7.7,920.0,66.1,38.5,0,正常
Day03-09:48,3,9,48,24.2,57.1,10.2,916.0,62.4,38.8,0,正常
Day03-09:49,3,9,49,24.9,56.8,6.7,892.0,58.7,38.6,0,正常
Day03-09:50,3,9,50,25.0,59.5,9.8,953.0,72.5,39.0,0,正常
Day03-09:51,3,9,51,25.3,56.6,9.1,903.0,69.3,39.1,0,正常
Day03-09:52,3,9,52,25.2,57.8,7.7,821.0,55.2,38.7,0,正常
Day03-09:53,3,9,53,25.3,56.9,8.4,921.0,64.3,38.4,0,正常
Day03-09:54,3,9,54,25.0,57.0,8.5,785.0,67.6,38.9,0,正常
Day03-09:55,3,9,55,24.7,57.3,11.5,927.0,67.1,38.6,0,正常
Day03-09:56,3,9,56,25.2,57.2,8.5,878.0,65.9,38.1,0,正常
Day03-09:57,3,9,57,25.7,58.3,5.3,846.0,62.4,38.4,0,正常
Day03-09:58,3,9,58,24.7,56.6,8.3,928.0,73.8,38.6,0,正常
Day03-09:59,3,9,59,25.2,58.4,8.4,825.0,62.9,39.1,0,正常
Day03-10:00,3,10,0,25.2,56.8,10.0,910.0,62.2,38.1,0,正常
Day03-10:01,3,10,1,25.0,56.0,11.6,998.0,65.2,38.5,0,正常
Day03-10:02,3,10,2,24.9,56.6,8.7,928.0,58.8,38.2,0,正常
Day03-10:03,3,10,3,24.9,58.2,9.7,1056.0,65.9,38.3,0,正常
Day03-10:04,3,10,4,24.6,57.0,8.0,978.0,63.9,38.7,0,正常
Day03-10:05,3,10,5,25.2,56.6,7.7,870.0,67.2,38.2,0,正常
Day03-10:06,3,10,6,24.8,56.5,6.9,1107.0,61.6,38.7,0,正常
Day03-10:07,3,10,7,24.8,57.4,8.4,943.0,61.5,38.3,0,正常
Day03-10:08,3,10,8,25.4,56.7,8.2,872.0,65.7,38.3,0,正常
Day03-10:09,3,10,9,25.3,57.1,9.7,943.0,63.5,38.5,0,正常
Day03-10:10,3,10,10,24.7,56.7,9.5,939.0,69.1,38.3,0,正常
Day03-10:11,3,10,11,25.4,55.3,10.1,1029.0,66.7,38.8,0,正常
Day03-10:12,3,10,12,24.9,57.6,12.3,911.0,71.1,38.9,0,正常
Day03-10:13,3,10,13,25.1,58.5,7.2,996.0,58.1,38.6,0,正常
Day03-10:14,3,10,14,24.8,56.1,8.2,913.0,69.9,38.6,0,正常
Day03-10:15,3,10,15,25.4,57.9,8.0,922.0,74.6,38.6,0,正常
Day03-10:16,3,10,16,24.7,56.3,8.7,911.0,68.7,38.6,0,正常
Day03-10:17,3,10,17,24.8,55.3,7.1,903.0,60.9,38.5,0,正常
Day03-10:18,3,10,18,25.0,56.3,7.2,1091.0,57.3,38.8,0,正常
Day03-10:19,3,10,19,24.8,56.7,10.9,918.0,64.1,38.5,0,正常
Day03-10:20,3,10,20,25.4,59.3,8.0,922.0,63.8,39.0,0,正常
Day03-10:21,3,10,21,24.9,55.9,11.0,1015.0,64.1,39.1,0,正常
Day03-10:22,3,10,22,25.1,57.0,9.6,968.0,64.4,37.9,0,正常
Day03-10:23,3,10,23,24.7,56.9,8.6,1000.0,66.9,38.3,0,正常
Day03-10:24,3,10,24,25.1,57.5,8.8,898.0,67.9,38.3,0,正常
Day03-10:25,3,10,25,24.9,59.2,7.9,955.0,69.7,38.6,0,正常
Day03-10:26,3,10,26,25.1,56.1,8.6,980.0,67.2,38.8,0,正常
Day03-10:27,3,10,27,24.8,55.8,10.4,850.0,62.3,38.8,0,正常
Day03-10:28,3,10,28,25.6,57.5,10.3,929.0,63.7,38.5,0,正常
Day03-10:29,3,10,29,24.9,58.4,10.2,937.0,71.1,38.0,0,正常
Day03-10:30,3,10,30,25.3,56.8,11.2,1009.0,61.8,38.7,0,正常
Day03-10:31,3,10,31,24.9,56.1,10.3,900.0,66.4,38.5,0,正常
Day03-10:32,3,10,32,24.8,57.4,9.0,943.0,69.2,39.0,0,正常
Day03-10:33,3,10,33,25.0,57.8,9.3,985.0,63.5,38.3,0,正常
Day03-10:34,3,10,34,24.9,56.6,7.7,964.0,61.0,38.4,0,正常
Day03-10:35,3,10,35,24.6,58.3,10.9,931.0,64.5,38.3,0,正常
Day03-10:36,3,10,36,24.7,57.2,10.5,1021.0,63.3,38.0,0,正常
Day03-10:37,3,10,37,24.7,57.7,10.1,877.0,61.5,38.1,0,正常
Day03-10:38,3,10,38,24.7,57.7,9.9,963.0,66.5,38.6,0,正常
Day03-10:39,3,10,39,24.7,58.6,8.8,1047.0,65.2,38.5,0,正常
Day03-10:40,3,10,40,24.8,56.5,10.7,918.0,61.0,38.4,0,正常
Day03-10:41,3,10,41,25.3,57.6,11.5,948.0,65.2,39.0,0,正常
Day03-10:42,3,10,42,25.2,57.4,9.9,953.0,63.7,38.6,0,正常
Day03-10:43,3,10,43,25.4,56.7,10.9,956.0,61.7,38.3,0,正常
Day03-10:44,3,10,44,25.5,58.9,8.2,898.0,62.5,38.4,0,正常
Day03-10:45,3,10,45,24.5,57.9,9.7,857.0,60.0,39.3,0,正常
Day03-10:46,3,10,46,25.8,56.9,8.5,948.0,63.7,38.8,0,正常
Day03-10:47,3,10,47,25.1,58.1,6.2,889.0,70.9,38.3,0,正常
Day03-10:48,3,10,48,25.4,57.7,8.0,871.0,56.5,38.3,0,正常
Day03-10:49,3,10,49,25.0,56.0,11.1,963.0,71.1,38.9,0,正常
Day03-10:50,3,10,50,25.1,58.2,9.5,940.0,62.7,39.2,0,正常
Day03-10:51,3,10,51,25.4,57.6,11.4,916.0,67.5,38.8,0,正常
Day03-10:52,3,10,52,25.4,57.2,7.3,1018.0,71.8,38.6,0,正常
Day03-10:53,3,10,53,25.3,58.7,9.2,967.0,66.6,38.3,0,正常
Day03-10:54,3,10,54,24.9,56.2,10.4,1018.0,63.3,38.1,0,正常
Day03-10:55,3,10,55,24.5,57.3,9.4,896.0,61.2,38.4,0,正常
Day03-10:56,3,10,56,26.0,57.4,9.4,940.0,66.8,38.6,0,正常
Day03-10:57,3,10,57,25.0,58.2,10.7,921.0,63.7,38.6,0,正常
Day03-10:58,3,10,58,25.3,56.1,7.7,984.0,62.0,39.1,0,正常
Day03-10:59,3,10,59,24.6,56.8,11.1,1006.0,61.1,39.1,0,正常
Day03-11:00,3,11,0,24.6,58.0,10.4,994.0,59.8,38.7,0,正常
Day03-11:01,3,11,1,24.8,56.6,10.1,955.0,58.8,38.1,0,正常
Day03-11:02,3,11,2,25.0,56.5,10.4,1037.0,59.9,38.5,0,正常
Day03-11:03,3,11,3,24.9,58.0,9.6,952.0,69.5,38.7,0,正常
Day03-11:04,3,11,4,24.7,56.8,10.7,1090.0,60.8,38.5,0,正常
Day03-11:05,3,11,5,24.5,58.3,9.9,958.0,71.0,38.6,0,正常
Day03-11:06,3,11,6,24.9,57.1,9.9,1029.0,63.8,38.7,0,正常
Day03-11:07,3,11,7,25.0,58.8,10.3,1010.0,61.7,39.2,0,正常
Day03-11:08,3,11,8,24.7,57.3,9.4,996.0,52.6,38.9,0,正常
Day03-11:09,3,11,9,24.8,56.7,9.1,1005.0,66.6,39.1,0,正常
Day03-11:10,3,11,10,25.0,57.7,11.8,887.0,57.4,38.6,0,正常
Day03-11:11,3,11,11,25.2,58.0,12.4,1004.0,66.8,38.5,0,正常
Day03-11:12,3,11,12,25.5,56.7,9.5,1055.0,67.2,38.4,0,正常
Day03-11:13,3,11,13,25.1,56.5,10.8,901.0,62.4,39.0,0,正常
Day03-11:14,3,11,14,25.1,56.3,10.4,998.0,66.2,38.6,0,正常
Day03-11:15,3,11,15,24.8,58.2,10.5,1001.0,67.2,38.7,0,正常
Day03-11:16,3,11,16,25.2,55.4,12.1,1027.0,62.1,38.3,0,正常
Day03-11:17,3,11,17,24.9,56.1,11.5,993.0,63.1,38.7,0,正常
Day03-11:18,3,11,18,25.2,56.2,8.5,1021.0,56.8,37.9,0,正常
Day03-11:19,3,11,19,24.7,56.3,8.6,995.0,65.0,38.9,0,正常
Day03-11:20,3,11,20,24.5,58.4,8.4,1058.0,58.2,38.6,0,正常
Day03-11:21,3,11,21,24.6,55.8,9.9,953.0,60.1,38.5,0,正常
Day03-11:22,3,11,22,24.7,57.3,11.9,1043.0,54.9,38.9,0,正常
Day03-11:23,3,11,23,24.6,54.6,10.6,938.0,60.7,38.4,0,正常
Day03-11:24,3,11,24,25.4,57.2,9.4,932.0,64.0,38.5,0,正常
Day03-11:25,3,11,25,24.9,57.1,11.3,986.0,73.6,39.0,0,正常
Day03-11:26,3,11,26,24.3,58.6,10.0,914.0,67.0,38.7,0,正常
Day03-11:27,3,11,27,25.1,56.5,9.9,1063.0,69.1,38.4,0,正常
Day03-11:28,3,11,28,25.2,57.1,9.2,944.0,69.1,38.6,0,正常
Day03-11:29,3,11,29,24.5,57.4,10.1,898.0,64.7,38.5,0,正常
Day03-11:30,3,11,30,25.2,56.0,8.7,861.0,70.3,38.6,0,正常
Day03-11:31,3,11,31,24.5,57.7,9.4,1009.0,61.0,38.6,0,正常
Day03-11:32,3,11,32,25.1,58.0,9.4,1012.0,60.4,38.9,0,正常
Day03-11:33,3,11,33,24.9,60.3,6.2,929.0,63.0,38.4,0,正常
Day03-11:34,3,11,34,25.2,57.1,9.7,967.0,63.2,38.3,0,正常
Day03-11:35,3,11,35,24.7,58.3,13.2,1033.0,61.4,38.4,0,正常
Day03-11:36,3,11,36,24.8,57.5,12.5,984.0,64.4,38.5,0,正常
Day03-11:37,3,11,37,24.8,59.0,9.5,1010.0,74.3,38.3,0,正常
Day03-11:38,3,11,38,24.7,58.0,11.0,968.0,61.6,38.7,0,正常
Day03-11:39,3,11,39,24.2,56.6,9.1,976.0,63.4,38.9,0,正常
Day03-11:40,3,11,40,24.7,57.4,7.3,961.0,72.7,39.0,0,正常
Day03-11:41,3,11,41,24.8,58.9,8.1,911.0,61.0,38.9,0,正常
Day03-11:42,3,11,42,24.8,56.5,6.8,959.0,62.6,38.7,0,正常
Day03-11:43,3,11,43,24.6,56.1,8.3,1056.0,62.2,38.7,0,正常
Day03-11:44,3,11,44,25.2,56.3,10.2,969.0,58.7,38.2,0,正常
Day03-11:45,3,11,45,24.7,57.7,9.9,925.0,61.7,38.4,0,正常
Day03-11:46,3,11,46,24.9,57.6,9.9,866.0,69.3,38.6,0,正常
Day03-11:47,3,11,47,24.6,58.0,9.5,985.0,55.1,38.7,0,正常
Day03-11:48,3,11,48,25.5,57.4,9.8,915.0,77.0,38.1,0,正常
Day03-11:49,3,11,49,24.9,57.2,9.3,1039.0,60.9,38.2,0,正常
Day03-11:50,3,11,50,25.4,57.1,10.4,924.0,74.0,38.2,0,正常
Day03-11:51,3,11,51,24.5,57.8,11.1,1005.0,67.0,38.6,0,正常
Day03-11:52,3,11,52,25.4,57.2,10.7,932.0,66.4,39.2,0,正常
Day03-11:53,3,11,53,25.1,57.8,11.6,1018.0,70.8,38.1,0,正常
Day03-11:54,3,11,54,25.1,55.9,10.1,1005.0,65.0,38.7,0,正常
Day03-11:55,3,11,55,25.0,56.9,12.9,946.0,80.2,38.7,0,正常
Day03-11:56,3,11,56,25.3,58.4,8.8,964.0,65.3,39.0,0,正常
Day03-11:57,3,11,57,25.0,56.6,10.9,974.0,70.0,38.6,0,正常
Day03-11:58,3,11,58,25.2,58.1,12.5,987.0,63.1,38.6,0,正常
Day03-11:59,3,11,59,24.8,57.2,9.3,997.0,65.0,38.7,0,正常
Day03-12:00,3,12,0,24.1,59.0,10.5,986.0,75.9,38.7,2036.0,正常
Day03-12:01,3,12,1,24.5,58.6,8.4,919.0,72.5,38.7,2326.0,正常
Day03-12:02,3,12,2,24.8,59.6,9.0,1066.0,82.9,38.8,2145.0,正常
Day03-12:03,3,12,3,24.3,58.3,8.9,1039.0,82.5,38.6,2258.0,正常
Day03-12:04,3,12,4,25.0,58.4,13.3,982.0,92.0,38.3,2186.0,正常
Day03-12:05,3,12,5,24.2,57.5,10.3,980.0,98.3,38.0,2116.0,正常
Day03-12:06,3,12,6,25.0,58.6,8.8,1050.0,84.0,39.1,2250.0,正常
Day03-12:07,3,12,7,24.7,60.8,9.9,977.0,86.8,38.5,2253.0,正常
Day03-12:08,3,12,8,24.4,55.9,9.9,953.0,92.7,38.8,2009.0,正常
Day03-12:09,3,12,9,25.0,57.2,8.0,1017.0,96.8,37.9,2108.0,正常
Day03-12:10,3,12,10,24.8,58.8,8.9,1017.0,85.0,38.3,2317.0,正常
Day03-12:11,3,12,11,24.3,58.7,11.7,1008.0,84.7,38.3,2197.0,正常
Day03-12:12,3,12,12,24.5,58.4,12.8,988.0,85.0,38.1,2199.0,正常
Day03-12:13,3,12,13,24.7,57.5,10.3,1071.0,88.4,38.8,2106.0,正常
Day03-12:14,3,12,14,24.8,58.7,11.2,999.0,85.2,38.2,2176.0,正常
Day03-12:15,3,12,15,24.4,58.9,11.4,1011.0,84.3,38.2,2419.0,正常
Day03-12:16,3,12,16,24.4,58.9,9.8,932.0,91.6,38.2,1941.0,正常
Day03-12:17,3,12,17,24.7,57.5,12.4,957.0,86.7,39.0,2093.0,正常
Day03-12:18,3,12,18,25.0,57.6,10.7,990.0,88.3,38.6,2181.0,正常
Day03-12:19,3,12,19,24.4,57.6,9.1,997.0,87.6,38.6,2327.0,正常
Day03-12:20,3,12,20,24.7,57.6,9.1,1051.0,95.6,38.1,2081.0,正常
Day03-12:21,3,12,21,24.7,59.0,13.2,978.0,90.2,38.9,2295.0,正常
Day03-12:22,3,12,22,24.6,56.7,9.2,939.0,99.8,38.6,2089.0,正常
Day03-12:23,3,12,23,24.7,57.8,9.7,1023.0,92.3,38.2,2143.0,正常
Day03-12:24,3,12,24,24.9,57.2,9.6,1023.0,85.9,38.8,2314.0,正常
Day03-12:25,3,12,25,24.8,57.7,10.3,1086.0,93.9,39.0,2093.0,正常
Day03-12:26,3,12,26,24.5,58.3,7.4,990.0,92.1,38.5,2115.0,正常
Day03-12:27,3,12,27,25.3,57.4,11.7,1042.0,91.8,38.3,2261.0,正常
Day03-12:28,3,12,28,24.5,57.2,9.3,973.0,92.2,38.3,2181.0,正常
Day03-12:29,3,12,29,24.9,57.9,11.0,1063.0,87.8,38.8,2263.0,正常
Day03-12:30,3,12,30,24.8,58.5,9.3,950.0,84.4,38.9,2147.0,正常
Day03-12:31,3,12,31,24.7,58.7,11.3,965.0,91.4,38.8,2208.0,正常
Day03-12:32,3,12,32,24.9,55.8,10.8,979.0,93.7,38.3,2273.0,正常
Day03-12:33,3,12,33,24.6,58.5,10.0,1045.0,84.8,38.9,2187.0,正常
Day03-12:34,3,12,34,24.6,58.1,10.3,962.0,95.9,38.4,2055.0,正常
Day03-12:35,3,12,35,24.4,58.8,9.9,1058.0,85.7,38.5,2285.0,正常
Day03-12:36,3,12,36,25.0,58.7,9.2,998.0,94.0,38.4,2297.0,正常
Day03-12:37,3,12,37,24.5,59.4,9.9,907.0,88.6,38.7,2377.0,正常
Day03-12:38,3,12,38,24.6,57.8,12.0,1072.0,84.1,38.3,2162.0,正常
Day03-12:39,3,12,39,24.4,59.2,10.4,1063.0,90.9,38.2,2116.0,正常
Day03-12:40,3,12,40,24.4,58.7,12.3,991.0,95.6,38.4,2114.0,正常
Day03-12:41,3,12,41,24.4,57.6,10.9,886.0,90.0,38.6,2070.0,正常
Day03-12:42,3,12,42,24.7,58.2,11.8,1016.0,91.7,38.3,2235.0,正常
Day03-12:43,3,12,43,24.6,56.4,11.9,1008.0,88.9,38.8,2220.0,正常
Day03-12:44,3,12,44,24.4,56.5,10.1,932.0,88.6,38.4,2223.0,正常
Day03-12:45,3,12,45,24.3,57.9,11.7,982.0,84.8,38.5,2208.0,正常
Day03-12:46,3,12,46,24.6,57.5,10.3,1006.0,89.3,38.1,2319.0,正常
Day03-12:47,3,12,47,24.7,59.3,12.1,920.0,94.6,38.4,2318.0,正常
Day03-12:48,3,12,48,24.5,59.4,10.3,1004.0,84.0,38.5,2285.0,正常
Day03-12:49,3,12,49,24.7,58.7,11.3,1090.0,100,38.4,2223.0,正常
Day03-12:50,3,12,50,24.8,59.3,10.6,960.0,90.6,38.9,2318.0,正常
Day03-12:51,3,12,51,24.9,58.3,10.6,980.0,97.4,38.8,2084.0,正常
Day03-12:52,3,12,52,25.1,58.4,11.0,985.0,89.1,38.6,2143.0,正常
Day03-12:53,3,12,53,24.8,57.6,9.1,909.0,83.7,38.8,2158.0,正常
Day03-12:54,3,12,54,24.8,56.6,12.4,995.0,86.2,38.0,2203.0,正常
Day03-12:55,3,12,55,24.1,59.0,11.2,1014.0,87.2,38.5,2302.0,正常
Day03-12:56,3,12,56,24.5,56.2,8.7,959.0,92.8,38.7,2036.0,正常
Day03-12:57,3,12,57,24.7,57.2,11.4,1001.0,99.5,39.0,2317.0,正常
Day03-12:58,3,12,58,24.5,60.2,9.6,1085.0,85.7,38.6,2207.0,正常
Day03-12:59,3,12,59,24.9,56.7,8.4,1072.0,82.2,38.1,2355.0,正常
Day03-13:00,3,13,0,23.9,58.5,11.2,1054.0,93.6,38.8,0,正常
Day03-13:01,3,13,1,23.9,61.8,11.8,903.0,87.6,38.5,0,正常
Day03-13:02,3,13,2,23.8,58.1,9.8,926.0,100,39.0,0,正常
Day03-13:03,3,13,3,24.2,58.8,10.7,1018.0,87.9,38.6,0,正常
Day03-13:04,3,13,4,23.7,59.5,9.7,974.0,80.6,39.3,0,正常
Day03-13:05,3,13,5,23.9,59.6,13.1,1033.0,88.0,38.4,0,正常
Day03-13:06,3,13,6,23.8,62.1,10.4,977.0,95.6,38.0,0,正常
Day03-13:07,3,13,7,24.1,59.4,7.9,911.0,76.9,39.2,0,正常
Day03-13:08,3,13,8,24.1,59.1,9.9,1021.0,88.3,38.9,0,正常
Day03-13:09,3,13,9,24.0,60.1,13.0,1050.0,95.0,38.6,0,正常
Day03-13:10,3,13,10,24.4,60.2,11.9,1014.0,93.7,38.2,0,正常
Day03-13:11,3,13,11,23.7,60.0,12.3,992.0,82.3,38.4,0,正常
Day03-13:12,3,13,12,23.9,60.3,12.1,1011.0,89.6,38.2,0,正常
Day03-13:13,3,13,13,23.9,57.7,9.7,919.0,92.7,38.4,0,正常
Day03-13:14,3,13,14,24.2,59.1,12.5,1027.0,81.5,38.4,0,正常
Day03-13:15,3,13,15,24.5,57.8,10.5,934.0,87.9,38.7,0,正常
Day03-13:16,3,13,16,23.7,59.3,12.0,980.0,89.4,38.6,0,正常
Day03-13:17,3,13,17,24.2,59.7,10.6,1066.0,86.6,38.4,0,正常
Day03-13:18,3,13,18,23.7,60.0,9.9,973.0,93.9,38.8,0,正常
Day03-13:19,3,13,19,24.5,60.1,11.2,962.0,83.9,38.3,0,正常
Day03-13:20,3,13,20,23.8,59.5,9.0,1099.0,86.8,38.7,0,正常
Day03-13:21,3,13,21,24.5,59.1,11.0,962.0,93.7,38.1,0,正常
Day03-13:22,3,13,22,25.0,59.7,9.6,951.0,84.3,39.1,0,正常
Day03-13:23,3,13,23,23.5,58.9,11.3,944.0,88.9,38.2,0,正常
Day03-13:24,3,13,24,24.4,59.0,12.6,1053.0,83.0,38.2,0,正常
Day03-13:25,3,13,25,23.8,60.0,12.4,1030.0,95.3,38.7,0,正常
Day03-13:26,3,13,26,24.2,58.9,14.0,997.0,94.6,38.5,0,正常
Day03-13:27,3,13,27,24.4,60.3,11.4,1005.0,85.0,38.6,0,正常
Day03-13:28,3,13,28,24.9,58.1,10.3,1013.0,84.7,38.6,0,正常
Day03-13:29,3,13,29,24.1,59.6,9.4,952.0,91.1,38.3,0,正常
Day03-13:30,3,13,30,25.0,60.7,12.9,1119.0,91.8,38.7,0,正常
Day03-13:31,3,13,31,24.3,58.8,9.9,971.0,92.6,38.0,0,正常
Day03-13:32,3,13,32,24.1,58.2,12.9,983.0,92.9,39.0,0,正常
Day03-13:33,3,13,33,24.2,57.4,10.1,1041.0,95.9,38.4,0,正常
Day03-13:34,3,13,34,24.6,57.9,12.7,1021.0,93.7,38.1,0,正常
Day03-13:35,3,13,35,23.5,60.1,11.8,923.0,96.0,38.8,0,正常
Day03-13:36,3,13,36,23.5,60.1,11.4,1010.0,91.0,38.3,0,正常
Day03-13:37,3,13,37,23.9,59.2,11.1,982.0,86.4,38.4,0,正常
Day03-13:38,3,13,38,23.5,59.1,7.7,993.0,92.0,38.7,0,正常
Day03-13:39,3,13,39,24.3,58.2,10.1,936.0,87.5,38.8,0,正常
Day03-13:40,3,13,40,24.2,60.0,8.5,971.0,89.6,38.4,0,正常
Day03-13:41,3,13,41,23.9,59.9,11.8,1033.0,89.6,38.3,0,正常
Day03-13:42,3,13,42,24.5,59.2,11.3,1026.0,93.1,38.1,0,正常
Day03-13:43,3,13,43,23.5,60.1,10.5,983.0,87.9,38.6,0,正常
Day03-13:44,3,13,44,24.0,59.9,9.8,997.0,92.9,38.4,0,正常
Day03-13:45,3,13,45,23.6,57.5,11.6,1094.0,91.7,38.7,0,正常
Day03-13:46,3,13,46,24.4,60.0,10.4,1026.0,85.1,38.7,0,正常
Day03-13:47,3,13,47,24.0,60.9,10.8,949.0,100,38.7,0,正常
Day03-13:48,3,13,48,23.8,59.9,12.2,882.0,85.8,38.7,0,正常
Day03-13:49,3,13,49,24.0,60.9,9.3,995.0,88.7,38.1,0,正常
Day03-13:50,3,13,50,24.3,59.1,10.0,980.0,86.2,38.4,0,正常
Day03-13:51,3,13,51,24.2,59.2,10.0,1001.0,93.0,38.6,0,正常
Day03-13:52,3,13,52,24.0,58.3,13.4,923.0,82.0,38.5,0,正常
Day03-13:53,3,13,53,24.1,60.4,12.2,1000.0,88.5,39.0,0,正常
Day03-13:54,3,13,54,24.2,59.6,13.8,953.0,91.3,38.6,0,正常
Day03-13:55,3,13,55,23.6,60.5,7.2,1082.0,87.0,39.0,0,正常
Day03-13:56,3,13,56,24.1,58.9,11.3,910.0,85.3,38.6,0,正常
Day03-13:57,3,13,57,23.9,59.3,11.4,1031.0,83.5,38.6,0,正常
Day03-13:58,3,13,58,24.6,59.0,11.7,950.0,88.8,38.5,0,正常
Day03-13:59,3,13,59,23.6,59.4,9.9,938.0,91.6,38.8,0,正常
Day03-14:00,3,14,0,23.3,59.3,11.6,894.0,68.1,38.6,0,正常
Day03-14:01,3,14,1,23.3,62.2,10.9,969.0,54.9,37.8,0,正常
Day03-14:02,3,14,2,23.4,61.7,10.2,986.0,63.0,38.0,0,正常
Day03-14:03,3,14,3,23.1,59.5,10.5,942.0,63.9,38.7,0,正常
Day03-14:04,3,14,4,24.1,59.7,10.4,975.0,62.9,38.4,0,正常
Day03-14:05,3,14,5,24.2,61.6,13.0,996.0,68.6,38.5,0,正常
Day03-14:06,3,14,6,23.4,60.7,10.8,858.0,67.3,39.0,0,正常
Day03-14:07,3,14,7,23.0,59.7,8.8,931.0,70.8,38.2,0,正常
Day03-14:08,3,14,8,23.5,58.9,10.2,1019.0,63.7,39.0,0,正常
Day03-14:09,3,14,9,23.8,61.2,13.7,931.0,65.6,38.6,0,正常
Day03-14:10,3,14,10,23.5,60.3,10.5,957.0,54.9,38.8,0,正常
Day03-14:11,3,14,11,23.2,61.4,10.6,840.0,66.8,38.0,0,正常
Day03-14:12,3,14,12,23.1,61.9,11.1,934.0,67.8,38.8,0,正常
Day03-14:13,3,14,13,23.2,61.6,11.1,923.0,65.4,38.9,0,正常
Day03-14:14,3,14,14,23.4,60.2,10.3,947.0,62.6,38.7,0,正常
Day03-14:15,3,14,15,23.7,60.8,11.4,957.0,65.1,38.6,0,正常
Day03-14:16,3,14,16,23.7,61.3,9.2,940.0,71.7,38.6,0,正常
Day03-14:17,3,14,17,23.4,64.0,10.1,981.0,59.9,38.4,0,正常
Day03-14:18,3,14,18,23.6,61.2,12.6,958.0,61.4,38.8,0,正常
Day03-14:19,3,14,19,23.6,61.2,12.9,983.0,62.9,38.7,0,正常
Day03-14:20,3,14,20,23.5,61.4,10.5,935.0,66.9,38.3,0,正常
Day03-14:21,3,14,21,23.8,60.7,12.0,984.0,64.7,38.7,0,正常
Day03-14:22,3,14,22,23.3,59.8,7.3,998.0,60.7,38.1,0,正常
Day03-14:23,3,14,23,24.2,61.1,11.9,953.0,73.1,38.2,0,正常
Day03-14:24,3,14,24,23.0,61.5,12.6,956.0,65.0,38.8,0,正常
Day03-14:25,3,14,25,23.3,63.0,11.2,1010.0,63.2,38.4,0,正常
Day03-14:26,3,14,26,23.6,59.8,10.0,843.0,59.4,38.5,0,正常
Day03-14:27,3,14,27,23.4,59.4,10.7,974.0,64.1,38.4,0,正常
Day03-14:28,3,14,28,23.3,60.9,10.9,889.0,63.8,38.7,0,正常
Day03-14:29,3,14,29,23.7,60.7,11.7,953.0,66.8,38.7,0,正常
Day03-14:30,3,14,30,23.6,61.3,9.6,891.0,66.3,38.6,0,正常
Day03-14:31,3,14,31,23.2,60.9,10.3,1012.0,67.4,38.1,0,正常
Day03-14:32,3,14,32,23.7,60.5,11.2,985.0,65.2,38.6,0,正常
Day03-14:33,3,14,33,23.2,60.8,7.9,911.0,67.0,38.8,0,正常
Day03-14:34,3,14,34,23.2,61.5,10.9,1012.0,67.8,39.1,0,正常
Day03-14:35,3,14,35,23.9,60.8,11.6,933.0,67.6,38.1,0,正常
Day03-14:36,3,14,36,23.2,62.2,10.8,996.0,63.7,38.7,0,正常
Day03-14:37,3,14,37,23.1,60.6,10.2,907.0,63.5,38.5,0,正常
Day03-14:38,3,14,38,23.7,61.6,12.7,963.0,62.1,38.6,0,正常
Day03-14:39,3,14,39,23.7,61.2,8.7,945.0,64.0,37.9,0,正常
Day03-14:40,3,14,40,23.8,61.3,10.4,1035.0,58.2,39.0,0,正常
Day03-14:41,3,14,41,23.3,59.5,11.7,904.0,63.5,38.5,0,正常
Day03-14:42,3,14,42,23.6,60.3,10.2,1015.0,66.0,38.6,0,正常
Day03-14:43,3,14,43,23.3,62.8,10.5,911.0,62.5,38.3,0,正常
Day03-14:44,3,14,44,23.1,61.8,10.5,931.0,64.5,38.6,0,正常
Day03-14:45,3,14,45,23.5,60.5,14.4,896.0,65.5,38.2,0,正常
Day03-14:46,3,14,46,23.5,61.6,11.0,919.0,63.0,38.6,0,正常
Day03-14:47,3,14,47,23.5,63.1,9.7,976.0,68.0,38.2,0,正常
Day03-14:48,3,14,48,23.7,60.5,10.6,953.0,61.3,38.8,0,正常
Day03-14:49,3,14,49,23.1,59.8,11.6,988.0,66.1,38.8,0,正常
Day03-14:50,3,14,50,23.6,61.2,11.1,909.0,64.1,38.6,0,正常
Day03-14:51,3,14,51,23.8,61.8,11.4,977.0,68.9,38.2,0,正常
Day03-14:52,3,14,52,23.3,61.0,11.0,849.0,53.9,38.1,0,正常
Day03-14:53,3,14,53,23.4,60.3,12.0,928.0,71.5,38.7,0,正常
Day03-14:54,3,14,54,23.6,62.4,13.2,1027.0,73.3,38.6,0,正常
Day03-14:55,3,14,55,23.7,60.5,12.5,849.0,61.3,38.3,0,正常
Day03-14:56,3,14,56,23.7,62.0,11.9,950.0,60.3,38.6,0,正常
Day03-14:57,3,14,57,23.4,60.9,11.5,929.0,64.8,39.0,0,正常
Day03-14:58,3,14,58,23.1,61.6,14.2,948.0,63.2,38.6,0,正常
Day03-14:59,3,14,59,23.1,60.8,12.4,963.0,73.1,38.4,0,正常
Day03-15:00,3,15,0,22.5,63.3,11.5,949.0,53.0,38.7,0,正常
Day03-15:01,3,15,1,22.9,62.7,10.8,862.0,66.1,38.4,0,正常
Day03-15:02,3,15,2,22.8,63.5,9.0,894.0,65.0,38.7,0,正常
Day03-15:03,3,15,3,22.9,63.6,10.6,946.0,62.8,38.3,0,正常
Day03-15:04,3,15,4,23.1,62.5,8.0,851.0,69.8,39.0,0,正常
Day03-15:05,3,15,5,22.8,61.0,10.1,841.0,57.8,38.2,0,正常
Day03-15:06,3,15,6,22.6,61.8,14.3,821.0,64.7,38.5,0,正常
Day03-15:07,3,15,7,22.4,61.9,7.8,914.0,62.4,38.3,0,正常
Day03-15:08,3,15,8,22.9,62.2,10.6,1009.0,71.1,37.5,0,正常
Day03-15:09,3,15,9,22.4,63.2,9.6,899.0,65.5,38.7,0,正常
Day03-15:10,3,15,10,22.3,61.6,11.7,823.0,80.4,38.4,0,正常
Day03-15:11,3,15,11,22.6,62.5,8.4,950.0,70.7,38.5,0,正常
Day03-15:12,3,15,12,22.9,63.0,13.6,879.0,66.8,39.2,0,正常
Day03-15:13,3,15,13,22.9,63.6,9.5,850.0,62.4,38.1,0,正常
Day03-15:14,3,15,14,23.0,62.2,12.0,767.0,60.9,38.8,0,正常
Day03-15:15,3,15,15,22.9,63.4,8.3,892.0,64.8,38.3,0,正常
Day03-15:16,3,15,16,23.1,61.6,12.5,907.0,65.7,38.8,0,正常
Day03-15:17,3,15,17,22.8,62.6,9.5,841.0,62.2,38.9,0,正常
Day03-15:18,3,15,18,22.9,62.0,9.7,897.0,58.0,38.7,0,正常
Day03-15:19,3,15,19,23.1,64.3,10.7,921.0,63.2,38.5,0,正常
Day03-15:20,3,15,20,22.7,63.2,12.0,759.0,62.7,38.7,0,正常
Day03-15:21,3,15,21,23.2,62.2,11.4,889.0,67.5,38.6,0,正常
Day03-15:22,3,15,22,22.6,61.9,10.9,870.0,54.6,38.4,0,正常
Day03-15:23,3,15,23,22.8,63.7,9.5,847.0,70.8,38.5,0,正常
Day03-15:24,3,15,24,23.1,64.3,11.5,863.0,58.2,38.6,0,正常
Day03-15:25,3,15,25,22.6,61.5,10.9,929.0,62.2,38.4,0,正常
Day03-15:26,3,15,26,22.6,63.3,9.1,927.0,60.8,38.1,0,正常
Day03-15:27,3,15,27,23.0,64.2,9.1,967.0,77.8,38.4,0,正常
Day03-15:28,3,15,28,22.8,65.1,9.3,860.0,66.3,39.2,0,正常
Day03-15:29,3,15,29,22.3,61.3,12.5,846.0,64.9,38.8,0,正常
Day03-15:30,3,15,30,22.8,62.4,10.4,940.0,57.1,38.6,0,正常
Day03-15:31,3,15,31,22.5,63.5,12.9,842.0,70.7,38.7,0,正常
Day03-15:32,3,15,32,22.9,61.9,11.6,955.0,57.3,38.8,0,正常
Day03-15:33,3,15,33,23.0,61.4,11.0,843.0,66.5,38.8,0,正常
Day03-15:34,3,15,34,23.1,63.9,11.0,824.0,69.2,38.6,0,正常
Day03-15:35,3,15,35,23.0,61.1,10.8,862.0,69.4,38.3,0,正常
Day03-15:36,3,15,36,22.8,62.6,12.0,955.0,54.4,38.4,0,正常
Day03-15:37,3,15,37,23.3,63.1,10.2,972.0,61.6,38.4,0,正常
Day03-15:38,3,15,38,23.0,64.3,10.2,889.0,49.0,39.1,0,正常
Day03-15:39,3,15,39,23.1,62.1,9.5,877.0,70.9,38.6,0,正常
Day03-15:40,3,15,40,22.7,63.7,10.3,923.0,67.8,38.8,0,正常
Day03-15:41,3,15,41,23.1,60.5,7.7,854.0,66.0,38.3,0,正常
Day03-15:42,3,15,42,22.6,63.0,10.7,861.0,69.2,38.7,0,正常
Day03-15:43,3,15,43,23.0,63.4,10.7,836.0,52.4,38.7,0,正常
Day03-15:44,3,15,44,23.0,62.5,11.7,868.0,70.7,38.9,0,正常
Day03-15:45,3,15,45,22.8,64.1,10.3,815.0,66.5,38.8,0,正常
Day03-15:46,3,15,46,23.1,62.2,9.3,791.0,62.2,38.2,0,正常
Day03-15:47,3,15,47,23.0,63.6,7.6,923.0,66.3,38.0,0,正常
Day03-15:48,3,15,48,23.0,63.5,10.0,887.0,64.5,37.9,0,正常
Day03-15:49,3,15,49,23.2,62.9,11.0,935.0,64.7,38.8,0,正常
Day03-15:50,3,15,50,22.8,63.0,12.0,966.0,67.7,38.0,0,正常
Day03-15:51,3,15,51,23.0,61.7,11.1,844.0,70.8,38.6,0,正常
Day03-15:52,3,15,52,22.9,62.0,10.1,849.0,67.8,37.8,0,正常
Day03-15:53,3,15,53,22.3,64.4,11.1,818.0,72.8,38.3,0,正常
Day03-15:54,3,15,54,23.2,62.0,10.7,849.0,67.6,38.3,0,正常
Day03-15:55,3,15,55,22.8,64.4,9.3,932.0,56.9,38.3,0,正常
Day03-15:56,3,15,56,22.9,62.2,12.8,851.0,59.3,38.1,0,正常
Day03-15:57,3,15,57,22.7,63.6,11.5,832.0,56.8,38.0,0,正常
Day03-15:58,3,15,58,22.5,62.5,9.4,838.0,66.5,38.6,0,正常
Day03-15:59,3,15,59,23.1,63.6,13.3,898.0,63.9,38.6,0,正常
Day03-16:00,3,16,0,22.2,65.7,13.4,809.0,77.9,38.2,0,正常
Day03-16:01,3,16,1,21.9,64.8,10.9,841.0,62.2,38.5,0,正常
Day03-16:02,3,16,2,22.2,61.7,7.3,785.0,69.6,38.8,0,正常
Day03-16:03,3,16,3,21.9,65.1,10.3,952.0,63.2,38.5,0,正常
Day03-16:04,3,16,4,21.8,64.2,10.2,741.0,69.9,38.5,0,正常
Day03-16:05,3,16,5,22.4,66.5,8.9,876.0,54.4,38.7,0,正常
Day03-16:06,3,16,6,21.7,66.5,12.5,674.0,63.4,38.4,0,正常
Day03-16:07,3,16,7,21.7,65.0,10.1,824.0,62.1,38.8,0,正常
Day03-16:08,3,16,8,21.7,64.7,10.8,841.0,61.1,38.6,0,正常
Day03-16:09,3,16,9,21.9,65.0,9.7,852.0,66.2,38.5,0,正常
Day03-16:10,3,16,10,22.0,64.2,7.7,776.0,59.6,38.5,0,正常
Day03-16:11,3,16,11,21.5,63.8,8.6,794.0,61.2,38.2,0,正常
Day03-16:12,3,16,12,21.4,64.9,10.9,795.0,69.4,38.8,0,正常
Day03-16:13,3,16,13,21.5,65.7,12.2,683.0,61.8,38.4,0,正常
Day03-16:14,3,16,14,21.9,66.7,8.7,710.0,64.3,38.8,0,正常
Day03-16:15,3,16,15,22.4,64.5,10.5,787.0,58.7,38.1,0,正常
Day03-16:16,3,16,16,21.6,65.1,10.7,869.0,66.4,38.8,0,正常
Day03-16:17,3,16,17,21.7,66.2,8.8,778.0,67.5,39.0,0,正常
Day03-16:18,3,16,18,21.6,64.1,12.2,733.0,64.2,38.3,0,正常
Day03-16:19,3,16,19,21.6,63.9,12.7,752.0,73.7,38.3,0,正常
Day03-16:20,3,16,20,22.2,66.3,10.5,808.0,60.7,38.1,0,正常
Day03-16:21,3,16,21,21.6,64.5,10.1,822.0,61.8,38.6,0,正常
Day03-16:22,3,16,22,22.1,64.7,11.5,787.0,64.1,39.2,0,正常
Day03-16:23,3,16,23,21.4,65.7,9.0,836.0,57.4,38.3,0,正常
Day03-16:24,3,16,24,22.2,65.2,10.6,762.0,64.5,38.4,0,正常
Day03-16:25,3,16,25,22.1,63.1,10.0,805.0,57.5,38.2,0,正常
Day03-16:26,3,16,26,21.9,64.7,8.3,784.0,62.9,38.1,0,正常
Day03-16:27,3,16,27,22.0,64.7,12.3,768.0,64.8,38.5,0,正常
Day03-16:28,3,16,28,22.1,63.1,8.5,817.0,50.0,38.1,0,正常
Day03-16:29,3,16,29,21.9,64.3,9.1,793.0,61.8,38.2,0,正常
Day03-16:30,3,16,30,22.0,65.0,11.0,780.0,69.7,38.8,0,正常
Day03-16:31,3,16,31,22.1,64.5,11.0,734.0,71.2,38.7,0,正常
Day03-16:32,3,16,32,21.8,64.2,12.3,759.0,59.5,38.3,0,正常
Day03-16:33,3,16,33,22.0,65.0,11.5,778.0,64.7,38.0,0,正常
Day03-16:34,3,16,34,21.9,64.7,10.2,751.0,67.8,38.7,0,正常
Day03-16:35,3,16,35,22.2,65.2,9.0,856.0,71.7,38.4,0,正常
Day03-16:36,3,16,36,22.1,63.2,10.9,796.0,61.9,39.0,0,正常
Day03-16:37,3,16,37,22.0,63.6,10.9,740.0,64.6,38.7,0,正常
Day03-16:38,3,16,38,22.3,66.1,12.6,873.0,60.6,38.7,0,正常
Day03-16:39,3,16,39,22.4,65.1,10.9,791.0,65.5,38.2,0,正常
Day03-16:40,3,16,40,22.1,65.2,11.2,847.0,66.6,38.5,0,正常
Day03-16:41,3,16,41,22.0,65.1,11.9,803.0,69.4,38.7,0,正常
Day03-16:42,3,16,42,22.0,64.6,13.3,788.0,66.8,38.9,0,正常
Day03-16:43,3,16,43,22.1,64.6,11.4,810.0,71.8,38.9,0,正常
Day03-16:44,3,16,44,22.1,65.8,8.5,833.0,66.9,39.0,0,正常
Day03-16:45,3,16,45,21.9,66.0,10.4,715.0,68.6,38.6,0,正常
Day03-16:46,3,16,46,21.6,66.1,9.6,837.0,72.2,38.3,0,正常
Day03-16:47,3,16,47,21.8,64.4,11.8,824.0,74.1,39.0,0,正常
Day03-16:48,3,16,48,22.2,64.8,9.8,739.0,72.1,38.5,0,正常
Day03-16:49,3,16,49,22.2,66.1,10.1,770.0,69.1,38.5,0,正常
Day03-16:50,3,16,50,21.7,63.0,8.4,781.0,57.3,38.5,0,正常
Day03-16:51,3,16,51,22.2,65.3,9.4,791.0,63.0,39.0,0,正常
Day03-16:52,3,16,52,22.6,65.2,14.1,741.0,57.0,38.5,0,正常
Day03-16:53,3,16,53,22.3,65.9,8.9,779.0,62.7,38.6,0,正常
Day03-16:54,3,16,54,22.5,65.7,10.3,815.0,68.0,38.4,0,正常
Day03-16:55,3,16,55,22.0,66.6,10.6,769.0,68.4,38.9,0,正常
Day03-16:56,3,16,56,21.9,64.6,9.3,730.0,65.4,38.7,0,正常
Day03-16:57,3,16,57,21.7,66.0,9.8,764.0,68.3,38.6,0,正常
Day03-16:58,3,16,58,21.3,66.2,11.2,772.0,68.7,38.2,0,正常
Day03-16:59,3,16,59,22.5,63.5,9.8,832.0,65.6,38.2,0,正常
Day03-17:00,3,17,0,21.1,66.9,8.1,717.0,86.4,38.7,2177.0,正常
Day03-17:01,3,17,1,21.0,66.4,12.2,684.0,86.9,38.6,2296.0,正常
Day03-17:02,3,17,2,21.4,67.2,11.7,680.0,88.2,38.7,2196.0,正常
Day03-17:03,3,17,3,20.9,67.9,9.4,646.0,86.8,38.4,2139.0,正常
Day03-17:04,3,17,4,20.9,67.0,7.7,769.0,90.1,38.6,2310.0,正常
Day03-17:05,3,17,5,21.5,67.4,11.5,709.0,96.7,38.5,2304.0,正常
Day03-17:06,3,17,6,21.5,66.0,9.3,723.0,88.3,38.3,2291.0,正常
Day03-17:07,3,17,7,21.6,67.5,10.6,650.0,84.6,38.8,2090.0,正常
Day03-17:08,3,17,8,21.4,66.9,11.0,726.0,95.9,38.5,2256.0,正常
Day03-17:09,3,17,9,21.4,66.0,9.1,769.0,89.9,38.5,2249.0,正常
Day03-17:10,3,17,10,21.2,67.5,8.2,646.0,94.8,38.4,2212.0,正常
Day03-17:11,3,17,11,21.6,68.1,11.7,728.0,87.7,38.6,2404.0,正常
Day03-17:12,3,17,12,21.3,67.6,15.1,737.0,90.9,38.1,2137.0,正常
Day03-17:13,3,17,13,21.1,65.0,12.1,722.0,92.3,38.4,2123.0,正常
Day03-17:14,3,17,14,21.5,65.6,8.2,643.0,88.9,39.3,2244.0,正常
Day03-17:15,3,17,15,21.6,67.6,7.7,739.0,91.5,38.3,2128.0,正常
Day03-17:16,3,17,16,20.9,67.8,9.3,760.0,82.9,38.3,2217.0,正常
Day03-17:17,3,17,17,21.6,68.0,10.0,680.0,89.8,38.2,2224.0,正常
Day03-17:18,3,17,18,21.7,67.7,9.1,777.0,92.5,39.0,2198.0,正常
Day03-17:19,3,17,19,21.1,67.9,11.0,751.0,87.0,38.3,2126.0,正常
Day03-17:20,3,17,20,21.4,68.0,10.1,668.0,100,38.6,2175.0,正常
Day03-17:21,3,17,21,21.5,65.6,8.6,666.0,92.6,38.4,2279.0,正常
Day03-17:22,3,17,22,21.0,67.9,10.6,690.0,88.4,38.6,2248.0,正常
Day03-17:23,3,17,23,21.1,65.2,10.1,757.0,92.6,38.3,2367.0,正常
Day03-17:24,3,17,24,20.9,67.7,12.3,704.0,84.1,38.3,2243.0,正常
Day03-17:25,3,17,25,21.0,66.7,7.0,830.0,88.5,38.6,2172.0,正常
Day03-17:26,3,17,26,21.0,67.2,8.3,783.0,88.4,38.5,2232.0,正常
Day03-17:27,3,17,27,20.9,68.5,9.6,729.0,95.4,38.8,1940.0,正常
Day03-17:28,3,17,28,21.7,66.8,9.1,743.0,86.4,38.4,2376.0,正常
Day03-17:29,3,17,29,21.4,65.8,12.5,783.0,94.3,38.7,2141.0,正常
Day03-17:30,3,17,30,21.3,67.2,11.3,775.0,97.4,38.1,2128.0,正常
Day03-17:31,3,17,31,21.5,68.1,6.2,742.0,84.7,38.6,2105.0,正常
Day03-17:32,3,17,32,21.0,65.9,9.1,735.0,93.7,38.7,2039.0,正常
Day03-17:33,3,17,33,21.2,67.0,10.6,696.0,89.7,38.7,2031.0,正常
Day03-17:34,3,17,34,20.8,67.4,10.6,712.0,85.2,38.0,2063.0,正常
Day03-17:35,3,17,35,21.1,66.3,9.9,724.0,86.7,38.4,2264.0,正常
Day03-17:36,3,17,36,21.1,66.1,12.4,723.0,83.5,39.0,2202.0,正常
Day03-17:37,3,17,37,21.3,67.0,8.1,688.0,84.2,38.3,2410.0,正常
Day03-17:38,3,17,38,21.5,66.6,9.6,665.0,98.1,39.1,2108.0,正常
Day03-17:39,3,17,39,21.5,66.0,7.4,731.0,84.9,38.3,2315.0,正常
Day03-17:40,3,17,40,21.4,65.6,9.2,675.0,93.3,38.8,2050.0,正常
Day03-17:41,3,17,41,20.8,66.0,8.7,748.0,83.2,39.1,2290.0,正常
Day03-17:42,3,17,42,22.0,67.7,11.9,747.0,97.2,38.4,2348.0,正常
Day03-17:43,3,17,43,21.5,67.7,10.3,584.0,97.2,38.3,2136.0,正常
Day03-17:44,3,17,44,20.6,67.9,9.7,712.0,93.6,38.4,2303.0,正常
Day03-17:45,3,17,45,21.7,67.5,10.8,659.0,86.8,38.5,2205.0,正常
Day03-17:46,3,17,46,21.2,67.8,10.1,721.0,94.4,39.2,2125.0,正常
Day03-17:47,3,17,47,20.9,66.9,15.2,715.0,83.4,39.0,2277.0,正常
Day03-17:48,3,17,48,21.5,67.7,10.1,685.0,88.1,38.8,2165.0,正常
Day03-17:49,3,17,49,21.3,67.9,8.3,734.0,89.5,38.6,2132.0,正常
Day03-17:50,3,17,50,21.5,66.0,9.6,755.0,80.9,38.5,2186.0,正常
Day03-17:51,3,17,51,21.7,66.6,9.9,775.0,88.8,38.5,2169.0,正常
Day03-17:52,3,17,52,21.3,67.1,12.2,640.0,96.5,37.8,2092.0,正常
Day03-17:53,3,17,53,21.4,68.2,8.7,675.0,90.7,38.9,2227.0,正常
Day03-17:54,3,17,54,21.0,66.7,9.7,677.0,89.6,38.7,2217.0,正常
Day03-17:55,3,17,55,21.6,67.9,8.6,639.0,87.2,38.9,2038.0,正常
Day03-17:56,3,17,56,21.3,64.4,11.9,694.0,88.6,38.0,2116.0,正常
Day03-17:57,3,17,57,21.0,65.7,10.3,767.0,97.5,38.4,2365.0,正常
Day03-17:58,3,17,58,20.9,68.4,9.0,751.0,83.9,38.3,2331.0,正常
Day03-17:59,3,17,59,21.7,64.9,11.0,735.0,93.1,38.6,2264.0,正常
Day03-18:00,3,18,0,20.1,67.8,8.7,608.0,93.4,38.6,0,正常
Day03-18:01,3,18,1,19.9,68.8,10.7,625.0,90.3,38.7,0,正常
Day03-18:02,3,18,2,20.9,68.9,9.2,546.0,87.5,38.7,0,正常
Day03-18:03,3,18,3,20.1,69.5,9.0,610.0,93.6,38.3,0,正常
Day03-18:04,3,18,4,20.7,68.4,9.0,583.0,95.6,38.6,0,正常
Day03-18:05,3,18,5,20.3,69.7,11.3,625.0,89.3,38.5,0,正常
Day03-18:06,3,18,6,20.6,68.5,7.1,665.0,89.4,38.7,0,正常
Day03-18:07,3,18,7,20.1,69.3,10.3,520.0,87.5,37.9,0,正常
Day03-18:08,3,18,8,20.6,67.6,7.1,542.0,90.5,38.4,0,正常
Day03-18:09,3,18,9,20.8,71.3,10.9,618.0,91.6,38.8,0,正常
Day03-18:10,3,18,10,20.5,69.7,9.2,620.0,93.7,38.2,0,正常
Day03-18:11,3,18,11,20.5,68.5,9.4,657.0,93.3,38.3,0,正常
Day03-18:12,3,18,12,20.5,70.0,11.7,642.0,85.7,38.7,0,正常
Day03-18:13,3,18,13,20.7,70.5,8.1,633.0,86.5,38.2,0,正常
Day03-18:14,3,18,14,20.4,69.3,9.1,637.0,91.9,38.7,0,正常
Day03-18:15,3,18,15,21.1,68.0,10.5,614.0,90.3,38.7,0,正常
Day03-18:16,3,18,16,20.7,69.2,7.6,667.0,86.1,38.2,0,正常
Day03-18:17,3,18,17,20.4,68.4,10.1,642.0,81.9,38.5,0,正常
Day03-18:18,3,18,18,20.4,69.7,10.0,601.0,84.0,38.7,0,正常
Day03-18:19,3,18,19,20.6,70.4,9.3,665.0,92.2,38.9,0,正常
Day03-18:20,3,18,20,20.5,69.6,11.0,562.0,96.2,39.2,0,正常
Day03-18:21,3,18,21,20.6,68.7,9.0,597.0,86.8,38.6,0,正常
Day03-18:22,3,18,22,20.7,70.5,8.8,623.0,78.9,38.3,0,正常
Day03-18:23,3,18,23,20.9,68.4,8.6,599.0,83.4,37.9,0,正常
Day03-18:24,3,18,24,20.3,68.5,9.6,539.0,97.5,37.9,0,正常
Day03-18:25,3,18,25,20.7,70.0,9.1,640.0,92.2,38.3,0,正常
Day03-18:26,3,18,26,20.6,68.3,10.4,672.0,91.0,38.5,0,正常
Day03-18:27,3,18,27,20.6,70.4,9.5,675.0,83.0,38.6,0,正常
Day03-18:28,3,18,28,20.0,67.9,12.2,633.0,90.2,38.5,0,正常
Day03-18:29,3,18,29,21.1,69.5,6.7,651.0,87.7,38.9,0,正常
Day03-18:30,3,18,30,20.4,69.5,10.4,687.0,86.4,38.8,0,正常
Day03-18:31,3,18,31,20.4,69.7,9.9,578.0,91.3,38.6,0,正常
Day03-18:32,3,18,32,21.0,68.1,7.9,608.0,83.7,38.1,0,正常
Day03-18:33,3,18,33,21.0,69.0,10.6,531.0,94.8,38.6,0,正常
Day03-18:34,3,18,34,20.1,67.8,10.9,644.0,93.0,38.7,0,正常
Day03-18:35,3,18,35,20.4,71.0,8.3,679.0,87.7,38.3,0,正常
Day03-18:36,3,18,36,20.5,69.2,7.1,685.0,93.3,39.1,0,正常
Day03-18:37,3,18,37,20.8,69.2,7.8,598.0,94.2,38.7,0,正常
Day03-18:38,3,18,38,20.8,68.3,11.0,554.0,90.2,38.5,0,正常
Day03-18:39,3,18,39,20.8,69.7,10.2,529.0,83.3,38.3,0,正常
Day03-18:40,3,18,40,20.7,69.8,9.3,698.0,95.1,38.1,0,正常
Day03-18:41,3,18,41,20.1,69.7,8.9,533.0,90.9,38.5,0,正常
Day03-18:42,3,18,42,20.7,66.9,8.1,552.0,99.8,38.7,0,正常
Day03-18:43,3,18,43,20.8,67.3,10.0,667.0,90.6,38.2,0,正常
Day03-18:44,3,18,44,20.4,68.5,11.8,631.0,83.1,38.3,0,正常
Day03-18:45,3,18,45,20.8,68.1,8.6,583.0,83.5,38.7,0,正常
Day03-18:46,3,18,46,20.4,68.5,8.9,626.0,85.1,38.6,0,正常
Day03-18:47,3,18,47,20.0,68.3,7.6,642.0,80.2,38.3,0,正常
Day03-18:48,3,18,48,20.3,68.2,12.4,557.0,91.5,37.9,0,正常
Day03-18:49,3,18,49,20.2,67.8,9.3,553.0,85.2,38.6,0,正常
Day03-18:50,3,18,50,20.8,68.5,10.4,513.0,93.8,38.3,0,正常
Day03-18:51,3,18,51,20.1,67.8,7.1,607.0,78.2,38.8,0,正常
Day03-18:52,3,18,52,20.1,66.9,8.0,576.0,98.6,38.4,0,正常
Day03-18:53,3,18,53,20.2,67.9,10.0,629.0,88.3,38.2,0,正常
Day03-18:54,3,18,54,20.3,68.9,11.0,495.0,91.0,38.9,0,正常
Day03-18:55,3,18,55,20.0,68.0,8.6,642.0,93.4,38.3,0,正常
Day03-18:56,3,18,56,20.3,70.6,11.0,532.0,81.0,38.2,0,正常
Day03-18:57,3,18,57,20.5,68.1,11.8,593.0,90.1,38.4,0,正常
Day03-18:58,3,18,58,20.2,70.3,7.3,605.0,90.8,38.9,0,正常
Day03-18:59,3,18,59,20.6,70.2,7.5,663.0,87.1,38.2,0,正常
Day03-19:00,3,19,0,20.3,71.7,8.6,522.0,15.0,38.8,0,正常
Day03-19:01,3,19,1,19.3,70.5,8.6,405.0,8.7,38.3,0,正常
Day03-19:02,3,19,2,19.8,70.3,9.2,533.0,8.7,39.1,0,正常
Day03-19:03,3,19,3,19.9,69.7,10.1,479.0,11.8,38.8,0,正常
Day03-19:04,3,19,4,19.5,72.9,8.0,509.0,14.8,38.1,0,正常
Day03-19:05,3,19,5,19.8,70.9,10.7,489.0,17.0,38.5,0,正常
Day03-19:06,3,19,6,19.8,70.3,9.4,604.0,19.3,38.2,0,正常
Day03-19:07,3,19,7,20.3,71.5,8.1,467.0,14.7,38.8,0,正常
Day03-19:08,3,19,8,20.3,70.2,5.9,485.0,23.1,38.4,0,正常
Day03-19:09,3,19,9,20.1,70.7,10.2,519.0,14.1,38.2,0,正常
Day03-19:10,3,19,10,19.7,71.3,7.9,509.0,18.3,38.5,0,正常
Day03-19:11,3,19,11,19.8,69.6,9.7,501.0,12.5,38.8,0,正常
Day03-19:12,3,19,12,19.9,72.5,9.8,540.0,11.8,39.4,0,正常
Day03-19:13,3,19,13,20.3,71.2,8.6,516.0,17.3,38.3,0,正常
Day03-19:14,3,19,14,19.8,70.6,10.2,445.0,24.1,38.2,0,正常
Day03-19:15,3,19,15,20.2,73.6,8.0,589.0,16.1,38.6,0,正常
Day03-19:16,3,19,16,20.4,70.3,10.0,481.0,11.2,38.8,0,正常
Day03-19:17,3,19,17,20.2,70.9,11.5,528.0,11.2,38.6,0,正常
Day03-19:18,3,19,18,19.6,71.7,8.0,518.0,19.6,38.8,0,正常
Day03-19:19,3,19,19,20.0,70.8,8.3,515.0,13.1,39.0,0,正常
Day03-19:20,3,19,20,20.7,71.6,6.8,544.0,0,38.6,0,正常
Day03-19:21,3,19,21,20.4,71.2,8.6,572.0,19.6,38.3,0,正常
Day03-19:22,3,19,22,19.4,69.3,7.2,449.0,19.4,38.9,0,正常
Day03-19:23,3,19,23,19.7,70.7,8.7,517.0,15.7,38.6,0,正常
Day03-19:24,3,19,24,19.7,70.9,6.0,508.0,9.4,38.7,0,正常
Day03-19:25,3,19,25,19.6,69.7,9.5,579.0,9.3,38.8,0,正常
Day03-19:26,3,19,26,19.6,70.8,7.5,491.0,8.7,38.4,0,正常
Day03-19:27,3,19,27,19.6,72.4,9.2,398.0,20.1,38.3,0,正常
Day03-19:28,3,19,28,20.2,71.5,7.2,486.0,14.4,38.4,0,正常
Day03-19:29,3,19,29,19.8,70.9,10.0,517.0,17.2,38.9,0,正常
Day03-19:30,3,19,30,19.7,70.4,11.9,546.0,14.1,38.2,0,正常
Day03-19:31,3,19,31,20.1,70.9,8.7,483.0,26.6,38.4,0,正常
Day03-19:32,3,19,32,19.9,70.9,8.9,412.0,21.5,38.4,0,正常
Day03-19:33,3,19,33,20.2,69.7,6.3,542.0,11.1,37.9,0,正常
Day03-19:34,3,19,34,20.2,68.8,8.4,511.0,17.3,38.7,0,正常
Day03-19:35,3,19,35,20.2,69.5,6.7,435.0,25.1,38.4,0,正常
Day03-19:36,3,19,36,19.7,72.2,9.8,445.0,12.3,38.6,0,正常
Day03-19:37,3,19,37,20.4,71.8,8.2,511.0,16.0,38.3,0,正常
Day03-19:38,3,19,38,19.8,71.1,7.3,503.0,22.7,37.9,0,正常
Day03-19:39,3,19,39,20.5,70.7,8.9,562.0,17.1,38.8,0,正常
Day03-19:40,3,19,40,19.7,69.0,10.0,477.0,3.1,38.8,0,正常
Day03-19:41,3,19,41,19.7,71.3,7.3,511.0,17.4,38.6,0,正常
Day03-19:42,3,19,42,19.8,71.5,9.3,476.0,10.0,38.3,0,正常
Day03-19:43,3,19,43,19.9,70.6,7.1,483.0,13.7,38.3,0,正常
Day03-19:44,3,19,44,20.0,70.0,7.2,532.0,19.1,38.7,0,正常
Day03-19:45,3,19,45,20.2,69.5,9.3,449.0,15.6,38.6,0,正常
Day03-19:46,3,19,46,19.4,69.9,7.1,462.0,21.0,38.4,0,正常
Day03-19:47,3,19,47,20.2,70.1,7.4,579.0,12.4,38.3,0,正常
Day03-19:48,3,19,48,20.3,72.1,9.0,445.0,23.7,38.4,0,正常
Day03-19:49,3,19,49,19.3,71.0,9.2,546.0,14.4,38.1,0,正常
Day03-19:50,3,19,50,19.8,72.8,11.5,533.0,20.0,39.0,0,正常
Day03-19:51,3,19,51,20.1,69.3,10.2,508.0,19.3,37.9,0,正常
Day03-19:52,3,19,52,19.5,70.7,8.6,478.0,17.9,38.2,0,正常
Day03-19:53,3,19,53,19.8,71.4,6.3,466.0,14.2,38.1,0,正常
Day03-19:54,3,19,54,19.9,69.5,10.2,532.0,10.3,38.7,0,正常
Day03-19:55,3,19,55,19.9,69.9,9.3,475.0,18.5,38.7,0,正常
Day03-19:56,3,19,56,19.6,69.6,11.5,597.0,15.9,38.5,0,正常
Day03-19:57,3,19,57,19.5,70.2,6.3,640.0,13.6,38.1,0,正常
Day03-19:58,3,19,58,20.7,70.0,7.4,474.0,19.5,38.8,0,正常
Day03-19:59,3,19,59,20.0,71.2,8.8,509.0,14.9,38.8,0,正常
Day03-20:00,3,20,0,19.2,72.4,10.6,452.0,6.9,38.3,0,正常
Day03-20:01,3,20,1,19.5,72.1,9.7,369.0,15.8,38.5,0,正常
Day03-20:02,3,20,2,19.3,69.3,6.6,455.0,5.0,38.1,0,正常
Day03-20:03,3,20,3,19.5,71.6,8.1,386.0,21.5,38.1,0,正常
Day03-20:04,3,20,4,19.7,72.0,9.2,376.0,13.3,38.1,0,正常
Day03-20:05,3,20,5,19.9,71.1,10.3,464.0,17.0,38.4,0,正常
Day03-20:06,3,20,6,19.4,71.0,8.0,476.0,5.5,38.9,0,正常
Day03-20:07,3,20,7,19.8,71.4,7.4,383.0,13.8,38.9,0,正常
Day03-20:08,3,20,8,19.1,70.3,7.2,363.0,8.2,38.3,0,正常
Day03-20:09,3,20,9,19.2,71.4,9.9,361.0,23.6,38.0,0,正常
Day03-20:10,3,20,10,19.3,70.9,8.4,370.0,18.7,38.6,0,正常
Day03-20:11,3,20,11,19.4,70.9,9.3,372.0,18.1,38.6,0,正常
Day03-20:12,3,20,12,19.5,71.0,7.8,465.0,16.1,38.8,0,正常
Day03-20:13,3,20,13,19.9,73.0,8.7,374.0,7.0,38.2,0,正常
Day03-20:14,3,20,14,18.8,72.0,9.6,378.0,18.6,38.3,0,正常
Day03-20:15,3,20,15,19.3,72.4,7.2,414.0,29.6,38.1,0,正常
Day03-20:16,3,20,16,19.7,71.9,8.8,386.0,15.0,38.8,0,正常
Day03-20:17,3,20,17,18.9,71.8,7.4,411.0,10.6,38.4,0,正常
Day03-20:18,3,20,18,19.7,72.3,8.9,403.0,13.7,38.1,0,正常
Day03-20:19,3,20,19,19.4,71.1,8.5,427.0,19.7,38.8,0,正常
Day03-20:20,3,20,20,19.6,70.4,6.4,503.0,12.7,38.1,0,正常
Day03-20:21,3,20,21,18.8,73.9,6.6,414.0,11.4,38.2,0,正常
Day03-20:22,3,20,22,19.4,70.5,9.4,330.0,20.7,38.5,0,正常
Day03-20:23,3,20,23,19.5,72.9,6.8,468.0,12.4,38.2,0,正常
Day03-20:24,3,20,24,19.6,72.8,9.0,319.0,7.3,37.8,0,正常
Day03-20:25,3,20,25,19.4,73.1,7.5,372.0,20.6,38.6,0,正常
Day03-20:26,3,20,26,19.1,71.5,7.7,404.0,7.4,38.3,0,正常
Day03-20:27,3,20,27,19.2,71.2,11.4,357.0,5.5,37.8,0,正常
Day03-20:28,3,20,28,19.7,71.0,10.1,425.0,18.7,38.3,0,正常
Day03-20:29,3,20,29,19.4,71.1,7.9,434.0,4.2,38.7,0,正常
Day03-20:30,3,20,30,19.5,72.1,10.3,435.0,11.9,38.2,0,正常
Day03-20:31,3,20,31,19.4,73.3,7.8,423.0,10.2,37.9,0,正常
Day03-20:32,3,20,32,19.1,72.7,8.2,446.0,14.6,38.1,0,正常
Day03-20:33,3,20,33,19.5,71.9,7.6,380.0,27.4,38.4,0,正常
Day03-20:34,3,20,34,19.7,71.7,11.6,359.0,10.1,38.4,0,正常
Day03-20:35,3,20,35,19.2,72.3,8.9,397.0,15.3,38.2,0,正常
Day03-20:36,3,20,36,19.1,73.1,7.4,382.0,21.7,38.1,0,正常
Day03-20:37,3,20,37,20.0,73.6,8.1,391.0,21.2,38.4,0,正常
Day03-20:38,3,20,38,19.5,72.9,7.5,411.0,8.0,38.3,0,正常
Day03-20:39,3,20,39,19.0,71.5,10.0,502.0,12.6,38.8,0,正常
Day03-20:40,3,20,40,19.5,71.6,7.0,520.0,11.4,38.5,0,正常
Day03-20:41,3,20,41,19.4,74.1,4.6,373.0,10.1,38.7,0,正常
Day03-20:42,3,20,42,19.1,70.9,6.7,385.0,4.8,38.1,0,正常
Day03-20:43,3,20,43,19.7,71.4,8.2,404.0,20.3,38.4,0,正常
Day03-20:44,3,20,44,18.8,70.3,6.3,445.0,16.9,38.1,0,正常
Day03-20:45,3,20,45,19.1,70.7,8.4,293.0,10.0,38.4,0,正常
Day03-20:46,3,20,46,19.1,73.2,9.2,450.0,13.5,38.2,0,正常
Day03-20:47,3,20,47,19.5,72.3,5.0,353.0,14.9,38.7,0,正常
Day03-20:48,3,20,48,19.8,72.8,7.5,481.0,10.3,38.9,0,正常
Day03-20:49,3,20,49,19.3,71.6,8.1,508.0,7.9,38.8,0,正常
Day03-20:50,3,20,50,19.7,72.2,5.8,418.0,17.4,38.3,0,正常
Day03-20:51,3,20,51,19.6,71.1,9.4,452.0,21.3,38.3,0,正常
Day03-20:52,3,20,52,19.2,71.7,7.1,387.0,6.8,38.5,0,正常
Day03-20:53,3,20,53,19.3,71.1,6.8,389.0,21.2,38.8,0,正常
Day03-20:54,3,20,54,19.2,72.2,7.5,446.0,16.5,38.1,0,正常
Day03-20:55,3,20,55,19.3,71.1,8.8,408.0,11.1,38.2,0,正常
Day03-20:56,3,20,56,19.4,71.1,8.1,373.0,14.8,38.2,0,正常
Day03-20:57,3,20,57,19.5,71.4,7.8,431.0,17.1,38.6,0,正常
Day03-20:58,3,20,58,19.4,73.4,8.0,445.0,17.7,38.3,0,正常
Day03-20:59,3,20,59,19.8,70.8,6.2,424.0,11.2,39.1,0,正常
Day03-21:00,3,21,0,18.9,72.1,6.0,353.0,11.6,38.4,0,正常
Day03-21:01,3,21,1,19.1,72.5,6.5,289.0,15.3,37.6,0,正常
Day03-21:02,3,21,2,19.1,72.4,8.2,222.0,14.4,38.7,0,正常
Day03-21:03,3,21,3,19.1,71.9,6.4,269.0,14.3,38.9,0,正常
Day03-21:04,3,21,4,19.0,73.9,8.5,351.0,12.1,38.5,0,正常
Day03-21:05,3,21,5,19.0,73.7,6.1,396.0,12.2,38.1,0,正常
Day03-21:06,3,21,6,19.7,71.4,10.4,428.0,13.3,39.1,0,正常
Day03-21:07,3,21,7,19.5,73.0,7.5,320.0,23.1,38.3,0,正常
Day03-21:08,3,21,8,18.7,73.2,6.7,436.0,9.7,38.2,0,正常
Day03-21:09,3,21,9,19.2,70.5,6.1,267.0,16.7,38.5,0,正常
Day03-21:10,3,21,10,19.1,73.3,9.3,331.0,19.8,38.7,0,正常
Day03-21:11,3,21,11,19.5,72.1,5.7,354.0,15.8,38.4,0,正常
Day03-21:12,3,21,12,19.4,74.3,7.2,398.0,11.1,38.8,0,正常
Day03-21:13,3,21,13,19.0,71.3,8.7,260.0,7.6,38.1,0,正常
Day03-21:14,3,21,14,19.5,74.4,9.0,333.0,17.9,38.7,0,正常
Day03-21:15,3,21,15,18.8,72.1,9.8,365.0,18.9,38.6,0,正常
Day03-21:16,3,21,16,19.1,73.4,9.1,386.0,10.4,38.6,0,正常
Day03-21:17,3,21,17,19.1,73.5,5.9,277.0,6.6,38.6,0,正常
Day03-21:18,3,21,18,19.2,70.9,5.9,321.0,18.2,38.5,0,正常
Day03-21:19,3,21,19,18.9,72.5,7.7,313.0,13.3,38.4,0,正常
Day03-21:20,3,21,20,19.1,74.2,5.9,351.0,16.6,38.4,0,正常
Day03-21:21,3,21,21,19.8,73.5,9.2,377.0,28.7,38.8,0,正常
Day03-21:22,3,21,22,19.0,73.2,9.2,422.0,14.4,38.4,0,正常
Day03-21:23,3,21,23,19.5,70.5,7.6,275.0,21.4,38.4,0,正常
Day03-21:24,3,21,24,18.9,72.9,5.7,360.0,14.5,38.8,0,正常
Day03-21:25,3,21,25,19.4,71.8,7.3,232.0,13.6,39.0,0,正常
Day03-21:26,3,21,26,19.2,72.7,6.1,264.0,5.8,38.2,0,正常
Day03-21:27,3,21,27,19.0,71.2,6.3,359.0,16.9,38.2,0,正常
Day03-21:28,3,21,28,18.8,72.9,6.2,363.0,16.0,38.5,0,正常
Day03-21:29,3,21,29,19.1,72.3,6.9,259.0,14.4,38.4,0,正常
Day03-21:30,3,21,30,19.0,72.9,7.1,300.0,19.7,38.6,0,正常
Day03-21:31,3,21,31,18.8,72.3,6.8,264.0,15.2,39.0,0,正常
Day03-21:32,3,21,32,19.5,74.0,7.0,195.0,24.1,38.7,0,正常
Day03-21:33,3,21,33,19.3,72.8,9.9,332.0,12.1,38.8,0,正常
Day03-21:34,3,21,34,19.0,73.5,6.3,352.0,12.3,38.7,0,正常
Day03-21:35,3,21,35,19.2,73.4,8.3,260.0,23.8,38.6,0,正常
Day03-21:36,3,21,36,18.5,71.5,6.9,361.0,19.0,38.1,0,正常
Day03-21:37,3,21,37,19.0,74.6,5.7,309.0,22.8,38.1,0,正常
Day03-21:38,3,21,38,19.3,72.0,7.1,298.0,17.4,38.3,0,正常
Day03-21:39,3,21,39,18.8,70.1,5.8,351.0,15.7,38.2,0,正常
Day03-21:40,3,21,40,19.3,74.3,7.0,351.0,13.6,38.5,0,正常
Day03-21:41,3,21,41,19.1,72.9,11.0,351.0,10.6,38.3,0,正常
Day03-21:42,3,21,42,19.4,73.1,6.1,252.0,21.9,38.5,0,正常
Day03-21:43,3,21,43,19.0,73.0,8.6,286.0,12.8,38.2,0,正常
Day03-21:44,3,21,44,19.1,71.9,6.7,318.0,15.5,38.6,0,正常
Day03-21:45,3,21,45,19.2,72.6,9.6,383.0,9.1,38.3,0,正常
Day03-21:46,3,21,46,19.6,71.2,7.1,327.0,4.8,38.4,0,正常
Day03-21:47,3,21,47,18.8,72.7,5.7,276.0,12.7,37.7,0,正常
Day03-21:48,3,21,48,19.2,72.8,9.5,353.0,14.5,39.3,0,正常
Day03-21:49,3,21,49,19.5,72.7,4.1,304.0,21.7,38.6,0,正常
Day03-21:50,3,21,50,19.5,72.3,8.4,356.0,14.6,38.4,0,正常
Day03-21:51,3,21,51,19.0,71.3,9.1,321.0,19.4,39.1,0,正常
Day03-21:52,3,21,52,18.9,72.4,10.5,319.0,14.4,38.2,0,正常
Day03-21:53,3,21,53,19.4,74.0,7.2,293.0,14.9,38.3,0,正常
Day03-21:54,3,21,54,19.3,71.9,7.5,277.0,10.3,38.5,0,正常
Day03-21:55,3,21,55,19.2,71.5,8.3,257.0,16.4,38.4,0,正常
Day03-21:56,3,21,56,19.1,71.6,6.2,375.0,9.7,38.3,0,正常
Day03-21:57,3,21,57,18.8,71.7,8.6,361.0,10.3,38.5,0,正常
Day03-21:58,3,21,58,19.1,70.8,6.0,318.0,8.7,38.4,0,正常
Day03-21:59,3,21,59,19.0,72.0,7.9,254.0,10.3,37.9,0,正常
Day03-22:00,3,22,0,19.3,73.1,8.7,263.0,12.2,38.7,0,正常
Day03-22:01,3,22,1,19.0,72.9,4.2,285.0,9.9,38.1,0,正常
Day03-22:02,3,22,2,18.9,71.7,5.1,318.0,15.0,38.3,0,正常
Day03-22:03,3,22,3,19.1,73.7,5.6,302.0,15.1,38.1,0,正常
Day03-22:04,3,22,4,18.6,71.8,7.1,231.0,16.1,38.3,0,正常
Day03-22:05,3,22,5,19.0,72.8,4.5,196.0,6.4,38.4,0,正常
Day03-22:06,3,22,6,19.0,75.2,6.3,162.0,16.9,38.0,0,正常
Day03-22:07,3,22,7,19.0,72.4,5.1,317.0,8.4,38.8,0,正常
Day03-22:08,3,22,8,18.7,72.4,3.6,260.0,14.4,38.4,0,正常
Day03-22:09,3,22,9,19.3,72.9,6.8,273.0,12.5,38.3,0,正常
Day03-22:10,3,22,10,19.0,73.1,7.4,263.0,13.8,38.3,0,正常
Day03-22:11,3,22,11,19.3,74.0,5.3,242.0,25.0,38.7,0,正常
Day03-22:12,3,22,12,19.1,72.4,7.5,246.0,14.1,38.9,0,正常
Day03-22:13,3,22,13,18.7,74.5,6.8,191.0,19.3,38.0,0,正常
Day03-22:14,3,22,14,18.3,73.0,7.1,285.0,15.6,39.0,0,正常
Day03-22:15,3,22,15,18.8,73.4,4.4,284.0,16.8,38.7,0,正常
Day03-22:16,3,22,16,19.1,73.2,5.9,261.0,25.1,38.9,0,正常
Day03-22:17,3,22,17,19.6,72.4,5.0,182.0,11.3,38.0,0,正常
Day03-22:18,3,22,18,18.9,72.5,5.5,322.0,5.8,38.4,0,正常
Day03-22:19,3,22,19,19.4,71.7,6.5,321.0,12.4,38.4,0,正常
Day03-22:20,3,22,20,19.0,71.6,9.4,275.0,11.1,38.1,0,正常
Day03-22:21,3,22,21,19.5,73.6,6.9,348.0,18.1,37.9,0,正常
Day03-22:22,3,22,22,19.0,72.5,7.4,265.0,15.3,38.5,0,正常
Day03-22:23,3,22,23,18.9,74.4,8.6,257.0,18.3,38.6,0,正常
Day03-22:24,3,22,24,19.1,73.8,5.6,276.0,21.9,38.7,0,正常
Day03-22:25,3,22,25,18.8,73.8,2.7,311.0,13.3,38.3,0,正常
Day03-22:26,3,22,26,19.1,71.9,7.5,253.0,13.0,38.1,0,正常
Day03-22:27,3,22,27,19.2,74.6,7.8,269.0,13.7,38.5,0,正常
Day03-22:28,3,22,28,18.5,73.1,3.9,253.0,12.3,38.2,0,正常
Day03-22:29,3,22,29,19.1,71.7,4.9,276.0,16.5,38.8,0,正常
Day03-22:30,3,22,30,19.1,72.8,4.0,289.0,17.5,38.2,0,正常
Day03-22:31,3,22,31,19.0,72.2,7.6,279.0,21.6,38.4,0,正常
Day03-22:32,3,22,32,18.8,74.6,6.4,302.0,8.3,38.8,0,正常
Day03-22:33,3,22,33,19.2,72.9,3.5,280.0,15.5,38.7,0,正常
Day03-22:34,3,22,34,19.1,73.3,7.5,298.0,9.6,38.0,0,正常
Day03-22:35,3,22,35,19.0,73.9,8.6,357.0,11.9,38.4,0,正常
Day03-22:36,3,22,36,18.9,73.1,4.7,309.0,20.3,38.9,0,正常
Day03-22:37,3,22,37,18.3,74.7,4.2,145.0,21.3,38.5,0,正常
Day03-22:38,3,22,38,19.1,72.8,6.9,265.0,19.1,38.6,0,正常
Day03-22:39,3,22,39,19.0,73.1,7.5,399.0,17.6,38.2,0,正常
Day03-22:40,3,22,40,18.9,74.6,6.2,258.0,12.6,38.2,0,正常
Day03-22:41,3,22,41,19.9,70.6,2.6,201.0,12.7,38.6,0,正常
Day03-22:42,3,22,42,18.7,72.4,5.4,237.0,14.8,38.5,0,正常
Day03-22:43,3,22,43,18.9,75.2,6.2,296.0,16.7,38.9,0,正常
Day03-22:44,3,22,44,18.9,73.0,5.5,271.0,10.0,38.3,0,正常
Day03-22:45,3,22,45,18.9,70.7,5.2,284.0,10.4,38.0,0,正常
Day03-22:46,3,22,46,19.1,74.3,7.3,179.0,13.7,38.5,0,正常
Day03-22:47,3,22,47,19.0,75.1,6.7,246.0,19.0,38.4,0,正常
Day03-22:48,3,22,48,19.3,72.7,7.9,249.0,18.6,38.9,0,正常
Day03-22:49,3,22,49,19.3,73.5,5.9,224.0,19.4,38.9,0,正常
Day03-22:50,3,22,50,18.9,73.1,3.4,166.0,12.5,38.8,0,正常
Day03-22:51,3,22,51,18.8,73.5,7.6,292.0,8.1,38.4,0,正常
Day03-22:52,3,22,52,19.6,71.4,6.1,211.0,12.1,38.4,0,正常
Day03-22:53,3,22,53,19.5,71.2,4.4,240.0,16.1,38.9,0,正常
Day03-22:54,3,22,54,19.7,71.0,7.2,280.0,18.8,38.4,0,正常
Day03-22:55,3,22,55,18.7,74.1,4.8,263.0,14.3,38.3,0,正常
Day03-22:56,3,22,56,19.1,72.6,4.7,289.0,18.8,38.4,0,正常
Day03-22:57,3,22,57,19.7,73.2,8.8,267.0,11.5,38.6,0,正常
Day03-22:58,3,22,58,19.0,73.1,6.4,305.0,17.1,38.0,0,正常
Day03-22:59,3,22,59,19.1,72.5,2.5,227.0,9.1,38.5,0,正常
Day03-23:00,3,23,0,18.9,72.3,6.2,312.0,15.0,38.3,0,正常
Day03-23:01,3,23,1,19.7,72.5,7.0,214.0,16.9,38.3,0,正常
Day03-23:02,3,23,2,19.4,70.9,7.9,312.0,16.9,38.4,0,正常
Day03-23:03,3,23,3,19.3,71.2,8.5,90.0,17.5,38.6,0,正常
Day03-23:04,3,23,4,19.1,71.9,5.7,240.0,15.0,37.9,0,正常
Day03-23:05,3,23,5,19.2,73.7,5.1,269.0,11.2,38.0,0,正常
Day03-23:06,3,23,6,18.9,73.6,5.3,230.0,25.1,37.8,0,正常
Day03-23:07,3,23,7,18.6,72.4,5.5,225.0,9.9,38.1,0,正常
Day03-23:08,3,23,8,18.9,71.4,5.6,194.0,19.1,38.3,0,正常
Day03-23:09,3,23,9,19.0,72.1,4.3,275.0,14.5,38.0,0,正常
Day03-23:10,3,23,10,18.9,72.6,4.9,218.0,20.9,38.0,0,正常
Day03-23:11,3,23,11,19.2,72.2,7.1,147.0,0,38.4,0,正常
Day03-23:12,3,23,12,19.1,71.1,3.0,101.0,12.5,38.5,0,正常
Day03-23:13,3,23,13,19.3,74.0,5.5,188.0,11.4,38.2,0,正常
Day03-23:14,3,23,14,19.3,72.3,7.2,262.0,10.7,38.6,0,正常
Day03-23:15,3,23,15,18.8,73.4,5.2,209.0,15.3,38.6,0,正常
Day03-23:16,3,23,16,18.9,74.4,6.5,233.0,11.8,38.5,0,正常
Day03-23:17,3,23,17,18.9,72.1,5.9,230.0,6.3,38.5,0,正常
Day03-23:18,3,23,18,19.3,71.3,5.8,283.0,13.3,38.6,0,正常
Day03-23:19,3,23,19,19.0,73.7,4.2,258.0,15.9,38.3,0,正常
Day03-23:20,3,23,20,19.3,70.4,8.2,219.0,12.0,38.4,0,正常
Day03-23:21,3,23,21,19.2,72.1,6.0,184.0,12.1,38.2,0,正常
Day03-23:22,3,23,22,19.1,72.0,5.9,140.0,14.1,38.6,0,正常
Day03-23:23,3,23,23,19.0,73.6,6.6,326.0,16.4,38.7,0,正常
Day03-23:24,3,23,24,19.4,73.8,5.9,202.0,16.4,38.4,0,正常
Day03-23:25,3,23,25,19.4,71.6,5.2,284.0,12.6,38.6,0,正常
Day03-23:26,3,23,26,19.2,72.2,7.4,196.0,7.9,38.9,0,正常
Day03-23:27,3,23,27,19.4,72.6,8.3,269.0,13.0,38.2,0,正常
Day03-23:28,3,23,28,18.7,72.6,7.1,212.0,13.6,38.3,0,正常
Day03-23:29,3,23,29,19.0,72.6,5.1,180.0,15.4,38.2,0,正常
Day03-23:30,3,23,30,19.2,72.7,4.1,221.0,9.6,38.5,0,正常
Day03-23:31,3,23,31,19.5,73.9,6.5,186.0,10.6,38.4,0,正常
Day03-23:32,3,23,32,18.9,71.5,7.4,330.0,18.3,38.4,0,正常
Day03-23:33,3,23,33,19.0,72.0,8.4,229.0,14.2,38.1,0,正常
Day03-23:34,3,23,34,19.2,71.6,5.2,275.0,14.0,38.3,0,正常
Day03-23:35,3,23,35,19.2,70.3,3.8,241.0,23.5,39.2,0,正常
Day03-23:36,3,23,36,19.6,74.0,5.4,163.0,19.5,37.8,0,正常
Day03-23:37,3,23,37,19.0,72.2,6.3,183.0,9.1,37.8,0,正常
Day03-23:38,3,23,38,19.4,72.5,5.8,222.0,18.8,38.8,0,正常
Day03-23:39,3,23,39,19.1,73.8,6.5,306.0,19.1,38.8,0,正常
Day03-23:40,3,23,40,19.1,72.8,5.6,230.0,16.6,38.5,0,正常
Day03-23:41,3,23,41,19.1,71.4,4.5,176.0,21.3,38.0,0,正常
Day03-23:42,3,23,42,19.3,73.4,7.4,269.0,16.9,38.4,0,正常
Day03-23:43,3,23,43,18.7,72.4,3.6,179.0,16.2,38.6,0,正常
Day03-23:44,3,23,44,18.9,72.3,7.7,204.0,20.5,38.7,0,正常
Day03-23:45,3,23,45,18.8,72.3,4.9,259.0,20.0,38.8,0,正常
Day03-23:46,3,23,46,19.0,73.7,6.2,214.0,4.6,38.7,0,正常
Day03-23:47,3,23,47,19.3,73.1,4.9,252.0,13.1,38.4,0,正常
Day03-23:48,3,23,48,19.0,73.8,2.7,245.0,9.6,38.6,0,正常
Day03-23:49,3,23,49,19.0,71.1,7.9,220.0,13.8,38.7,0,正常
Day03-23:50,3,23,50,18.7,70.9,7.3,231.0,10.1,38.6,0,正常
Day03-23:51,3,23,51,19.2,70.7,7.1,213.0,18.1,38.8,0,正常
Day03-23:52,3,23,52,19.8,72.6,3.6,316.0,9.4,38.8,0,正常
Day03-23:53,3,23,53,19.0,72.5,3.9,311.0,10.6,38.9,0,正常
Day03-23:54,3,23,54,19.5,71.1,6.6,291.0,20.1,38.5,0,正常
Day03-23:55,3,23,55,19.2,72.7,4.5,213.0,12.7,38.9,0,正常
Day03-23:56,3,23,56,19.0,74.0,4.8,252.0,16.1,38.6,0,正常
Day03-23:57,3,23,57,19.2,73.7,7.5,327.0,6.7,38.2,0,正常
Day03-23:58,3,23,58,19.1,72.7,6.6,230.0,14.9,38.6,0,正常
Day03-23:59,3,23,59,19.2,72.2,5.8,259.0,23.7,38.7,0,正常
Day04-00:00,4,0,0,19.0,71.6,2.0,323.0,15.8,38.1,0,正常
Day04-00:01,4,0,1,19.4,72.9,6.2,172.0,27.4,38.8,0,正常
Day04-00:02,4,0,2,19.3,70.8,3.9,163.0,18.7,37.7,0,正常
Day04-00:03,4,0,3,19.3,71.6,7.0,243.0,14.5,38.4,0,正常
Day04-00:04,4,0,4,19.5,72.2,3.9,148.0,17.2,38.5,0,正常
Day04-00:05,4,0,5,19.8,72.8,5.9,238.0,7.3,38.4,0,正常
Day04-00:06,4,0,6,19.9,71.7,7.1,154.0,16.7,38.4,0,正常
Day04-00:07,4,0,7,20.1,71.8,6.8,159.0,9.9,38.4,0,正常
Day04-00:08,4,0,8,18.9,72.1,7.1,135.0,7.7,38.6,0,正常
Day04-00:09,4,0,9,19.7,71.8,3.5,214.0,16.0,37.8,0,正常
Day04-00:10,4,0,10,19.4,72.8,4.9,173.0,16.1,38.0,0,正常
Day04-00:11,4,0,11,19.3,72.1,4.9,197.0,11.9,38.5,0,正常
Day04-00:12,4,0,12,19.3,70.6,3.3,221.0,16.5,38.1,0,正常
Day04-00:13,4,0,13,19.3,70.3,3.7,255.0,19.0,38.9,0,正常
Day04-00:14,4,0,14,19.9,70.3,4.7,189.0,14.0,39.0,0,正常
Day04-00:15,4,0,15,19.4,70.2,5.6,215.0,8.8,38.1,0,正常
Day04-00:16,4,0,16,19.2,70.5,3.3,269.0,5.5,38.6,0,正常
Day04-00:17,4,0,17,19.8,72.5,7.2,163.0,12.6,38.4,0,正常
Day04-00:18,4,0,18,19.8,71.7,7.4,233.0,12.2,38.5,0,正常
Day04-00:19,4,0,19,19.2,70.8,4.5,109.0,16.3,38.8,0,正常
Day04-00:20,4,0,20,19.8,72.8,4.9,186.0,12.7,38.6,0,正常
Day04-00:21,4,0,21,19.5,70.0,4.3,199.0,14.9,38.5,0,正常
Day04-00:22,4,0,22,19.1,72.6,6.5,135.0,21.5,38.3,0,正常
Day04-00:23,4,0,23,20.0,71.7,7.7,271.0,15.0,38.2,0,正常
Day04-00:24,4,0,24,19.8,71.7,5.6,193.0,12.3,38.4,0,正常
Day04-00:25,4,0,25,20.1,72.7,3.8,220.0,15.6,38.1,0,正常
Day04-00:26,4,0,26,20.2,71.4,2.6,251.0,14.0,38.4,0,正常
Day04-00:27,4,0,27,19.3,72.0,4.8,133.0,9.4,38.1,0,正常
Day04-00:28,4,0,28,18.8,72.5,7.1,181.0,15.9,38.7,0,正常
Day04-00:29,4,0,29,19.7,70.4,6.3,185.0,19.3,38.2,0,正常
Day04-00:30,4,0,30,19.3,72.0,3.7,286.0,17.3,38.9,0,正常
Day04-00:31,4,0,31,19.3,71.6,6.0,116.0,17.4,38.4,0,正常
Day04-00:32,4,0,32,19.0,71.8,5.2,149.0,19.6,38.8,0,正常
Day04-00:33,4,0,33,19.3,73.0,6.2,225.0,16.6,38.9,0,正常
Day04-00:34,4,0,34,19.4,73.2,5.0,254.0,8.8,38.5,0,正常
Day04-00:35,4,0,35,19.8,73.0,3.6,251.0,23.2,38.5,0,正常
Day04-00:36,4,0,36,19.3,71.2,4.0,162.0,22.6,38.7,0,正常
Day04-00:37,4,0,37,19.3,71.4,4.1,195.0,11.6,38.3,0,正常
Day04-00:38,4,0,38,19.3,72.0,5.1,231.0,12.3,38.5,0,正常
Day04-00:39,4,0,39,18.9,71.4,4.6,183.0,16.9,38.5,0,正常
Day04-00:40,4,0,40,19.5,71.0,5.6,215.0,14.9,38.4,0,正常
Day04-00:41,4,0,41,19.6,72.0,3.7,265.0,10.1,38.5,0,正常
Day04-00:42,4,0,42,19.7,71.9,4.2,256.0,7.4,38.6,0,正常
Day04-00:43,4,0,43,19.6,70.7,4.2,155.0,20.4,38.9,0,正常
Day04-00:44,4,0,44,19.1,72.4,5.0,119.0,22.4,38.6,0,正常
Day04-00:45,4,0,45,19.2,71.5,3.1,120.0,12.6,38.1,0,正常
Day04-00:46,4,0,46,19.7,71.4,3.7,117.0,2.0,38.2,0,正常
Day04-00:47,4,0,47,19.6,72.7,7.3,238.0,13.2,38.6,0,正常
Day04-00:48,4,0,48,19.0,71.1,5.4,167.0,18.4,38.2,0,正常
Day04-00:49,4,0,49,19.5,71.0,2.2,48.0,16.9,38.4,0,正常
Day04-00:50,4,0,50,19.3,73.4,6.1,301.0,13.5,38.4,0,正常
Day04-00:51,4,0,51,19.6,71.1,2.7,185.0,8.9,39.1,0,正常
Day04-00:52,4,0,52,19.3,72.4,4.3,140.0,14.5,38.7,0,正常
Day04-00:53,4,0,53,19.7,69.6,4.6,166.0,20.7,38.4,0,正常
Day04-00:54,4,0,54,19.5,70.8,6.6,164.0,23.1,39.2,0,正常
Day04-00:55,4,0,55,19.4,73.9,5.1,203.0,15.4,38.9,0,正常
Day04-00:56,4,0,56,19.5,74.1,6.7,254.0,17.3,38.7,0,正常
Day04-00:57,4,0,57,19.7,71.9,4.6,221.0,15.2,38.3,0,正常
Day04-00:58,4,0,58,19.5,72.6,6.3,138.0,16.4,38.6,0,正常
Day04-00:59,4,0,59,19.6,73.0,2.6,129.0,6.9,38.5,0,正常
Day04-01:00,4,1,0,20.1,70.5,4.9,203.0,9.8,38.4,0,正常
Day04-01:01,4,1,1,19.9,72.3,6.4,164.0,9.3,38.5,0,正常
Day04-01:02,4,1,2,20.1,69.3,2.4,265.0,15.4,38.9,0,正常
Day04-01:03,4,1,3,20.0,71.7,6.0,101.0,18.5,38.6,0,正常
Day04-01:04,4,1,4,19.7,70.5,6.3,222.0,21.4,38.5,0,正常
Day04-01:05,4,1,5,20.0,71.3,5.0,211.0,13.6,38.4,0,正常
Day04-01:06,4,1,6,19.8,70.4,2.9,191.0,11.3,38.6,0,正常
Day04-01:07,4,1,7,20.3,72.9,6.6,139.0,8.7,38.0,0,正常
Day04-01:08,4,1,8,20.2,70.4,7.7,203.0,19.1,38.2,0,正常
Day04-01:09,4,1,9,19.5,71.7,5.5,182.0,10.9,38.2,0,正常
Day04-01:10,4,1,10,20.0,71.4,4.4,206.0,21.2,38.2,0,正常
Day04-01:11,4,1,11,20.6,70.8,5.6,208.0,15.7,38.7,0,正常
Day04-01:12,4,1,12,20.6,70.2,5.4,214.0,13.4,38.6,0,正常
Day04-01:13,4,1,13,19.4,71.9,4.6,189.0,15.9,38.3,0,正常
Day04-01:14,4,1,14,20.1,70.0,7.0,232.0,12.7,38.6,0,正常
Day04-01:15,4,1,15,19.5,69.7,3.9,145.0,13.9,38.5,0,正常
Day04-01:16,4,1,16,19.7,70.5,6.0,86.0,18.5,39.0,0,正常
Day04-01:17,4,1,17,19.7,71.7,3.5,189.0,15.8,38.7,0,正常
Day04-01:18,4,1,18,20.1,70.7,5.3,289.0,6.2,38.1,0,正常
Day04-01:19,4,1,19,19.6,72.4,6.7,146.0,11.9,38.3,0,正常
Day04-01:20,4,1,20,20.2,71.2,5.5,153.0,11.5,38.8,0,正常
Day04-01:21,4,1,21,20.0,72.8,4.6,173.0,10.8,38.5,0,正常
Day04-01:22,4,1,22,20.1,70.6,6.0,226.0,14.6,39.1,0,正常
Day04-01:23,4,1,23,20.0,69.9,5.1,110.0,20.3,38.3,0,正常
Day04-01:24,4,1,24,20.0,70.0,5.8,248.0,10.7,38.6,0,正常
Day04-01:25,4,1,25,19.4,70.7,5.5,138.0,14.0,38.5,0,正常
Day04-01:26,4,1,26,20.0,71.1,4.6,153.0,32.4,38.0,0,正常
Day04-01:27,4,1,27,19.6,70.4,4.4,214.0,14.6,38.4,0,正常
Day04-01:28,4,1,28,20.0,70.3,7.1,277.0,21.1,38.4,0,正常
Day04-01:29,4,1,29,19.6,72.3,5.1,204.0,17.4,39.1,0,正常
Day04-01:30,4,1,30,19.8,69.8,1.9,111.0,16.6,37.6,0,正常
Day04-01:31,4,1,31,19.5,69.3,3.5,89.0,10.8,38.5,0,正常
Day04-01:32,4,1,32,20.0,71.4,4.5,217.0,6.7,39.0,0,正常
Day04-01:33,4,1,33,19.8,69.1,5.1,221.0,14.7,38.4,0,正常
Day04-01:34,4,1,34,19.7,70.0,6.2,247.0,22.6,38.5,0,正常
Day04-01:35,4,1,35,19.6,69.0,5.1,136.0,20.7,38.5,0,正常
Day04-01:36,4,1,36,19.8,70.4,6.8,207.0,11.2,38.5,0,正常
Day04-01:37,4,1,37,19.9,72.1,4.8,280.0,24.4,39.0,0,正常
Day04-01:38,4,1,38,19.4,70.8,5.8,242.0,11.0,38.3,0,正常
Day04-01:39,4,1,39,20.0,70.9,5.2,152.0,18.8,38.6,0,正常
Day04-01:40,4,1,40,19.7,68.7,4.5,80.0,11.1,38.5,0,正常
Day04-01:41,4,1,41,19.9,71.2,5.8,193.0,19.5,38.5,0,正常
Day04-01:42,4,1,42,20.5,69.8,6.3,223.0,8.8,38.2,0,正常
Day04-01:43,4,1,43,19.4,72.6,7.7,215.0,16.1,38.1,0,正常
Day04-01:44,4,1,44,19.5,70.9,4.7,249.0,6.0,38.3,0,正常
Day04-01:45,4,1,45,20.2,69.8,3.0,83.0,14.8,38.8,0,正常
Day04-01:46,4,1,46,19.8,69.9,5.2,217.0,18.4,38.6,0,正常
Day04-01:47,4,1,47,19.5,71.1,5.2,179.0,14.6,38.6,0,正常
Day04-01:48,4,1,48,19.7,69.2,2.4,137.0,13.9,38.3,0,正常
Day04-01:49,4,1,49,20.3,70.1,5.4,164.0,17.1,38.5,0,正常
Day04-01:50,4,1,50,20.3,71.5,3.2,211.0,11.8,38.5,0,正常
Day04-01:51,4,1,51,20.1,72.2,4.9,174.0,13.6,39.0,0,正常
Day04-01:52,4,1,52,20.2,68.6,6.0,338.0,14.7,38.6,0,正常
Day04-01:53,4,1,53,20.4,69.8,4.7,292.0,15.5,38.7,0,正常
Day04-01:54,4,1,54,19.5,71.7,3.3,334.0,3.0,38.7,0,正常
Day04-01:55,4,1,55,20.5,70.9,4.5,253.0,19.2,39.0,0,正常
Day04-01:56,4,1,56,19.4,73.6,5.6,178.0,10.5,38.8,0,正常
Day04-01:57,4,1,57,20.3,70.9,8.7,197.0,18.0,38.7,0,正常
Day04-01:58,4,1,58,19.4,70.7,6.4,161.0,19.2,38.6,0,正常
Day04-01:59,4,1,59,19.5,70.9,7.2,146.0,21.8,38.0,0,正常
Day04-02:00,4,2,0,19.8,68.2,4.0,188.0,24.6,38.4,0,正常
Day04-02:01,4,2,1,20.3,68.0,6.8,194.0,14.4,38.6,0,正常
Day04-02:02,4,2,2,20.5,69.7,3.7,239.0,20.9,38.6,0,正常
Day04-02:03,4,2,3,20.6,68.4,3.9,226.0,12.8,38.2,0,正常
Day04-02:04,4,2,4,20.7,68.8,6.6,289.0,10.6,38.5,0,正常
Day04-02:05,4,2,5,20.6,68.2,3.1,255.0,15.1,37.8,0,正常
Day04-02:06,4,2,6,20.4,68.7,4.8,229.0,16.9,38.8,0,正常
Day04-02:07,4,2,7,20.6,69.2,6.3,240.0,18.4,39.1,0,正常
Day04-02:08,4,2,8,20.2,67.8,6.3,279.0,13.3,38.3,0,正常
Day04-02:09,4,2,9,20.4,67.7,4.4,200.0,19.9,38.7,0,正常
Day04-02:10,4,2,10,21.0,68.2,6.2,322.0,19.3,38.4,0,正常
Day04-02:11,4,2,11,20.5,69.1,1.5,239.0,11.4,38.7,0,正常
Day04-02:12,4,2,12,20.2,68.0,6.0,264.0,12.9,38.6,0,正常
Day04-02:13,4,2,13,20.2,69.9,6.5,311.0,15.2,38.0,0,正常
Day04-02:14,4,2,14,20.5,69.5,5.2,218.0,11.4,38.1,0,正常
Day04-02:15,4,2,15,20.4,69.8,5.9,231.0,4.4,38.9,0,正常
Day04-02:16,4,2,16,19.7,69.8,4.1,291.0,21.3,38.6,0,正常
Day04-02:17,4,2,17,21.0,69.4,5.1,307.0,21.9,39.1,0,正常
Day04-02:18,4,2,18,20.6,68.9,5.1,225.0,8.5,38.7,0,正常
Day04-02:19,4,2,19,20.0,67.2,5.4,240.0,20.2,38.4,0,正常
Day04-02:20,4,2,20,20.9,67.8,3.3,211.0,17.4,38.8,0,正常
Day04-02:21,4,2,21,20.5,68.2,4.0,276.0,16.4,37.9,0,正常
Day04-02:22,4,2,22,20.5,69.2,4.0,243.0,13.9,38.3,0,正常
Day04-02:23,4,2,23,21.0,70.9,5.3,260.0,11.0,38.8,0,正常
Day04-02:24,4,2,24,20.7,68.1,6.1,266.0,19.5,38.3,0,正常
Day04-02:25,4,2,25,20.3,68.7,3.6,228.0,11.8,38.6,0,正常
Day04-02:26,4,2,26,20.3,67.9,5.2,297.0,18.1,38.9,0,正常
Day04-02:27,4,2,27,20.4,70.3,4.0,203.0,10.2,38.3,0,正常
Day04-02:28,4,2,28,20.6,69.5,2.2,276.0,13.5,38.8,0,正常
Day04-02:29,4,2,29,20.3,67.3,6.6,300.0,11.3,38.6,0,正常
Day04-02:30,4,2,30,20.8,68.1,2.6,392.0,13.7,38.4,0,正常
Day04-02:31,4,2,31,21.0,69.0,9.6,239.0,21.4,38.7,0,正常
Day04-02:32,4,2,32,20.7,68.5,5.8,279.0,16.3,38.3,0,正常
Day04-02:33,4,2,33,20.4,70.0,4.0,270.0,14.7,38.5,0,正常
Day04-02:34,4,2,34,20.5,69.1,3.3,178.0,20.0,38.5,0,正常
Day04-02:35,4,2,35,21.3,68.1,4.5,162.0,18.1,38.6,0,正常
Day04-02:36,4,2,36,20.8,71.9,6.3,240.0,20.1,38.4,0,正常
Day04-02:37,4,2,37,20.4,68.6,5.0,276.0,20.1,38.6,0,正常
Day04-02:38,4,2,38,20.5,69.7,4.1,273.0,26.6,38.2,0,正常
Day04-02:39,4,2,39,20.0,69.4,6.3,183.0,10.4,38.0,0,正常
Day04-02:40,4,2,40,20.6,68.2,4.9,248.0,10.8,38.3,0,正常
Day04-02:41,4,2,41,21.2,72.1,6.1,278.0,3.6,38.7,0,正常
Day04-02:42,4,2,42,20.6,68.0,6.0,289.0,16.7,38.5,0,正常
Day04-02:43,4,2,43,20.2,68.7,5.8,287.0,25.5,38.7,0,正常
Day04-02:44,4,2,44,20.1,68.0,3.7,221.0,12.8,38.6,0,正常
Day04-02:45,4,2,45,21.0,68.0,4.8,277.0,17.9,38.4,0,正常
Day04-02:46,4,2,46,20.7,68.3,2.9,364.0,13.3,38.4,0,正常
Day04-02:47,4,2,47,20.8,70.3,6.1,339.0,13.9,38.6,0,正常
Day04-02:48,4,2,48,21.1,67.8,6.4,392.0,25.1,38.1,0,正常
Day04-02:49,4,2,49,20.7,71.9,4.1,137.0,16.6,38.8,0,正常
Day04-02:50,4,2,50,20.4,69.4,4.6,219.0,21.0,38.6,0,正常
Day04-02:51,4,2,51,20.9,69.3,6.6,285.0,8.9,39.1,0,正常
Day04-02:52,4,2,52,20.9,68.9,4.9,188.0,10.8,38.9,0,正常
Day04-02:53,4,2,53,20.8,70.6,2.9,306.0,19.0,38.7,0,正常
Day04-02:54,4,2,54,20.6,68.2,5.0,325.0,21.0,38.6,0,正常
Day04-02:55,4,2,55,20.6,70.3,2.8,247.0,12.3,38.4,0,正常
Day04-02:56,4,2,56,20.6,67.8,6.1,247.0,9.1,38.8,0,正常
Day04-02:57,4,2,57,19.9,70.1,1.5,301.0,13.3,38.9,0,正常
Day04-02:58,4,2,58,20.3,69.8,5.3,278.0,20.0,38.6,0,正常
Day04-02:59,4,2,59,20.7,69.8,5.6,269.0,22.9,38.7,0,正常
Day04-03:00,4,3,0,21.4,70.0,7.7,273.0,16.8,38.5,0,正常
Day04-03:01,4,3,1,20.8,66.7,4.8,291.0,17.1,39.0,0,正常
Day04-03:02,4,3,2,21.0,68.8,3.6,327.0,11.5,38.1,0,正常
Day04-03:03,4,3,3,21.2,67.4,6.0,343.0,18.6,38.6,0,正常
Day04-03:04,4,3,4,21.5,64.7,2.8,444.0,24.9,38.5,0,正常
Day04-03:05,4,3,5,21.1,66.3,6.3,204.0,18.0,38.2,0,正常
Day04-03:06,4,3,6,21.1,67.7,4.4,196.0,14.1,38.1,0,正常
Day04-03:07,4,3,7,21.3,67.6,3.8,314.0,16.7,39.1,0,正常
Day04-03:08,4,3,8,21.5,67.3,5.5,282.0,17.6,38.4,0,正常
Day04-03:09,4,3,9,21.4,66.0,5.0,349.0,17.2,38.6,0,正常
Day04-03:10,4,3,10,21.1,67.4,4.6,241.0,8.9,38.6,0,正常
Day04-03:11,4,3,11,20.8,67.7,1.7,342.0,18.0,38.3,0,正常
Day04-03:12,4,3,12,20.5,66.5,5.1,295.0,10.1,38.1,0,正常
Day04-03:13,4,3,13,21.7,66.8,3.8,358.0,15.6,37.9,0,正常
Day04-03:14,4,3,14,21.9,67.1,4.2,373.0,12.2,38.4,0,正常
Day04-03:15,4,3,15,21.2,65.3,3.7,355.0,21.9,38.7,0,正常
Day04-03:16,4,3,16,21.2,66.4,6.8,395.0,23.4,38.8,0,正常
Day04-03:17,4,3,17,21.5,65.8,3.2,384.0,8.4,38.4,0,正常
Day04-03:18,4,3,18,21.5,66.6,5.1,304.0,12.2,38.4,0,正常
Day04-03:19,4,3,19,21.3,65.8,4.6,316.0,12.3,38.8,0,正常
Day04-03:20,4,3,20,21.3,64.8,4.1,211.0,12.4,38.0,0,正常
Day04-03:21,4,3,21,21.0,67.9,5.1,353.0,16.4,38.7,0,正常
Day04-03:22,4,3,22,21.3,67.2,5.5,326.0,16.3,38.2,0,正常
Day04-03:23,4,3,23,21.3,66.4,2.9,289.0,12.0,38.5,0,正常
Day04-03:24,4,3,24,21.3,66.8,8.0,260.0,11.0,38.6,0,正常
Day04-03:25,4,3,25,21.1,67.1,5.4,348.0,12.3,38.7,0,正常
Day04-03:26,4,3,26,21.3,67.8,3.3,244.0,15.8,38.5,0,正常
Day04-03:27,4,3,27,21.2,65.3,2.9,322.0,14.8,38.0,0,正常
Day04-03:28,4,3,28,22.1,66.8,1.8,337.0,15.9,38.3,0,正常
Day04-03:29,4,3,29,21.0,65.9,5.9,392.0,19.2,38.5,0,正常
Day04-03:30,4,3,30,21.2,66.9,5.9,333.0,16.7,38.2,0,正常
Day04-03:31,4,3,31,21.1,67.3,4.7,290.0,10.0,38.8,0,正常
Day04-03:32,4,3,32,21.2,67.5,5.0,327.0,16.9,38.3,0,正常
Day04-03:33,4,3,33,21.4,66.9,6.2,345.0,18.4,38.2,0,正常
Day04-03:34,4,3,34,21.5,66.5,6.6,249.0,18.3,38.9,0,正常
Day04-03:35,4,3,35,21.7,65.8,6.4,207.0,11.7,37.7,0,正常
Day04-03:36,4,3,36,21.1,67.6,6.2,331.0,21.0,38.5,0,正常
Day04-03:37,4,3,37,21.3,66.9,4.3,303.0,12.5,38.6,0,正常
Day04-03:38,4,3,38,21.5,68.1,3.8,325.0,15.7,38.3,0,正常
Day04-03:39,4,3,39,21.3,67.6,4.6,236.0,11.5,38.3,0,正常
Day04-03:40,4,3,40,21.2,66.9,3.1,398.0,20.6,38.0,0,正常
Day04-03:41,4,3,41,21.1,68.5,2.7,291.0,14.0,38.6,0,正常
Day04-03:42,4,3,42,21.2,66.7,5.2,339.0,9.1,38.2,0,正常
Day04-03:43,4,3,43,21.6,66.1,5.6,324.0,20.4,38.9,0,正常
Day04-03:44,4,3,44,21.4,67.8,5.3,338.0,24.9,38.7,0,正常
Day04-03:45,4,3,45,21.2,67.2,5.2,320.0,16.0,38.4,0,正常
Day04-03:46,4,3,46,21.1,66.9,5.9,306.0,6.3,38.6,0,正常
Day04-03:47,4,3,47,20.7,68.8,5.7,285.0,6.6,38.7,0,正常
Day04-03:48,4,3,48,21.3,65.5,6.8,393.0,17.2,38.5,0,正常
Day04-03:49,4,3,49,21.3,68.1,2.9,311.0,16.0,38.4,0,正常
Day04-03:50,4,3,50,21.5,67.7,5.9,320.0,19.8,38.5,0,正常
Day04-03:51,4,3,51,21.6,66.7,7.6,353.0,16.4,38.8,0,正常
Day04-03:52,4,3,52,21.8,67.1,5.8,301.0,14.3,38.2,0,正常
Day04-03:53,4,3,53,21.8,67.9,4.7,378.0,13.5,38.4,0,正常
Day04-03:54,4,3,54,21.3,67.6,8.1,393.0,9.4,38.2,0,正常
Day04-03:55,4,3,55,21.4,66.5,4.0,423.0,8.1,37.3,0,正常
Day04-03:56,4,3,56,20.8,67.6,4.3,285.0,17.9,38.7,0,正常
Day04-03:57,4,3,57,21.3,66.1,6.0,249.0,16.2,38.2,0,正常
Day04-03:58,4,3,58,21.4,68.7,2.9,321.0,8.2,38.6,0,正常
Day04-03:59,4,3,59,20.8,65.7,5.5,376.0,13.4,38.2,0,正常
Day04-04:00,4,4,0,22.2,64.4,6.9,402.0,11.0,38.7,0,正常
Day04-04:01,4,4,1,21.9,65.0,5.6,413.0,16.2,38.7,0,正常
Day04-04:02,4,4,2,21.9,65.5,6.1,392.0,14.5,38.7,0,正常
Day04-04:03,4,4,3,22.4,64.7,7.0,382.0,11.6,38.3,0,正常
Day04-04:04,4,4,4,22.3,67.1,2.7,387.0,20.3,39.3,0,正常
Day04-04:05,4,4,5,22.1,65.9,7.1,401.0,27.7,38.5,0,正常
Day04-04:06,4,4,6,21.9,65.7,6.4,352.0,15.9,39.0,0,正常
Day04-04:07,4,4,7,22.2,65.6,8.2,405.0,18.3,38.3,0,正常
Day04-04:08,4,4,8,22.5,65.7,7.3,369.0,15.5,38.8,0,正常
Day04-04:09,4,4,9,22.4,65.5,5.5,355.0,13.0,38.6,0,正常
Day04-04:10,4,4,10,22.2,65.2,5.6,423.0,13.5,38.3,0,正常
Day04-04:11,4,4,11,21.8,65.2,7.3,423.0,18.5,38.2,0,正常
Day04-04:12,4,4,12,22.2,66.0,6.0,358.0,8.8,38.4,0,正常
Day04-04:13,4,4,13,21.6,64.3,4.0,422.0,12.2,38.4,0,正常
Day04-04:14,4,4,14,22.6,65.0,2.9,359.0,15.1,38.7,0,正常
Day04-04:15,4,4,15,22.0,67.7,3.9,476.0,16.4,38.5,0,正常
Day04-04:16,4,4,16,21.9,64.1,3.9,377.0,19.1,38.9,0,正常
Day04-04:17,4,4,17,22.2,65.8,5.5,360.0,18.9,38.5,0,正常
Day04-04:18,4,4,18,22.1,63.3,9.6,376.0,21.2,38.6,0,正常
Day04-04:19,4,4,19,22.2,64.3,3.3,426.0,20.2,37.8,0,正常
Day04-04:20,4,4,20,22.6,65.1,7.5,477.0,23.9,38.1,0,正常
Day04-04:21,4,4,21,21.9,65.5,6.2,373.0,19.8,37.6,0,正常
Day04-04:22,4,4,22,22.6,66.4,4.0,358.0,13.0,38.4,0,正常
Day04-04:23,4,4,23,21.8,66.7,5.6,471.0,12.9,38.6,0,正常
Day04-04:24,4,4,24,22.1,64.4,6.3,398.0,12.6,38.6,0,正常
Day04-04:25,4,4,25,21.7,63.7,4.0,352.0,9.1,38.1,0,正常
Day04-04:26,4,4,26,22.2,63.2,5.1,342.0,8.1,38.4,0,正常
Day04-04:27,4,4,27,21.9,65.0,4.0,367.0,10.4,38.1,0,正常
Day04-04:28,4,4,28,22.2,65.5,5.1,405.0,19.9,38.6,0,正常
Day04-04:29,4,4,29,21.9,63.0,6.8,417.0,26.0,38.6,0,正常
Day04-04:30,4,4,30,22.1,65.6,5.4,402.0,14.5,37.8,0,正常
Day04-04:31,4,4,31,21.9,64.3,5.1,349.0,10.2,38.4,0,正常
Day04-04:32,4,4,32,22.2,65.1,4.3,323.0,14.2,38.3,0,正常
Day04-04:33,4,4,33,22.4,65.3,8.2,436.0,8.9,38.5,0,正常
Day04-04:34,4,4,34,22.1,67.2,5.5,373.0,10.3,38.5,0,正常
Day04-04:35,4,4,35,22.0,65.5,3.3,381.0,18.5,38.7,0,正常
Day04-04:36,4,4,36,22.0,65.4,1.3,318.0,22.5,38.0,0,正常
Day04-04:37,4,4,37,21.7,63.9,5.6,401.0,15.5,38.3,0,正常
Day04-04:38,4,4,38,22.2,64.2,3.9,395.0,12.4,38.8,0,正常
Day04-04:39,4,4,39,21.8,65.0,8.2,442.0,15.0,38.7,0,正常
Day04-04:40,4,4,40,21.7,66.0,4.2,449.0,26.3,38.2,0,正常
Day04-04:41,4,4,41,21.3,64.6,4.8,434.0,7.2,38.3,0,正常
Day04-04:42,4,4,42,21.8,65.3,4.0,442.0,15.3,37.7,0,正常
Day04-04:43,4,4,43,22.4,65.4,6.8,359.0,12.4,38.7,0,正常
Day04-04:44,4,4,44,22.4,64.3,5.7,397.0,11.6,38.5,0,正常
Day04-04:45,4,4,45,22.0,64.3,8.5,358.0,20.7,37.9,0,正常
Day04-04:46,4,4,46,21.2,63.7,7.6,375.0,8.2,38.6,0,正常
Day04-04:47,4,4,47,21.9,65.2,3.7,414.0,12.1,38.2,0,正常
Day04-04:48,4,4,48,22.0,63.9,5.5,484.0,15.4,38.9,0,正常
Day04-04:49,4,4,49,22.5,67.3,4.3,350.0,19.2,38.1,0,正常
Day04-04:50,4,4,50,21.9,65.7,4.7,443.0,21.9,38.5,0,正常
Day04-04:51,4,4,51,21.7,63.0,7.6,364.0,13.1,38.0,0,正常
Day04-04:52,4,4,52,22.3,65.7,4.7,448.0,19.9,38.8,0,正常
Day04-04:53,4,4,53,21.8,65.2,4.9,467.0,5.9,39.4,0,正常
Day04-04:54,4,4,54,22.2,65.1,5.9,413.0,13.3,38.6,0,正常
Day04-04:55,4,4,55,22.1,64.1,4.7,475.0,16.3,38.5,0,正常
Day04-04:56,4,4,56,21.5,64.7,6.4,328.0,14.9,38.0,0,正常
Day04-04:57,4,4,57,21.8,64.9,6.7,415.0,20.9,39.0,0,正常
Day04-04:58,4,4,58,21.5,65.8,6.4,363.0,18.7,38.1,0,正常
Day04-04:59,4,4,59,22.2,66.2,2.9,354.0,17.7,38.6,0,正常
Day04-05:00,4,5,0,22.7,61.6,4.1,516.0,12.0,38.6,0,正常
Day04-05:01,4,5,1,22.6,62.5,6.4,607.0,12.6,39.3,0,正常
Day04-05:02,4,5,2,22.6,63.5,6.6,507.0,12.0,38.6,0,正常
Day04-05:03,4,5,3,22.4,63.6,4.4,508.0,7.2,38.6,0,正常
Day04-05:04,4,5,4,23.2,63.8,4.7,437.0,9.7,37.9,0,正常
Day04-05:05,4,5,5,23.2,63.5,6.7,542.0,16.6,38.2,0,正常
Day04-05:06,4,5,6,22.8,61.3,5.9,453.0,13.9,38.2,0,正常
Day04-05:07,4,5,7,22.7,65.0,5.5,497.0,28.5,38.7,0,正常
Day04-05:08,4,5,8,23.1,62.8,2.9,451.0,20.5,38.6,0,正常
Day04-05:09,4,5,9,22.9,61.8,4.0,452.0,9.3,38.0,0,正常
Day04-05:10,4,5,10,22.6,63.0,6.5,458.0,23.6,38.0,0,正常
Day04-05:11,4,5,11,23.2,62.5,5.9,466.0,17.8,38.5,0,正常
Day04-05:12,4,5,12,23.1,64.3,7.3,426.0,16.8,37.8,0,正常
Day04-05:13,4,5,13,23.0,61.8,8.4,489.0,19.8,38.6,0,正常
Day04-05:14,4,5,14,23.3,64.4,5.5,563.0,13.4,38.6,0,正常
Day04-05:15,4,5,15,22.9,62.1,6.2,520.0,15.3,38.3,0,正常
Day04-05:16,4,5,16,23.0,61.9,4.8,577.0,21.6,39.0,0,正常
Day04-05:17,4,5,17,22.9,62.2,6.4,501.0,17.6,38.2,0,正常
Day04-05:18,4,5,18,23.1,63.1,6.1,492.0,16.3,38.6,0,正常
Day04-05:19,4,5,19,22.6,61.6,6.3,543.0,24.6,38.3,0,正常
Day04-05:20,4,5,20,22.9,60.9,3.6,581.0,22.1,38.9,0,正常
Day04-05:21,4,5,21,23.0,62.1,4.8,523.0,18.6,38.9,0,正常
Day04-05:22,4,5,22,22.7,64.0,6.4,506.0,10.0,38.5,0,正常
Day04-05:23,4,5,23,22.6,62.3,5.2,545.0,13.2,38.7,0,正常
Day04-05:24,4,5,24,23.1,62.8,3.6,566.0,10.8,38.0,0,正常
Day04-05:25,4,5,25,23.1,61.5,5.7,562.0,9.3,38.5,0,正常
Day04-05:26,4,5,26,22.9,61.5,4.5,487.0,18.7,38.8,0,正常
Day04-05:27,4,5,27,22.9,62.8,4.5,472.0,10.8,38.5,0,正常
Day04-05:28,4,5,28,22.9,63.0,4.6,536.0,12.5,38.5,0,正常
Day04-05:29,4,5,29,22.7,61.9,5.8,479.0,17.7,38.7,0,正常
Day04-05:30,4,5,30,22.6,63.4,10.8,439.0,17.3,39.1,0,正常
Day04-05:31,4,5,31,22.3,61.7,7.7,519.0,9.8,38.6,0,正常
Day04-05:32,4,5,32,22.6,63.3,6.1,615.0,6.6,38.2,0,正常
Day04-05:33,4,5,33,23.1,63.7,7.1,565.0,13.3,38.5,0,正常
Day04-05:34,4,5,34,23.0,63.8,7.0,562.0,20.4,38.4,0,正常
Day04-05:35,4,5,35,22.3,63.7,5.4,479.0,9.2,38.0,0,正常
Day04-05:36,4,5,36,22.8,62.8,6.3,440.0,12.1,39.2,0,正常
Day04-05:37,4,5,37,22.5,63.8,6.9,483.0,5.4,38.2,0,正常
Day04-05:38,4,5,38,22.9,63.4,5.0,501.0,16.2,38.7,0,正常
Day04-05:39,4,5,39,22.5,63.8,5.6,539.0,11.6,38.4,0,正常
Day04-05:40,4,5,40,23.2,63.1,3.2,464.0,10.4,38.4,0,正常
Day04-05:41,4,5,41,22.7,64.3,8.8,488.0,25.9,38.5,0,正常
Day04-05:42,4,5,42,22.9,62.7,7.1,495.0,21.5,38.1,0,正常
Day04-05:43,4,5,43,23.2,62.6,7.1,494.0,22.5,38.3,0,正常
Day04-05:44,4,5,44,22.8,63.7,4.1,405.0,19.2,38.3,0,正常
Day04-05:45,4,5,45,22.4,62.6,6.3,557.0,4.5,38.6,0,正常
Day04-05:46,4,5,46,22.7,64.0,3.7,536.0,14.9,38.6,0,正常
Day04-05:47,4,5,47,22.9,63.6,5.9,460.0,21.0,38.5,0,正常
Day04-05:48,4,5,48,23.0,63.0,6.3,608.0,8.1,38.8,0,正常
Day04-05:49,4,5,49,22.3,59.8,5.8,488.0,8.5,38.5,0,正常
Day04-05:50,4,5,50,22.5,63.1,6.6,479.0,13.6,39.0,0,正常
Day04-05:51,4,5,51,23.2,63.9,4.1,394.0,9.2,38.3,0,正常
Day04-05:52,4,5,52,22.9,62.7,6.0,423.0,7.7,38.1,0,正常
Day04-05:53,4,5,53,22.6,61.6,4.2,537.0,8.9,38.6,0,正常
Day04-05:54,4,5,54,22.7,62.2,3.1,524.0,9.8,38.9,0,正常
Day04-05:55,4,5,55,22.7,62.9,7.3,493.0,13.0,38.3,0,正常
Day04-05:56,4,5,56,23.2,63.5,5.7,513.0,17.2,38.5,0,正常
Day04-05:57,4,5,57,22.5,62.8,8.3,609.0,25.2,38.9,0,正常
Day04-05:58,4,5,58,22.9,62.7,6.4,554.0,18.5,38.4,0,正常
Day04-05:59,4,5,59,22.4,61.2,4.5,541.0,21.0,38.1,0,正常
Day04-06:00,4,6,0,24.0,59.7,12.4,629.0,65.2,38.5,0,正常
Day04-06:01,4,6,1,23.8,60.2,4.3,648.0,53.9,38.7,0,正常
Day04-06:02,4,6,2,23.2,61.0,6.4,570.0,55.6,39.4,0,正常
Day04-06:03,4,6,3,23.4,61.0,6.0,617.0,73.3,38.4,0,正常
Day04-06:04,4,6,4,24.0,62.2,8.3,558.0,60.5,38.5,0,正常
Day04-06:05,4,6,5,23.3,60.8,8.1,530.0,61.0,38.6,0,正常
Day04-06:06,4,6,6,23.5,59.4,5.7,661.0,62.1,39.0,0,正常
Day04-06:07,4,6,7,24.1,60.7,7.6,589.0,68.5,38.5,0,正常
Day04-06:08,4,6,8,23.2,61.4,6.6,662.0,66.6,38.6,0,正常
Day04-06:09,4,6,9,23.8,60.4,7.1,576.0,57.5,38.8,0,正常
Day04-06:10,4,6,10,23.6,61.1,6.4,485.0,72.9,38.3,0,正常
Day04-06:11,4,6,11,23.2,61.6,6.2,593.0,66.9,38.1,0,正常
Day04-06:12,4,6,12,23.7,61.8,5.7,562.0,64.4,39.0,0,正常
Day04-06:13,4,6,13,23.1,60.2,6.0,601.0,69.2,38.0,0,正常
Day04-06:14,4,6,14,23.7,58.8,5.4,462.0,63.5,38.5,0,正常
Day04-06:15,4,6,15,23.6,60.6,9.0,629.0,56.1,38.9,0,正常
Day04-06:16,4,6,16,23.4,62.8,6.2,634.0,58.9,38.3,0,正常
Day04-06:17,4,6,17,24.0,60.5,6.6,628.0,63.3,38.2,0,正常
Day04-06:18,4,6,18,23.8,61.7,6.7,637.0,54.4,38.2,0,正常
Day04-06:19,4,6,19,23.6,60.7,6.0,614.0,68.8,38.5,0,正常
Day04-06:20,4,6,20,23.4,61.3,7.4,597.0,60.0,38.3,0,正常
Day04-06:21,4,6,21,23.2,61.8,5.6,643.0,60.3,38.8,0,正常
Day04-06:22,4,6,22,23.7,60.8,6.7,513.0,66.5,39.1,0,正常
Day04-06:23,4,6,23,23.4,60.3,6.6,590.0,63.2,38.9,0,正常
Day04-06:24,4,6,24,23.3,60.1,5.8,588.0,61.9,38.6,0,正常
Day04-06:25,4,6,25,23.2,61.0,4.4,603.0,65.8,38.6,0,正常
Day04-06:26,4,6,26,23.1,60.6,8.9,553.0,58.3,38.4,0,正常
Day04-06:27,4,6,27,23.9,61.5,7.1,510.0,56.3,38.3,0,正常
Day04-06:28,4,6,28,23.7,61.0,7.2,585.0,62.2,38.4,0,正常
Day04-06:29,4,6,29,23.6,60.3,5.5,788.0,62.7,38.3,0,正常
Day04-06:30,4,6,30,23.9,62.2,6.8,654.0,60.7,38.5,0,正常
Day04-06:31,4,6,31,23.4,60.7,7.0,584.0,60.0,38.5,0,正常
Day04-06:32,4,6,32,23.7,61.6,6.8,576.0,59.3,38.8,0,正常
Day04-06:33,4,6,33,23.8,60.9,4.1,605.0,66.0,38.4,0,正常
Day04-06:34,4,6,34,23.4,61.2,8.6,607.0,63.5,38.3,0,正常
Day04-06:35,4,6,35,23.5,62.3,6.1,623.0,57.7,38.8,0,正常
Day04-06:36,4,6,36,23.5,62.3,6.1,665.0,62.6,38.5,0,正常
Day04-06:37,4,6,37,22.9,61.8,3.3,563.0,62.3,38.4,0,正常
Day04-06:38,4,6,38,23.0,58.9,8.3,571.0,58.5,38.7,0,正常
Day04-06:39,4,6,39,23.9,61.6,6.3,668.0,52.8,38.5,0,正常
Day04-06:40,4,6,40,24.2,62.4,6.5,613.0,59.8,38.8,0,正常
Day04-06:41,4,6,41,23.9,61.9,8.4,560.0,76.8,39.0,0,正常
Day04-06:42,4,6,42,23.8,59.3,6.2,574.0,60.2,38.2,0,正常
Day04-06:43,4,6,43,23.2,61.0,5.9,611.0,67.9,38.4,0,正常
Day04-06:44,4,6,44,23.8,61.6,6.6,614.0,65.7,38.7,0,正常
Day04-06:45,4,6,45,23.7,60.6,6.9,518.0,64.6,38.6,0,正常
Day04-06:46,4,6,46,23.3,62.6,7.3,572.0,55.2,38.3,0,正常
Day04-06:47,4,6,47,23.5,60.4,5.7,563.0,69.1,38.3,0,正常
Day04-06:48,4,6,48,23.0,62.9,7.2,672.0,66.3,38.5,0,正常
Day04-06:49,4,6,49,24.0,61.4,5.2,602.0,65.0,38.5,0,正常
Day04-06:50,4,6,50,23.5,61.2,5.9,590.0,66.4,38.8,0,正常
Day04-06:51,4,6,51,23.1,59.4,6.5,619.0,67.1,38.9,0,正常
Day04-06:52,4,6,52,23.2,61.2,5.2,635.0,74.8,38.8,0,正常
Day04-06:53,4,6,53,23.6,60.6,9.0,681.0,60.1,38.6,0,正常
Day04-06:54,4,6,54,23.6,61.4,7.8,581.0,56.3,38.2,0,正常
Day04-06:55,4,6,55,23.8,60.3,6.9,547.0,65.0,38.3,0,正常
Day04-06:56,4,6,56,23.4,59.8,5.9,546.0,61.7,38.4,0,正常
Day04-06:57,4,6,57,23.4,62.2,5.6,566.0,63.5,37.8,0,正常
Day04-06:58,4,6,58,23.6,61.6,8.6,628.0,59.7,38.4,0,正常
Day04-06:59,4,6,59,23.8,60.9,9.2,504.0,61.8,39.2,0,正常
Day04-07:00,4,7,0,24.4,60.2,8.8,694.0,99.0,38.4,2217.0,正常
Day04-07:01,4,7,1,24.4,58.4,7.4,722.0,90.1,38.0,2402.0,正常
Day04-07:02,4,7,2,23.8,58.4,8.0,653.0,87.6,38.5,2258.0,正常
Day04-07:03,4,7,3,24.1,59.6,7.9,769.0,86.1,38.3,2217.0,正常
Day04-07:04,4,7,4,23.7,60.2,8.0,731.0,89.8,38.8,2185.0,正常
Day04-07:05,4,7,5,23.8,59.2,4.8,715.0,92.1,38.9,2182.0,正常
Day04-07:06,4,7,6,24.4,58.2,8.8,719.0,91.3,38.6,2249.0,正常
Day04-07:07,4,7,7,24.4,58.8,10.6,697.0,84.7,38.3,2300.0,正常
Day04-07:08,4,7,8,23.6,63.4,6.9,685.0,88.9,38.7,2248.0,正常
Day04-07:09,4,7,9,24.3,58.8,8.1,690.0,91.7,38.9,2332.0,正常
Day04-07:10,4,7,10,24.2,59.7,5.9,643.0,91.4,38.3,2111.0,正常
Day04-07:11,4,7,11,24.1,61.3,8.3,720.0,93.3,38.3,2224.0,正常
Day04-07:12,4,7,12,24.5,58.0,5.2,712.0,88.5,38.7,2250.0,正常
Day04-07:13,4,7,13,24.7,60.4,8.5,676.0,85.7,38.3,2127.0,正常
Day04-07:14,4,7,14,23.7,57.6,10.7,684.0,97.3,38.8,2158.0,正常
Day04-07:15,4,7,15,24.0,58.8,8.7,763.0,86.5,38.2,2184.0,正常
Day04-07:16,4,7,16,24.3,58.4,5.8,738.0,93.9,38.4,2187.0,正常
Day04-07:17,4,7,17,24.6,59.3,8.3,679.0,86.7,38.5,2121.0,正常
Day04-07:18,4,7,18,24.1,59.5,4.1,615.0,91.9,38.4,2240.0,正常
Day04-07:19,4,7,19,24.2,58.5,5.4,785.0,89.5,38.3,2080.0,正常
Day04-07:20,4,7,20,23.9,59.6,9.1,728.0,94.3,37.7,2195.0,正常
Day04-07:21,4,7,21,24.1,58.0,7.7,698.0,92.8,38.8,2096.0,正常
Day04-07:22,4,7,22,25.0,58.7,6.4,769.0,87.1,38.5,2191.0,正常
Day04-07:23,4,7,23,24.6,60.6,7.2,741.0,84.4,38.5,2207.0,正常
Day04-07:24,4,7,24,24.5,58.1,5.9,663.0,89.9,38.6,2235.0,正常
Day04-07:25,4,7,25,23.7,59.3,9.3,620.0,84.7,38.6,2209.0,正常
Day04-07:26,4,7,26,24.0,59.8,8.9,674.0,95.6,38.9,2165.0,正常
Day04-07:27,4,7,27,23.8,59.9,6.0,709.0,88.4,38.6,2265.0,正常
Day04-07:28,4,7,28,23.3,59.7,6.8,701.0,90.3,38.9,2376.0,正常
Day04-07:29,4,7,29,24.2,58.6,6.6,690.0,89.7,37.7,2174.0,正常
Day04-07:30,4,7,30,24.4,59.2,7.1,622.0,87.9,38.5,2214.0,正常
Day04-07:31,4,7,31,23.8,59.0,6.7,542.0,88.5,38.9,2069.0,正常
Day04-07:32,4,7,32,24.4,59.9,6.4,728.0,100,38.4,2085.0,正常
Day04-07:33,4,7,33,23.7,58.6,5.7,679.0,92.2,38.2,2064.0,正常
Day04-07:34,4,7,34,24.1,59.8,5.4,665.0,91.4,38.7,2258.0,正常
Day04-07:35,4,7,35,24.2,60.0,7.9,755.0,88.1,38.5,2053.0,正常
Day04-07:36,4,7,36,24.2,59.3,7.7,724.0,90.2,39.1,2141.0,正常
Day04-07:37,4,7,37,24.0,59.4,7.4,758.0,86.5,38.6,2429.0,正常
Day04-07:38,4,7,38,24.2,58.9,8.8,712.0,82.4,38.4,2173.0,正常
Day04-07:39,4,7,39,24.0,58.4,7.2,758.0,83.0,38.0,2112.0,正常
Day04-07:40,4,7,40,24.4,59.5,5.9,823.0,100,38.6,2373.0,正常
Day04-07:41,4,7,41,23.7,59.8,8.8,668.0,92.8,39.0,2315.0,正常
Day04-07:42,4,7,42,24.3,57.7,7.4,732.0,95.1,38.2,2355.0,正常
Day04-07:43,4,7,43,24.0,58.0,6.9,685.0,86.4,38.3,2098.0,正常
Day04-07:44,4,7,44,24.2,57.4,8.2,606.0,88.5,38.5,2144.0,正常
Day04-07:45,4,7,45,24.5,59.8,6.6,719.0,83.8,38.7,2121.0,正常
Day04-07:46,4,7,46,24.3,57.5,4.8,719.0,97.9,38.5,2120.0,正常
Day04-07:47,4,7,47,24.6,60.1,4.2,638.0,90.7,38.3,2257.0,正常
Day04-07:48,4,7,48,23.9,56.9,7.9,673.0,86.4,38.2,2325.0,正常
Day04-07:49,4,7,49,24.3,61.0,7.1,661.0,89.8,38.3,2347.0,正常
Day04-07:50,4,7,50,24.2,59.2,7.7,788.0,88.4,38.6,2163.0,正常
Day04-07:51,4,7,51,24.1,60.1,6.2,739.0,95.2,38.2,2269.0,正常
Day04-07:52,4,7,52,24.1,60.6,8.9,780.0,87.2,38.5,2170.0,正常
Day04-07:53,4,7,53,24.0,58.3,7.5,716.0,90.7,38.3,2260.0,正常
Day04-07:54,4,7,54,23.8,59.7,9.1,748.0,88.2,38.4,2240.0,正常
Day04-07:55,4,7,55,24.1,58.7,7.7,694.0,86.1,38.4,2316.0,正常
Day04-07:56,4,7,56,24.2,59.3,9.3,687.0,88.5,38.2,2185.0,正常
Day04-07:57,4,7,57,24.0,59.1,11.0,623.0,92.9,38.9,2345.0,正常
Day04-07:58,4,7,58,23.9,58.2,8.0,656.0,90.1,38.1,2253.0,正常
Day04-07:59,4,7,59,24.1,60.5,8.4,744.0,87.3,38.5,2321.0,正常
Day04-08:00,4,8,0,24.3,57.5,8.3,703.0,86.1,38.4,0,正常
Day04-08:01,4,8,1,24.7,58.0,10.4,803.0,83.9,38.9,0,正常
Day04-08:02,4,8,2,25.0,58.0,9.8,719.0,88.7,38.7,0,正常
Day04-08:03,4,8,3,24.8,56.5,7.3,881.0,98.1,38.7,0,正常
Day04-08:04,4,8,4,24.3,57.4,6.4,819.0,94.5,38.7,0,正常
Day04-08:05,4,8,5,24.7,57.7,11.4,739.0,93.0,38.6,0,正常
Day04-08:06,4,8,6,24.2,58.8,7.5,817.0,89.3,38.2,0,正常
Day04-08:07,4,8,7,24.6,57.7,6.5,834.0,93.4,37.8,0,正常
Day04-08:08,4,8,8,24.9,58.4,9.4,883.0,84.5,38.1,0,正常
Day04-08:09,4,8,9,24.7,58.0,8.0,818.0,85.6,38.6,0,正常
Day04-08:10,4,8,10,24.4,58.5,9.0,874.0,94.0,38.4,0,正常
Day04-08:11,4,8,11,24.9,58.6,6.4,719.0,88.0,39.0,0,正常
Day04-08:12,4,8,12,25.4,55.8,8.9,880.0,99.0,39.1,0,正常
Day04-08:13,4,8,13,24.7,57.5,8.8,794.0,82.0,38.6,0,正常
Day04-08:14,4,8,14,24.3,58.9,11.8,838.0,88.9,38.1,0,正常
Day04-08:15,4,8,15,24.5,58.1,7.6,818.0,90.4,38.5,0,正常
Day04-08:16,4,8,16,25.0,58.4,8.1,868.0,88.3,38.4,0,正常
Day04-08:17,4,8,17,24.9,59.6,6.9,833.0,85.3,39.0,0,正常
Day04-08:18,4,8,18,24.8,57.8,6.5,835.0,91.0,38.8,0,正常
Day04-08:19,4,8,19,25.2,57.5,6.5,817.0,91.5,38.9,0,正常
Day04-08:20,4,8,20,24.8,55.9,6.6,821.0,80.6,38.8,0,正常
Day04-08:21,4,8,21,24.1,58.1,10.7,869.0,96.2,38.3,0,正常
Day04-08:22,4,8,22,24.4,56.3,9.2,815.0,83.0,38.8,0,正常
Day04-08:23,4,8,23,24.9,57.0,7.8,784.0,80.7,38.8,0,正常
Day04-08:24,4,8,24,24.6,58.4,7.5,754.0,91.6,39.0,0,正常
Day04-08:25,4,8,25,24.8,57.3,7.2,787.0,90.2,38.6,0,正常
Day04-08:26,4,8,26,25.2,57.2,7.3,777.0,78.3,38.9,0,正常
Day04-08:27,4,8,27,25.0,57.8,8.4,839.0,87.1,38.6,0,正常
Day04-08:28,4,8,28,24.4,58.4,9.2,808.0,96.6,37.8,0,正常
Day04-08:29,4,8,29,24.7,59.0,6.5,829.0,94.8,38.4,0,正常
Day04-08:30,4,8,30,24.7,58.2,8.8,777.0,95.3,38.6,0,正常
Day04-08:31,4,8,31,24.5,56.8,8.0,905.0,84.9,38.6,0,正常
Day04-08:32,4,8,32,24.7,56.8,8.0,744.0,88.8,38.3,0,正常
Day04-08:33,4,8,33,25.4,56.8,11.0,775.0,88.6,38.9,0,正常
Day04-08:34,4,8,34,24.8,58.0,6.8,810.0,90.6,38.2,0,正常
Day04-08:35,4,8,35,24.1,57.5,7.0,763.0,90.8,38.3,0,正常
Day04-08:36,4,8,36,25.1,57.9,8.1,824.0,100,38.3,0,正常
Day04-08:37,4,8,37,24.2,57.2,6.5,784.0,92.9,38.4,0,正常
Day04-08:38,4,8,38,24.9,56.9,6.1,734.0,89.5,38.7,0,正常
Day04-08:39,4,8,39,25.1,57.7,8.7,820.0,92.7,38.5,0,正常
Day04-08:40,4,8,40,24.3,57.2,7.5,769.0,90.0,38.5,0,正常
Day04-08:41,4,8,41,24.5,58.2,10.6,830.0,94.5,38.6,0,正常
Day04-08:42,4,8,42,24.7,58.9,9.0,853.0,82.8,38.4,0,正常
Day04-08:43,4,8,43,24.5,57.7,6.6,780.0,85.8,38.7,0,正常
Day04-08:44,4,8,44,24.8,58.9,5.5,706.0,86.8,38.8,0,正常
Day04-08:45,4,8,45,24.5,56.7,8.6,805.0,91.4,38.6,0,正常
Day04-08:46,4,8,46,24.6,58.6,8.2,873.0,97.3,38.4,0,正常
Day04-08:47,4,8,47,23.9,57.4,6.3,715.0,90.6,38.7,0,正常
Day04-08:48,4,8,48,24.7,57.6,7.9,885.0,87.7,38.0,0,正常
Day04-08:49,4,8,49,25.0,56.4,7.6,810.0,88.7,38.5,0,正常
Day04-08:50,4,8,50,25.1,58.7,9.8,903.0,81.9,38.6,0,正常
Day04-08:51,4,8,51,25.2,59.4,9.6,726.0,91.9,39.5,0,正常
Day04-08:52,4,8,52,25.0,58.1,7.1,806.0,92.1,38.5,0,正常
Day04-08:53,4,8,53,24.8,59.3,5.8,854.0,90.7,38.9,0,正常
Day04-08:54,4,8,54,25.2,59.4,5.5,779.0,87.0,38.6,0,正常
Day04-08:55,4,8,55,24.6,58.6,8.8,746.0,92.1,38.5,0,正常
Day04-08:56,4,8,56,24.4,57.3,5.6,821.0,82.0,38.4,0,正常
Day04-08:57,4,8,57,24.5,58.5,3.6,721.0,85.7,38.8,0,正常
Day04-08:58,4,8,58,24.2,60.1,7.2,757.0,98.3,39.0,0,正常
Day04-08:59,4,8,59,24.6,58.8,8.6,833.0,96.0,38.7,0,正常
Day04-09:00,4,9,0,25.2,57.2,7.1,926.0,69.1,38.8,0,正常
Day04-09:01,4,9,1,25.2,57.4,7.9,930.0,72.7,38.8,0,正常
Day04-09:02,4,9,2,24.7,57.7,9.0,884.0,67.9,38.7,0,正常
Day04-09:03,4,9,3,24.9,57.1,6.9,909.0,60.3,38.8,0,正常
Day04-09:04,4,9,4,25.1,55.5,8.3,878.0,67.3,38.1,0,正常
Day04-09:05,4,9,5,25.4,57.3,6.6,818.0,69.5,38.6,0,正常
Day04-09:06,4,9,6,24.7,57.6,7.1,939.0,78.5,38.5,0,正常
Day04-09:07,4,9,7,25.0,57.1,9.9,840.0,57.9,38.4,0,正常
Day04-09:08,4,9,8,25.0,58.8,9.0,851.0,63.0,38.8,0,正常
Day04-09:09,4,9,9,24.9,56.9,11.1,897.0,69.5,38.6,0,正常
Day04-09:10,4,9,10,24.9,56.3,8.4,963.0,69.8,38.8,0,正常
Day04-09:11,4,9,11,24.8,57.4,9.0,863.0,68.9,38.5,0,正常
Day04-09:12,4,9,12,25.2,57.4,9.2,1052.0,67.9,38.6,0,正常
Day04-09:13,4,9,13,24.7,58.0,9.6,788.0,54.5,38.8,0,正常
Day04-09:14,4,9,14,25.0,55.7,8.1,895.0,62.5,38.3,0,正常
Day04-09:15,4,9,15,24.5,56.7,10.1,876.0,73.6,38.4,0,正常
Day04-09:16,4,9,16,25.3,58.5,9.0,848.0,71.6,38.8,0,正常
Day04-09:17,4,9,17,24.7,57.4,10.2,827.0,67.2,37.9,0,正常
Day04-09:18,4,9,18,24.8,56.4,11.1,825.0,77.1,38.4,0,正常
Day04-09:19,4,9,19,25.0,58.3,9.9,897.0,63.8,38.8,0,正常
Day04-09:20,4,9,20,24.7,56.8,11.1,861.0,72.1,38.2,0,正常
Day04-09:21,4,9,21,24.5,56.6,7.9,889.0,62.4,38.4,0,正常
Day04-09:22,4,9,22,24.5,59.4,9.4,873.0,63.1,38.5,0,正常
Day04-09:23,4,9,23,24.5,56.9,8.3,843.0,75.2,38.2,0,正常
Day04-09:24,4,9,24,25.3,57.6,6.9,829.0,65.6,38.5,0,正常
Day04-09:25,4,9,25,24.7,58.5,9.0,823.0,61.8,38.5,0,正常
Day04-09:26,4,9,26,25.2,56.9,7.8,855.0,64.2,38.6,0,正常
Day04-09:27,4,9,27,24.7,59.4,9.3,905.0,58.7,38.0,0,正常
Day04-09:28,4,9,28,24.8,58.1,8.6,884.0,63.7,38.7,0,正常
Day04-09:29,4,9,29,24.4,58.7,8.2,911.0,65.6,38.8,0,正常
Day04-09:30,4,9,30,24.9,58.8,8.8,957.0,66.2,38.5,0,正常
Day04-09:31,4,9,31,24.9,58.3,8.5,715.0,63.9,37.9,0,正常
Day04-09:32,4,9,32,24.4,57.2,9.3,834.0,67.2,38.6,0,正常
Day04-09:33,4,9,33,24.8,58.1,7.6,918.0,58.2,38.5,0,正常
Day04-09:34,4,9,34,24.6,56.7,9.0,812.0,60.9,38.8,0,正常
Day04-09:35,4,9,35,25.2,58.6,8.2,980.0,63.9,38.1,0,正常
Day04-09:36,4,9,36,25.1,58.6,10.1,897.0,62.6,38.6,0,正常
Day04-09:37,4,9,37,25.0,57.7,6.6,886.0,70.0,38.7,0,正常
Day04-09:38,4,9,38,25.2,57.1,11.5,867.0,66.9,38.3,0,正常
Day04-09:39,4,9,39,25.0,57.9,8.7,885.0,66.9,39.2,0,正常
Day04-09:40,4,9,40,25.1,55.9,7.3,860.0,59.0,38.0,0,正常
Day04-09:41,4,9,41,25.1,58.2,10.7,700.0,68.1,38.7,0,正常
Day04-09:42,4,9,42,24.5,59.1,6.7,892.0,62.9,38.6,0,正常
Day04-09:43,4,9,43,25.1,57.1,8.2,890.0,64.6,38.9,0,正常
Day04-09:44,4,9,44,24.8,55.0,11.2,832.0,66.9,38.3,0,正常
Day04-09:45,4,9,45,24.7,56.8,6.7,793.0,65.7,38.7,0,正常
Day04-09:46,4,9,46,25.0,57.3,6.5,870.0,69.8,38.9,0,正常
Day04-09:47,4,9,47,25.2,56.1,7.5,839.0,77.3,38.9,0,正常
Day04-09:48,4,9,48,25.0,59.6,8.5,914.0,64.4,38.3,0,正常
Day04-09:49,4,9,49,24.6,58.1,7.4,806.0,58.0,38.2,0,正常
Day04-09:50,4,9,50,24.8,58.4,9.4,823.0,64.9,38.4,0,正常
Day04-09:51,4,9,51,24.8,57.1,8.7,962.0,67.0,38.1,0,正常
Day04-09:52,4,9,52,24.7,56.6,5.4,893.0,61.5,39.0,0,正常
Day04-09:53,4,9,53,24.9,56.7,8.7,933.0,72.5,38.6,0,正常
Day04-09:54,4,9,54,25.1,56.5,10.8,934.0,63.1,38.5,0,正常
Day04-09:55,4,9,55,25.2,55.0,13.9,803.0,64.3,38.6,0,正常
Day04-09:56,4,9,56,24.8,56.7,8.1,846.0,62.9,38.6,0,正常
Day04-09:57,4,9,57,24.7,57.9,8.8,830.0,67.5,39.3,0,正常
Day04-09:58,4,9,58,25.2,58.5,6.1,840.0,61.2,37.6,0,正常
Day04-09:59,4,9,59,24.7,57.2,8.8,934.0,65.3,38.8,0,正常
Day04-10:00,4,10,0,24.8,58.1,8.4,925.0,56.8,38.6,0,正常
Day04-10:01,4,10,1,25.5,56.8,9.7,893.0,73.2,38.5,0,正常
Day04-10:02,4,10,2,25.0,56.2,12.3,962.0,67.5,38.8,0,正常
Day04-10:03,4,10,3,24.9,57.4,5.7,1018.0,60.9,38.2,0,正常
Day04-10:04,4,10,4,24.8,58.1,9.7,954.0,73.0,38.6,0,正常
Day04-10:05,4,10,5,25.0,55.9,8.9,1030.0,67.2,38.8,0,正常
Day04-10:06,4,10,6,24.7,57.8,9.9,1028.0,59.6,38.1,0,正常
Day04-10:07,4,10,7,25.5,58.1,9.6,915.0,74.1,38.6,0,正常
Day04-10:08,4,10,8,24.4,57.4,10.7,962.0,66.3,38.8,0,正常
Day04-10:09,4,10,9,25.2,57.3,9.9,969.0,77.2,38.9,0,正常
Day04-10:10,4,10,10,25.3,56.2,5.8,893.0,61.7,38.5,0,正常
Day04-10:11,4,10,11,24.0,56.8,7.5,995.0,72.1,38.7,0,正常
Day04-10:12,4,10,12,24.9,57.9,8.7,864.0,62.3,38.0,0,正常
Day04-10:13,4,10,13,24.7,57.3,11.1,993.0,71.0,38.3,0,正常
Day04-10:14,4,10,14,25.0,56.7,10.9,982.0,71.5,38.2,0,正常
Day04-10:15,4,10,15,24.5,57.5,9.9,973.0,67.2,38.6,0,正常
Day04-10:16,4,10,16,25.4,57.0,10.1,1020.0,56.4,38.5,0,正常
Day04-10:17,4,10,17,25.4,56.0,10.2,946.0,67.8,38.5,0,正常
Day04-10:18,4,10,18,24.8,57.3,10.9,948.0,66.3,38.7,0,正常
Day04-10:19,4,10,19,24.5,57.4,8.1,1065.0,71.7,38.3,0,正常
Day04-10:20,4,10,20,24.9,56.2,9.5,915.0,64.2,38.9,0,正常
Day04-10:21,4,10,21,25.4,56.1,10.4,1038.0,64.0,38.4,0,正常
Day04-10:22,4,10,22,25.2,56.6,10.7,864.0,62.1,38.6,0,正常
Day04-10:23,4,10,23,24.9,56.0,9.8,911.0,61.8,38.8,0,正常
Day04-10:24,4,10,24,24.9,55.7,6.8,921.0,56.9,38.8,0,正常
Day04-10:25,4,10,25,25.0,56.6,8.9,996.0,66.2,38.7,0,正常
Day04-10:26,4,10,26,24.4,57.9,5.8,922.0,57.9,38.4,0,正常
Day04-10:27,4,10,27,25.4,57.4,9.3,916.0,63.9,38.4,0,正常
Day04-10:28,4,10,28,25.0,57.8,9.6,922.0,59.7,38.2,0,正常
Day04-10:29,4,10,29,25.1,57.0,9.2,1042.0,67.3,38.6,0,正常
Day04-10:30,4,10,30,25.4,57.9,8.3,939.0,64.3,38.0,0,正常
Day04-10:31,4,10,31,25.0,56.2,12.4,998.0,63.4,38.7,0,正常
Day04-10:32,4,10,32,25.5,55.7,9.3,945.0,69.8,38.2,0,正常
Day04-10:33,4,10,33,25.0,57.3,9.1,941.0,61.3,38.8,0,正常
Day04-10:34,4,10,34,24.4,58.7,11.2,981.0,71.5,38.9,0,正常
Day04-10:35,4,10,35,24.9,57.0,10.2,992.0,66.9,38.4,0,正常
Day04-10:36,4,10,36,25.4,57.7,9.4,851.0,75.0,38.9,0,正常
Day04-10:37,4,10,37,25.5,57.4,8.7,1012.0,53.6,38.6,0,正常
Day04-10:38,4,10,38,24.8,55.9,8.4,908.0,62.0,39.0,0,正常
Day04-10:39,4,10,39,24.6,57.5,11.4,954.0,67.4,38.3,0,正常
Day04-10:40,4,10,40,24.8,57.3,10.5,977.0,69.1,38.8,0,正常
Day04-10:41,4,10,41,24.9,56.9,9.9,908.0,69.9,38.3,0,正常
Day04-10:42,4,10,42,25.3,55.9,7.6,948.0,69.5,38.4,0,正常
Day04-10:43,4,10,43,25.0,57.4,11.8,920.0,68.8,38.2,0,正常
Day04-10:44,4,10,44,24.8,57.2,12.0,965.0,60.2,38.9,0,正常
Day04-10:45,4,10,45,24.7,54.5,10.2,997.0,60.2,38.8,0,正常
Day04-10:46,4,10,46,24.8,55.1,10.1,1014.0,73.0,38.5,0,正常
Day04-10:47,4,10,47,25.1,57.8,8.5,962.0,73.9,39.2,0,正常
Day04-10:48,4,10,48,25.1,57.8,10.1,920.0,64.1,38.0,0,正常
Day04-10:49,4,10,49,24.8,56.6,11.6,923.0,58.9,37.7,0,正常
Day04-10:50,4,10,50,24.8,56.5,6.8,969.0,64.2,38.8,0,正常
Day04-10:51,4,10,51,25.3,57.1,11.4,950.0,67.7,37.7,0,正常
Day04-10:52,4,10,52,24.7,57.5,10.1,1014.0,58.1,38.8,0,正常
Day04-10:53,4,10,53,25.0,55.6,8.0,924.0,70.3,38.3,0,正常
Day04-10:54,4,10,54,25.0,57.6,10.7,1051.0,67.7,38.3,0,正常
Day04-10:55,4,10,55,25.3,56.8,7.7,1023.0,65.4,38.6,0,正常
Day04-10:56,4,10,56,25.3,58.2,6.8,892.0,54.0,38.3,0,正常
Day04-10:57,4,10,57,25.4,58.7,10.7,957.0,62.8,37.9,0,正常
Day04-10:58,4,10,58,24.7,57.8,6.5,943.0,70.3,38.9,0,正常
Day04-10:59,4,10,59,24.5,56.9,10.2,929.0,62.0,38.4,0,正常
Day04-11:00,4,11,0,25.0,57.3,12.7,913.0,70.1,38.6,0,正常
Day04-11:01,4,11,1,25.3,57.6,9.6,886.0,65.6,38.8,0,正常
Day04-11:02,4,11,2,24.6,56.1,11.7,878.0,63.3,38.9,0,正常
Day04-11:03,4,11,3,25.4,57.3,9.0,964.0,58.8,38.4,0,正常
Day04-11:04,4,11,4,25.6,56.1,9.1,906.0,71.8,38.8,0,正常
Day04-11:05,4,11,5,24.4,58.2,9.9,943.0,65.6,38.7,0,正常
Day04-11:06,4,11,6,24.8,57.3,9.9,988.0,75.1,38.6,0,正常
Day04-11:07,4,11,7,24.8,56.3,7.7,997.0,59.9,38.7,0,正常
Day04-11:08,4,11,8,25.3,55.9,11.0,1031.0,69.0,38.5,0,正常
Day04-11:09,4,11,9,25.0,55.6,8.8,963.0,70.4,38.5,0,正常
Day04-11:10,4,11,10,25.1,58.0,8.7,953.0,67.7,38.6,0,正常
Day04-11:11,4,11,11,24.3,59.2,10.5,1076.0,63.0,38.8,0,正常
Day04-11:12,4,11,12,25.6,58.4,9.7,956.0,64.4,38.3,0,正常
Day04-11:13,4,11,13,24.6,59.6,8.1,1031.0,61.4,38.4,0,正常
Day04-11:14,4,11,14,24.9,58.8,11.7,969.0,64.2,38.3,0,正常
Day04-11:15,4,11,15,25.3,55.4,10.2,1037.0,61.3,38.9,0,正常
Day04-11:16,4,11,16,24.7,55.5,8.9,883.0,52.5,38.6,0,正常
Day04-11:17,4,11,17,25.0,57.5,11.9,979.0,67.2,38.7,0,正常
Day04-11:18,4,11,18,24.9,55.9,10.5,1023.0,59.5,38.5,0,正常
Day04-11:19,4,11,19,25.3,58.1,10.2,1022.0,74.8,38.9,0,正常
Day04-11:20,4,11,20,24.9,57.9,9.6,956.0,61.3,38.9,0,正常
Day04-11:21,4,11,21,24.6,58.0,10.2,988.0,67.0,38.4,0,正常
Day04-11:22,4,11,22,25.0,57.5,9.5,902.0,61.5,37.9,0,正常
Day04-11:23,4,11,23,25.0,57.9,11.1,972.0,61.9,38.4,0,正常
Day04-11:24,4,11,24,24.7,57.3,9.0,963.0,68.0,38.2,0,正常
Day04-11:25,4,11,25,24.9,57.8,8.9,974.0,69.1,38.8,0,正常
Day04-11:26,4,11,26,25.0,58.1,12.0,1016.0,64.6,38.8,0,正常
Day04-11:27,4,11,27,24.4,57.6,11.3,1050.0,61.3,38.3,0,正常
Day04-11:28,4,11,28,24.9,57.0,9.6,1043.0,66.3,38.2,0,正常
Day04-11:29,4,11,29,25.1,58.0,10.6,977.0,62.4,38.0,0,正常
Day04-11:30,4,11,30,24.8,56.9,11.4,990.0,63.2,38.6,0,正常
Day04-11:31,4,11,31,24.9,59.0,10.5,1001.0,66.3,38.5,0,正常
Day04-11:32,4,11,32,25.2,58.3,8.6,960.0,64.1,38.5,0,正常
Day04-11:33,4,11,33,25.0,59.4,11.8,977.0,57.7,38.1,0,正常
Day04-11:34,4,11,34,24.6,60.4,12.7,933.0,66.6,38.6,0,正常
Day04-11:35,4,11,35,25.0,56.6,10.1,1039.0,54.9,38.7,0,正常
Day04-11:36,4,11,36,25.4,58.5,9.3,929.0,66.0,38.9,0,正常
Day04-11:37,4,11,37,24.5,56.9,11.1,1014.0,66.1,38.9,0,正常
Day04-11:38,4,11,38,24.7,56.4,10.9,984.0,71.4,38.0,0,正常
Day04-11:39,4,11,39,25.3,58.6,12.2,945.0,71.1,39.3,0,正常
Day04-11:40,4,11,40,25.6,58.0,9.4,1017.0,69.4,38.6,0,正常
Day04-11:41,4,11,41,24.4,57.3,11.8,956.0,70.0,38.2,0,正常
Day04-11:42,4,11,42,24.9,57.8,9.6,980.0,65.6,38.0,0,正常
Day04-11:43,4,11,43,24.9,56.8,9.9,884.0,62.1,38.2,0,正常
Day04-11:44,4,11,44,24.7,58.7,10.9,1059.0,71.1,38.4,0,正常
Day04-11:45,4,11,45,25.2,55.8,10.3,878.0,66.0,38.5,0,正常
Day04-11:46,4,11,46,24.7,57.1,9.1,953.0,57.0,38.0,0,正常
Day04-11:47,4,11,47,25.1,58.7,8.7,869.0,66.1,38.7,0,正常
Day04-11:48,4,11,48,25.0,56.8,9.0,977.0,68.3,38.9,0,正常
Day04-11:49,4,11,49,24.5,56.6,11.1,1036.0,68.8,38.7,0,正常
Day04-11:50,4,11,50,25.4,58.9,8.5,1000.0,59.8,38.7,0,正常
Day04-11:51,4,11,51,25.5,57.5,10.9,1017.0,64.3,38.7,0,正常
Day04-11:52,4,11,52,25.0,57.0,11.1,971.0,62.3,38.8,0,正常
Day04-11:53,4,11,53,24.5,58.8,9.7,1044.0,65.3,38.1,0,正常
Day04-11:54,4,11,54,24.8,57.6,8.3,1022.0,61.7,38.5,0,正常
Day04-11:55,4,11,55,25.5,58.6,8.9,951.0,65.8,38.1,0,正常
Day04-11:56,4,11,56,24.8,56.1,9.2,1037.0,61.7,38.9,0,正常
Day04-11:57,4,11,57,24.8,57.0,8.8,863.0,64.0,38.8,0,正常
Day04-11:58,4,11,58,24.8,57.4,9.4,1038.0,63.2,38.4,0,正常
Day04-11:59,4,11,59,25.0,58.0,11.2,903.0,69.4,38.5,0,正常
Day04-12:00,4,12,0,24.6,58.1,10.5,1001.0,95.3,38.7,2127.0,正常
Day04-12:01,4,12,1,24.5,56.8,12.0,1085.0,90.1,38.9,2228.0,正常
Day04-12:02,4,12,2,24.8,60.1,11.3,1009.0,93.9,38.7,2417.0,正常
Day04-12:03,4,12,3,24.9,58.0,11.0,988.0,86.7,38.5,2236.0,正常
Day04-12:04,4,12,4,25.1,58.2,13.2,987.0,89.6,38.5,2228.0,正常
Day04-12:05,4,12,5,24.6,59.5,8.6,1046.0,82.9,38.9,2248.0,正常
Day04-12:06,4,12,6,24.6,57.3,10.8,1043.0,87.9,38.7,2188.0,正常
Day04-12:07,4,12,7,25.0,56.8,9.7,974.0,93.9,39.1,2232.0,正常
Day04-12:08,4,12,8,24.4,57.4,10.6,965.0,87.4,38.6,2394.0,正常
Day04-12:09,4,12,9,24.7,58.5,11.9,934.0,88.4,38.2,1994.0,正常
Day04-12:10,4,12,10,24.6,58.4,9.6,1012.0,94.1,38.4,2268.0,正常
Day04-12:11,4,12,11,24.3,58.8,11.0,987.0,96.0,38.3,2029.0,正常
Day04-12:12,4,12,12,24.5,59.2,9.9,1098.0,96.6,38.5,2241.0,正常
Day04-12:13,4,12,13,25.1,60.0,11.4,960.0,93.2,39.1,2161.0,正常
Day04-12:14,4,12,14,24.2,58.8,13.0,916.0,90.1,38.9,2334.0,正常
Day04-12:15,4,12,15,24.4,57.9,9.7,1052.0,79.7,38.4,2133.0,正常
Day04-12:16,4,12,16,24.9,57.7,9.8,967.0,94.6,39.1,2344.0,正常
Day04-12:17,4,12,17,24.6,57.3,11.9,974.0,86.0,38.7,2380.0,正常
Day04-12:18,4,12,18,24.5,56.9,8.7,1042.0,88.0,38.8,2092.0,正常
Day04-12:19,4,12,19,24.3,58.8,9.9,1025.0,83.0,38.9,2179.0,正常
Day04-12:20,4,12,20,24.5,59.6,10.1,1005.0,97.9,38.9,2150.0,正常
Day04-12:21,4,12,21,24.5,57.1,10.9,972.0,93.9,38.5,2151.0,正常
Day04-12:22,4,12,22,24.6,59.1,8.0,944.0,88.4,38.7,2173.0,正常
Day04-12:23,4,12,23,24.3,58.2,13.4,1068.0,83.0,38.9,2079.0,正常
Day04-12:24,4,12,24,24.7,57.7,11.6,1118.0,89.1,38.6,2222.0,正常
Day04-12:25,4,12,25,25.1,59.2,11.2,995.0,92.5,38.5,2289.0,正常
Day04-12:26,4,12,26,24.3,58.9,8.7,999.0,97.2,38.6,2341.0,正常
Day04-12:27,4,12,27,24.6,59.1,10.4,1016.0,89.4,39.5,2131.0,正常
Day04-12:28,4,12,28,24.9,58.1,10.4,988.0,91.6,38.6,2048.0,正常
Day04-12:29,4,12,29,23.8,58.3,11.2,1060.0,84.2,38.5,2191.0,正常
Day04-12:30,4,12,30,24.8,58.7,9.2,1027.0,94.5,38.2,2273.0,正常
Day04-12:31,4,12,31,24.4,58.4,12.7,999.0,91.2,38.0,2224.0,正常
Day04-12:32,4,12,32,24.7,58.8,11.9,1006.0,81.0,38.8,2236.0,正常
Day04-12:33,4,12,33,24.6,59.2,12.3,1042.0,92.9,38.3,2260.0,正常
Day04-12:34,4,12,34,24.3,58.5,11.2,1008.0,86.6,38.9,2198.0,正常
Day04-12:35,4,12,35,24.5,59.1,10.5,1102.0,85.6,38.7,2166.0,正常
Day04-12:36,4,12,36,24.6,57.9,10.3,971.0,94.0,38.4,2181.0,正常
Day04-12:37,4,12,37,24.1,58.4,9.9,1009.0,86.0,38.7,2340.0,正常
Day04-12:38,4,12,38,24.9,58.3,7.7,1045.0,90.8,38.3,1866.0,正常
Day04-12:39,4,12,39,24.4,58.2,11.8,992.0,88.5,38.8,2203.0,正常
Day04-12:40,4,12,40,24.2,58.5,8.9,1011.0,86.5,38.4,2173.0,正常
Day04-12:41,4,12,41,24.9,56.4,11.3,977.0,84.5,38.5,2150.0,正常
Day04-12:42,4,12,42,24.9,57.5,10.4,1008.0,91.4,38.9,2193.0,正常
Day04-12:43,4,12,43,24.3,58.8,9.6,1010.0,94.0,39.4,2235.0,正常
Day04-12:44,4,12,44,24.4,56.6,11.3,1016.0,84.8,38.5,2163.0,正常
Day04-12:45,4,12,45,24.9,58.2,10.5,990.0,85.2,38.7,2278.0,正常
Day04-12:46,4,12,46,24.9,58.2,10.8,1000.0,88.7,38.5,2038.0,正常
Day04-12:47,4,12,47,24.5,58.5,11.3,1016.0,95.7,38.2,2297.0,正常
Day04-12:48,4,12,48,24.1,59.1,10.2,1024.0,87.5,38.5,2128.0,正常
Day04-12:49,4,12,49,24.0,58.2,8.8,993.0,89.4,38.4,2292.0,正常
Day04-12:50,4,12,50,25.2,58.6,9.8,1058.0,95.5,38.4,2253.0,正常
Day04-12:51,4,12,51,24.9,58.6,13.5,904.0,92.5,38.5,1955.0,正常
Day04-12:52,4,12,52,24.3,57.1,9.6,1005.0,92.4,38.5,2296.0,正常
Day04-12:53,4,12,53,24.6,58.5,12.1,1035.0,88.2,38.5,2037.0,正常
Day04-12:54,4,12,54,24.4,58.9,11.2,1052.0,89.4,38.9,2036.0,正常
Day04-12:55,4,12,55,24.6,59.5,7.7,1082.0,81.1,38.5,2188.0,正常
Day04-12:56,4,12,56,24.7,59.6,10.7,1051.0,91.5,38.2,2246.0,正常
Day04-12:57,4,12,57,24.5,58.2,9.5,876.0,88.9,38.5,2065.0,正常
Day04-12:58,4,12,58,24.8,58.2,9.6,1038.0,95.4,38.5,2209.0,正常
Day04-12:59,4,12,59,24.2,59.7,12.0,1006.0,90.8,38.6,2224.0,正常
Day04-13:00,4,13,0,24.1,60.2,10.8,962.0,84.9,38.7,0,正常
Day04-13:01,4,13,1,24.1,57.9,12.5,908.0,89.8,38.1,0,正常
Day04-13:02,4,13,2,23.9,59.5,13.0,944.0,86.1,38.7,0,正常
Day04-13:03,4,13,3,24.2,59.3,12.5,1009.0,92.3,38.3,0,正常
Day04-13:04,4,13,4,24.0,58.4,10.8,936.0,96.1,39.0,0,正常
Day04-13:05,4,13,5,24.0,58.3,9.2,1038.0,95.9,38.6,0,正常
Day04-13:06,4,13,6,23.9,57.4,11.5,1025.0,89.5,38.1,0,正常
Day04-13:07,4,13,7,24.2,59.7,8.7,1047.0,87.8,38.5,0,正常
Day04-13:08,4,13,8,24.5,58.8,9.5,1101.0,88.1,38.2,0,正常
Day04-13:09,4,13,9,24.1,59.2,11.1,985.0,93.3,38.5,0,正常
Day04-13:10,4,13,10,23.9,59.9,11.2,1040.0,95.9,38.7,0,正常
Day04-13:11,4,13,11,24.4,58.7,10.8,1123.0,93.5,38.5,0,正常
Day04-13:12,4,13,12,24.2,60.0,10.3,979.0,95.5,38.9,0,正常
Day04-13:13,4,13,13,24.3,57.6,13.4,1059.0,89.7,38.3,0,正常
Day04-13:14,4,13,14,24.0,57.9,10.1,1037.0,86.4,38.7,0,正常
Day04-13:15,4,13,15,24.2,60.1,11.0,979.0,94.5,38.8,0,正常
Day04-13:16,4,13,16,23.8,60.0,12.1,948.0,87.6,38.7,0,正常
Day04-13:17,4,13,17,24.4,59.2,8.6,1016.0,98.4,38.5,0,正常
Day04-13:18,4,13,18,24.1,60.2,12.2,971.0,92.0,38.4,0,正常
Day04-13:19,4,13,19,23.7,59.0,9.6,987.0,91.9,38.6,0,正常
Day04-13:20,4,13,20,24.2,58.7,10.4,983.0,92.5,38.9,0,正常
Day04-13:21,4,13,21,24.0,58.2,9.8,952.0,94.3,38.4,0,正常
Day04-13:22,4,13,22,24.0,60.6,10.3,999.0,91.4,38.8,0,正常
Day04-13:23,4,13,23,24.3,60.7,11.1,927.0,89.3,38.6,0,正常
Day04-13:24,4,13,24,23.6,59.0,6.3,922.0,94.2,38.8,0,正常
Day04-13:25,4,13,25,23.6,59.4,10.4,971.0,89.7,38.4,0,正常
Day04-13:26,4,13,26,24.1,58.3,11.6,976.0,86.2,38.3,0,正常
Day04-13:27,4,13,27,23.9,58.9,11.5,1006.0,88.3,38.6,0,正常
Day04-13:28,4,13,28,24.3,60.6,10.6,1072.0,84.8,38.8,0,正常
Day04-13:29,4,13,29,24.2,58.5,10.3,981.0,84.0,38.6,0,正常
Day04-13:30,4,13,30,23.9,58.0,8.5,1009.0,96.9,38.6,0,正常
Day04-13:31,4,13,31,24.1,57.9,13.5,945.0,87.0,38.6,0,正常
Day04-13:32,4,13,32,24.0,58.9,9.9,1029.0,84.7,38.6,0,正常
Day04-13:33,4,13,33,24.2,58.8,11.4,1014.0,95.6,39.4,0,正常
Day04-13:34,4,13,34,24.5,57.4,11.7,942.0,81.7,37.9,0,正常
Day04-13:35,4,13,35,24.2,59.8,13.4,896.0,95.2,38.8,0,正常
Day04-13:36,4,13,36,23.9,58.6,12.3,1051.0,91.0,39.0,0,正常
Day04-13:37,4,13,37,24.7,61.0,13.5,940.0,100,38.7,0,正常
Day04-13:38,4,13,38,24.4,57.4,11.3,918.0,96.7,38.1,0,正常
Day04-13:39,4,13,39,23.6,59.8,10.2,993.0,95.3,39.0,0,正常
Day04-13:40,4,13,40,24.0,59.1,10.6,899.0,100,38.8,0,正常
Day04-13:41,4,13,41,24.5,59.6,12.0,984.0,92.0,38.7,0,正常
Day04-13:42,4,13,42,24.7,56.8,12.1,967.0,93.0,38.3,0,正常
Day04-13:43,4,13,43,24.2,59.1,8.8,1105.0,93.1,38.1,0,正常
Day04-13:44,4,13,44,23.8,59.7,10.9,1031.0,91.6,38.7,0,正常
Day04-13:45,4,13,45,23.8,59.3,10.1,1045.0,91.4,38.8,0,正常
Day04-13:46,4,13,46,24.1,60.8,8.8,1073.0,94.5,38.6,0,正常
Day04-13:47,4,13,47,24.3,58.8,10.1,964.0,88.5,38.4,0,正常
Day04-13:48,4,13,48,24.5,59.3,11.6,967.0,90.9,38.1,0,正常
Day04-13:49,4,13,49,24.1,59.9,14.1,955.0,85.5,38.2,0,正常
Day04-13:50,4,13,50,24.7,58.6,8.9,1122.0,87.2,38.9,0,正常
Day04-13:51,4,13,51,24.2,58.6,11.9,1110.0,80.9,38.6,0,正常
Day04-13:52,4,13,52,23.8,58.4,11.1,978.0,94.2,38.7,0,正常
Day04-13:53,4,13,53,24.6,60.8,11.4,966.0,100,38.5,0,正常
Day04-13:54,4,13,54,24.2,58.0,10.8,1003.0,84.2,38.8,0,正常
Day04-13:55,4,13,55,24.5,60.4,12.2,933.0,100,38.3,0,正常
Day04-13:56,4,13,56,24.2,58.8,9.3,925.0,90.3,38.5,0,正常
Day04-13:57,4,13,57,24.6,58.7,12.9,949.0,91.0,38.2,0,正常
Day04-13:58,4,13,58,24.0,59.8,9.5,982.0,82.3,38.4,0,正常
Day04-13:59,4,13,59,24.5,58.2,11.4,982.0,90.9,38.1,0,正常
Day04-14:00,4,14,0,23.6,61.9,15.4,899.0,68.5,38.4,0,正常
Day04-14:01,4,14,1,24.0,62.1,11.0,953.0,72.8,38.5,0,正常
Day04-14:02,4,14,2,23.9,61.5,11.5,973.0,69.3,38.4,0,正常
Day04-14:03,4,14,3,23.2,60.7,13.1,914.0,64.9,37.9,0,正常
Day04-14:04,4,14,4,23.2,61.6,12.4,934.0,62.7,38.0,0,正常
Day04-14:05,4,14,5,23.5,60.4,11.5,950.0,68.9,38.3,0,正常
Day04-14:06,4,14,6,23.7,60.6,13.7,991.0,64.7,38.7,0,正常
Day04-14:07,4,14,7,23.4,60.6,13.9,862.0,70.3,38.4,0,正常
Day04-14:08,4,14,8,23.2,61.0,10.2,924.0,70.8,38.4,0,正常
Day04-14:09,4,14,9,23.3,60.7,12.6,920.0,66.8,38.3,0,正常
Day04-14:10,4,14,10,23.4,60.8,9.8,818.0,55.6,38.9,0,正常
Day04-14:11,4,14,11,23.4,60.1,11.1,885.0,68.0,38.6,0,正常
Day04-14:12,4,14,12,23.3,60.5,11.8,962.0,63.1,38.9,0,正常
Day04-14:13,4,14,13,23.2,60.6,9.0,1063.0,65.9,38.3,0,正常
Day04-14:14,4,14,14,23.3,61.8,11.9,980.0,63.6,38.7,0,正常
Day04-14:15,4,14,15,23.9,59.8,13.0,930.0,67.7,38.8,0,正常
Day04-14:16,4,14,16,23.7,61.4,11.4,981.0,66.7,38.9,0,正常
Day04-14:17,4,14,17,23.4,60.9,8.5,880.0,63.6,38.5,0,正常
Day04-14:18,4,14,18,23.3,61.7,11.3,886.0,59.5,38.6,0,正常
Day04-14:19,4,14,19,23.6,60.3,10.9,894.0,63.7,39.2,0,正常
Day04-14:20,4,14,20,23.6,60.3,11.5,936.0,65.4,38.4,0,正常
Day04-14:21,4,14,21,23.5,60.0,12.3,876.0,69.2,38.6,0,正常
Day04-14:22,4,14,22,23.1,62.2,9.4,940.0,68.1,38.6,0,正常
Day04-14:23,4,14,23,23.7,60.3,10.8,950.0,73.3,38.4,0,正常
Day04-14:24,4,14,24,23.6,58.9,11.1,895.0,66.8,38.1,0,正常
Day04-14:25,4,14,25,23.5,61.3,10.9,859.0,65.5,38.1,0,正常
Day04-14:26,4,14,26,23.6,60.6,12.2,913.0,61.1,38.7,0,正常
Day04-14:27,4,14,27,23.8,61.7,10.6,1040.0,69.4,38.2,0,正常
Day04-14:28,4,14,28,23.7,61.2,8.4,989.0,67.4,38.4,0,正常
Day04-14:29,4,14,29,23.4,62.3,10.6,950.0,71.6,38.4,0,正常
Day04-14:30,4,14,30,23.8,62.6,12.5,964.0,64.0,38.0,0,正常
Day04-14:31,4,14,31,23.7,61.7,12.1,939.0,57.8,38.7,0,正常
Day04-14:32,4,14,32,23.6,60.7,11.4,964.0,61.7,39.1,0,正常
Day04-14:33,4,14,33,23.7,61.9,10.9,924.0,76.9,38.6,0,正常
Day04-14:34,4,14,34,23.4,61.7,9.9,956.0,62.3,38.9,0,正常
Day04-14:35,4,14,35,23.7,60.7,11.0,937.0,71.9,38.9,0,正常
Day04-14:36,4,14,36,23.8,60.5,12.3,869.0,62.6,38.6,0,正常
Day04-14:37,4,14,37,23.1,61.3,13.7,968.0,65.7,38.0,0,正常
Day04-14:38,4,14,38,23.5,59.6,13.1,943.0,64.0,38.8,0,正常
Day04-14:39,4,14,39,22.8,61.8,11.8,996.0,58.9,38.5,0,正常
Day04-14:40,4,14,40,23.3,61.5,10.9,887.0,65.2,38.1,0,正常
Day04-14:41,4,14,41,23.6,62.2,10.3,902.0,65.3,38.4,0,正常
Day04-14:42,4,14,42,22.5,58.5,9.8,907.0,63.4,38.3,0,正常
Day04-14:43,4,14,43,23.6,60.0,12.9,930.0,67.7,38.7,0,正常
Day04-14:44,4,14,44,23.6,61.5,7.6,949.0,68.3,38.3,0,正常
Day04-14:45,4,14,45,23.8,59.7,8.8,984.0,65.1,38.4,0,正常
Day04-14:46,4,14,46,23.6,61.6,11.1,900.0,76.9,38.8,0,正常
Day04-14:47,4,14,47,23.5,61.8,10.5,1011.0,68.5,38.4,0,正常
Day04-14:48,4,14,48,23.8,60.7,11.9,962.0,84.3,38.6,0,正常
Day04-14:49,4,14,49,23.5,61.6,10.2,904.0,64.6,38.8,0,正常
Day04-14:50,4,14,50,23.1,60.2,12.0,946.0,61.6,38.7,0,正常
Day04-14:51,4,14,51,22.9,59.5,9.2,973.0,71.1,38.5,0,正常
Day04-14:52,4,14,52,23.2,61.9,10.7,1003.0,77.4,38.5,0,正常
Day04-14:53,4,14,53,23.3,61.6,11.4,1004.0,62.6,38.6,0,正常
Day04-14:54,4,14,54,23.4,58.0,11.0,935.0,65.3,38.8,0,正常
Day04-14:55,4,14,55,23.5,62.8,13.1,964.0,65.0,38.6,0,正常
Day04-14:56,4,14,56,23.6,61.0,13.1,996.0,66.1,38.4,0,正常
Day04-14:57,4,14,57,24.0,60.3,7.8,898.0,63.2,38.5,0,正常
Day04-14:58,4,14,58,22.6,60.6,8.7,929.0,64.4,38.6,0,正常
Day04-14:59,4,14,59,23.2,61.1,12.6,988.0,68.2,38.3,0,正常
Day04-15:00,4,15,0,23.4,64.5,12.1,878.0,61.7,38.4,0,正常
Day04-15:01,4,15,1,22.9,61.6,10.3,878.0,65.8,38.7,0,正常
Day04-15:02,4,15,2,22.7,64.4,10.4,861.0,62.4,38.4,0,正常
Day04-15:03,4,15,3,23.4,62.7,12.0,971.0,56.8,38.4,0,正常
Day04-15:04,4,15,4,23.2,63.3,9.7,977.0,63.2,38.1,0,正常
Day04-15:05,4,15,5,22.3,65.1,11.2,895.0,63.1,38.5,0,正常
Day04-15:06,4,15,6,22.4,60.8,9.9,885.0,71.5,38.3,0,正常
Day04-15:07,4,15,7,22.5,63.5,10.9,952.0,64.4,37.8,0,正常
Day04-15:08,4,15,8,22.3,63.4,8.9,953.0,68.6,38.7,0,正常
Day04-15:09,4,15,9,22.3,62.9,12.6,924.0,62.6,38.6,0,正常
Day04-15:10,4,15,10,22.1,63.6,10.6,950.0,58.9,39.2,0,正常
Day04-15:11,4,15,11,22.6,63.1,12.4,915.0,61.2,38.2,0,正常
Day04-15:12,4,15,12,22.9,61.5,8.9,894.0,67.7,38.1,0,正常
Day04-15:13,4,15,13,22.8,64.0,9.9,853.0,64.0,38.4,0,正常
Day04-15:14,4,15,14,23.2,61.0,13.5,949.0,63.8,39.0,0,正常
Day04-15:15,4,15,15,22.9,62.8,11.2,929.0,65.5,38.1,0,正常
Day04-15:16,4,15,16,22.8,62.3,9.3,939.0,58.0,38.5,0,正常
Day04-15:17,4,15,17,22.4,63.6,9.9,827.0,60.5,39.0,0,正常
Day04-15:18,4,15,18,22.7,62.3,11.7,841.0,60.1,38.4,0,正常
Day04-15:19,4,15,19,22.8,63.1,11.1,807.0,58.3,38.9,0,正常
Day04-15:20,4,15,20,22.6,61.6,11.5,857.0,66.3,38.5,0,正常
Day04-15:21,4,15,21,23.3,65.3,12.2,830.0,74.9,38.5,0,正常
Day04-15:22,4,15,22,23.2,62.1,8.9,964.0,68.3,38.6,0,正常
Day04-15:23,4,15,23,23.2,62.9,10.7,874.0,65.7,38.9,0,正常
Day04-15:24,4,15,24,22.6,63.8,9.4,823.0,66.1,38.2,0,正常
Day04-15:25,4,15,25,22.4,62.4,11.0,852.0,63.2,38.3,0,正常
Day04-15:26,4,15,26,22.6,62.6,13.2,888.0,63.2,38.4,0,正常
Day04-15:27,4,15,27,22.8,62.3,10.5,914.0,71.4,38.6,0,正常
Day04-15:28,4,15,28,22.8,64.0,11.2,892.0,67.1,38.6,0,正常
Day04-15:29,4,15,29,22.5,62.0,10.5,887.0,54.8,38.8,0,正常
Day04-15:30,4,15,30,22.7,63.6,9.9,832.0,62.2,37.9,0,正常
Day04-15:31,4,15,31,22.8,62.9,10.2,814.0,63.1,38.9,0,正常
Day04-15:32,4,15,32,22.6,63.0,9.3,883.0,59.7,38.6,0,正常
Day04-15:33,4,15,33,22.7,64.4,10.5,872.0,65.7,38.2,0,正常
Day04-15:34,4,15,34,22.4,63.1,12.6,835.0,72.5,38.8,0,正常
Day04-15:35,4,15,35,22.9,62.1,10.6,977.0,59.2,38.5,0,正常
Day04-15:36,4,15,36,23.1,62.1,9.6,865.0,65.7,38.0,0,正常
Day04-15:37,4,15,37,22.8,64.5,11.0,834.0,65.7,38.2,0,正常
Day04-15:38,4,15,38,22.7,63.3,9.4,846.0,62.1,38.7,0,正常
Day04-15:39,4,15,39,23.1,62.9,15.3,824.0,69.3,38.4,0,正常
Day04-15:40,4,15,40,22.8,62.4,10.5,926.0,66.7,38.3,0,正常
Day04-15:41,4,15,41,22.3,62.2,11.6,889.0,58.0,38.3,0,正常
Day04-15:42,4,15,42,22.6,64.0,12.1,940.0,63.0,39.1,0,正常
Day04-15:43,4,15,43,22.9,63.6,10.0,931.0,61.2,38.6,0,正常
Day04-15:44,4,15,44,22.7,64.3,10.9,887.0,64.0,38.7,0,正常
Day04-15:45,4,15,45,22.3,62.4,8.4,868.0,66.9,38.6,0,正常
Day04-15:46,4,15,46,23.0,60.3,8.5,901.0,66.8,38.9,0,正常
Day04-15:47,4,15,47,22.7,64.3,11.7,898.0,65.4,38.3,0,正常
Day04-15:48,4,15,48,22.9,64.8,10.9,840.0,63.2,38.3,0,正常
Day04-15:49,4,15,49,23.1,63.7,11.8,953.0,64.6,38.3,0,正常
Day04-15:50,4,15,50,23.3,62.5,12.6,841.0,60.2,38.1,0,正常
Day04-15:51,4,15,51,23.2,63.3,11.0,879.0,72.3,38.7,0,正常
Day04-15:52,4,15,52,23.0,62.0,9.1,921.0,59.1,38.0,0,正常
Day04-15:53,4,15,53,23.1,61.6,13.0,958.0,68.8,39.0,0,正常
Day04-15:54,4,15,54,22.1,62.0,16.3,909.0,74.7,38.8,0,正常
Day04-15:55,4,15,55,22.6,62.6,12.5,816.0,55.8,38.2,0,正常
Day04-15:56,4,15,56,22.9,65.5,12.6,894.0,71.0,38.4,0,正常
Day04-15:57,4,15,57,22.8,62.3,9.2,920.0,66.9,38.5,0,正常
Day04-15:58,4,15,58,22.7,62.1,11.9,882.0,67.1,38.6,0,正常
Day04-15:59,4,15,59,22.8,62.8,11.2,883.0,71.1,38.7,0,正常
Day04-16:00,4,16,0,22.3,64.1,10.7,726.0,65.9,38.7,0,正常
Day04-16:01,4,16,1,22.3,64.7,9.2,733.0,58.7,38.6,0,正常
Day04-16:02,4,16,2,22.1,66.5,11.1,809.0,59.2,38.4,0,正常
Day04-16:03,4,16,3,21.8,65.0,8.6,867.0,62.0,38.5,0,正常
Day04-16:04,4,16,4,22.0,63.7,12.0,791.0,63.5,38.5,0,正常
Day04-16:05,4,16,5,21.9,65.8,8.7,729.0,65.6,38.5,0,正常
Day04-16:06,4,16,6,21.7,66.0,7.5,703.0,61.6,38.4,0,正常
Day04-16:07,4,16,7,21.8,67.4,12.2,786.0,61.9,38.6,0,正常
Day04-16:08,4,16,8,22.1,66.0,10.9,782.0,69.5,38.8,0,正常
Day04-16:09,4,16,9,22.5,65.3,13.4,792.0,70.0,38.3,0,正常
Day04-16:10,4,16,10,21.8,65.7,11.2,793.0,68.3,37.9,0,正常
Day04-16:11,4,16,11,21.6,64.4,10.6,843.0,76.2,38.3,0,正常
Day04-16:12,4,16,12,22.2,65.9,11.8,796.0,56.6,38.6,0,正常
Day04-16:13,4,16,13,21.7,66.0,11.1,852.0,73.8,38.5,0,正常
Day04-16:14,4,16,14,21.4,63.1,7.3,872.0,74.1,38.1,0,正常
Day04-16:15,4,16,15,21.9,66.8,9.4,813.0,69.3,38.8,0,正常
Day04-16:16,4,16,16,22.0,64.6,10.9,738.0,68.1,38.1,0,正常
Day04-16:17,4,16,17,22.3,65.2,9.6,779.0,66.7,38.5,0,正常
Day04-16:18,4,16,18,22.1,63.3,11.7,835.0,67.0,38.4,0,正常
Day04-16:19,4,16,19,22.1,66.7,9.5,775.0,61.4,38.3,0,正常
Day04-16:20,4,16,20,22.1,63.9,9.8,831.0,64.2,38.5,0,正常
Day04-16:21,4,16,21,22.0,67.0,12.7,798.0,60.0,38.6,0,正常
Day04-16:22,4,16,22,22.1,65.3,11.4,831.0,60.9,39.0,0,正常
Day04-16:23,4,16,23,22.2,66.1,12.0,843.0,62.4,39.1,0,正常
Day04-16:24,4,16,24,21.9,64.3,9.0,743.0,61.7,38.7,0,正常
Day04-16:25,4,16,25,21.2,64.4,10.6,767.0,74.1,38.1,0,正常
Day04-16:26,4,16,26,22.2,65.0,7.9,743.0,65.5,38.7,0,正常
Day04-16:27,4,16,27,21.6,65.6,9.6,856.0,70.1,38.4,0,正常
Day04-16:28,4,16,28,22.8,64.5,13.0,803.0,59.4,38.6,0,正常
Day04-16:29,4,16,29,21.7,66.5,9.4,783.0,60.2,38.3,0,正常
Day04-16:30,4,16,30,22.2,65.2,11.0,712.0,65.5,38.5,0,正常
Day04-16:31,4,16,31,21.7,66.1,11.0,783.0,56.1,38.9,0,正常
Day04-16:32,4,16,32,21.7,65.4,10.9,767.0,68.9,38.2,0,正常
Day04-16:33,4,16,33,22.0,63.9,13.1,854.0,68.4,38.0,0,正常
Day04-16:34,4,16,34,22.0,65.2,13.9,771.0,64.3,38.5,0,正常
Day04-16:35,4,16,35,22.0,65.1,10.3,840.0,74.6,38.4,0,正常
Day04-16:36,4,16,36,22.6,63.2,11.2,823.0,64.7,38.3,0,正常
Day04-16:37,4,16,37,22.1,66.6,10.0,915.0,62.6,38.7,0,正常
Day04-16:38,4,16,38,21.5,66.4,9.3,740.0,67.1,38.6,0,正常
Day04-16:39,4,16,39,22.3,65.4,9.2,804.0,68.0,38.2,0,正常
Day04-16:40,4,16,40,21.9,66.3,9.6,788.0,65.0,38.8,0,正常
Day04-16:41,4,16,41,21.8,65.6,11.0,852.0,66.9,38.7,0,正常
Day04-16:42,4,16,42,22.2,64.7,9.2,831.0,56.0,38.4,0,正常
Day04-16:43,4,16,43,22.4,63.5,9.9,713.0,64.6,38.7,0,正常
Day04-16:44,4,16,44,21.3,65.4,12.2,736.0,59.2,38.1,0,正常
Day04-16:45,4,16,45,22.3,62.9,10.9,843.0,63.1,38.5,0,正常
Day04-16:46,4,16,46,22.1,65.9,8.6,782.0,66.1,38.5,0,正常
Day04-16:47,4,16,47,22.0,64.4,11.5,801.0,65.1,38.4,0,正常
Day04-16:48,4,16,48,22.7,65.2,11.5,836.0,75.3,38.7,0,正常
Day04-16:49,4,16,49,22.1,65.3,8.9,840.0,67.0,38.1,0,正常
Day04-16:50,4,16,50,22.6,64.6,11.8,814.0,64.9,38.3,0,正常
Day04-16:51,4,16,51,21.8,64.3,10.5,793.0,60.2,38.8,0,正常
Day04-16:52,4,16,52,21.7,65.6,9.0,787.0,63.6,38.7,0,正常
Day04-16:53,4,16,53,22.2,66.1,11.5,800.0,53.8,38.2,0,正常
Day04-16:54,4,16,54,21.8,65.2,11.3,773.0,56.8,38.9,0,正常
Day04-16:55,4,16,55,21.8,64.2,13.7,729.0,61.9,38.5,0,正常
Day04-16:56,4,16,56,22.2,65.5,11.5,785.0,58.3,38.3,0,正常
Day04-16:57,4,16,57,21.8,65.2,11.1,795.0,57.7,38.2,0,正常
Day04-16:58,4,16,58,22.0,65.4,8.3,753.0,64.4,38.8,0,正常
Day04-16:59,4,16,59,22.3,63.7,11.1,801.0,69.4,38.2,0,正常
Day04-17:00,4,17,0,20.8,66.1,6.5,646.0,87.2,38.4,2245.0,正常
Day04-17:01,4,17,1,21.1,68.7,11.4,704.0,87.9,38.0,2146.0,正常
Day04-17:02,4,17,2,21.1,67.2,11.0,686.0,92.7,38.6,2049.0,正常
Day04-17:03,4,17,3,21.0,66.7,11.0,748.0,100,38.2,2312.0,正常
Day04-17:04,4,17,4,21.6,67.2,7.7,709.0,89.1,39.1,2313.0,正常
Day04-17:05,4,17,5,20.5,68.6,11.6,783.0,89.2,38.6,2340.0,正常
Day04-17:06,4,17,6,21.6,67.8,11.0,708.0,92.8,38.1,2164.0,正常
Day04-17:07,4,17,7,21.8,68.7,13.1,699.0,85.8,38.5,2184.0,正常
Day04-17:08,4,17,8,21.3,66.6,11.8,752.0,95.7,38.6,2279.0,正常
Day04-17:09,4,17,9,21.0,67.9,7.6,746.0,79.9,38.8,2178.0,正常
Day04-17:10,4,17,10,21.7,68.0,10.4,711.0,87.3,38.6,2284.0,正常
Day04-17:11,4,17,11,21.8,66.7,8.9,772.0,100,38.3,2198.0,正常
Day04-17:12,4,17,12,20.7,66.3,11.1,703.0,97.9,38.5,2231.0,正常
Day04-17:13,4,17,13,20.5,67.4,9.9,672.0,89.3,38.4,2275.0,正常
Day04-17:14,4,17,14,21.4,67.3,11.3,711.0,89.1,38.5,2077.0,正常
Day04-17:15,4,17,15,21.6,67.6,9.1,742.0,87.5,38.5,2211.0,正常
Day04-17:16,4,17,16,21.6,67.0,9.1,709.0,89.2,38.4,2138.0,正常
Day04-17:17,4,17,17,21.0,67.1,10.0,709.0,91.8,38.5,2073.0,正常
Day04-17:18,4,17,18,21.0,68.5,9.1,780.0,86.6,38.8,2354.0,正常
Day04-17:19,4,17,19,21.9,67.7,11.5,657.0,77.7,38.5,2198.0,正常
Day04-17:20,4,17,20,21.5,66.9,9.5,633.0,88.9,38.6,2227.0,正常
Day04-17:21,4,17,21,21.0,67.0,8.8,700.0,95.0,37.7,2155.0,正常
Day04-17:22,4,17,22,21.0,66.8,9.2,738.0,97.8,38.4,2145.0,正常
Day04-17:23,4,17,23,21.5,67.4,9.7,763.0,92.2,38.8,2092.0,正常
Day04-17:24,4,17,24,20.9,66.9,11.5,718.0,88.0,37.8,2149.0,正常
Day04-17:25,4,17,25,21.0,68.3,10.0,700.0,90.0,37.9,2112.0,正常
Day04-17:26,4,17,26,20.8,68.5,9.6,819.0,90.5,38.8,2186.0,正常
Day04-17:27,4,17,27,21.4,67.9,11.7,821.0,90.8,38.6,2099.0,正常
Day04-17:28,4,17,28,20.7,66.3,13.3,672.0,86.7,38.2,2100.0,正常
Day04-17:29,4,17,29,20.9,68.4,12.2,678.0,89.9,38.8,2255.0,正常
Day04-17:30,4,17,30,20.9,65.2,9.5,687.0,85.1,38.8,2280.0,正常
Day04-17:31,4,17,31,21.4,67.6,11.6,716.0,91.9,38.6,2152.0,正常
Day04-17:32,4,17,32,20.9,67.9,12.8,694.0,89.5,37.8,2262.0,正常
Day04-17:33,4,17,33,21.1,65.1,9.1,667.0,84.5,38.2,2427.0,正常
Day04-17:34,4,17,34,21.4,69.7,6.9,735.0,84.0,38.5,2259.0,正常
Day04-17:35,4,17,35,21.0,68.4,10.8,668.0,84.7,38.5,2162.0,正常
Day04-17:36,4,17,36,21.1,66.6,10.6,689.0,87.2,38.5,2214.0,正常
Day04-17:37,4,17,37,21.5,66.5,9.3,671.0,82.9,38.6,2344.0,正常
Day04-17:38,4,17,38,21.0,64.8,9.8,679.0,89.6,38.8,2139.0,正常
Day04-17:39,4,17,39,21.2,68.1,11.7,608.0,89.5,38.5,2331.0,正常
Day04-17:40,4,17,40,21.2,66.7,13.3,731.0,95.3,38.7,2264.0,正常
Day04-17:41,4,17,41,21.3,64.9,9.1,668.0,88.7,38.7,2072.0,正常
Day04-17:42,4,17,42,21.2,67.9,11.7,764.0,89.3,38.5,2272.0,正常
Day04-17:43,4,17,43,21.4,65.2,8.1,712.0,84.4,38.7,2332.0,正常
Day04-17:44,4,17,44,21.0,65.8,10.8,685.0,99.9,38.8,2285.0,正常
Day04-17:45,4,17,45,21.1,67.5,11.5,677.0,92.0,38.3,2140.0,正常
Day04-17:46,4,17,46,21.0,67.7,10.5,755.0,86.1,38.3,2175.0,正常
Day04-17:47,4,17,47,21.2,66.9,9.3,616.0,89.9,38.4,2097.0,正常
Day04-17:48,4,17,48,21.3,65.6,11.2,748.0,89.0,38.8,2238.0,正常
Day04-17:49,4,17,49,21.3,67.9,12.1,691.0,94.0,38.7,2107.0,正常
Day04-17:50,4,17,50,21.3,66.1,9.6,685.0,94.9,39.1,2161.0,正常
Day04-17:51,4,17,51,21.3,66.2,9.0,599.0,99.5,38.5,2185.0,正常
Day04-17:52,4,17,52,21.3,67.1,8.3,730.0,84.9,38.4,2359.0,正常
Day04-17:53,4,17,53,21.5,67.1,10.1,793.0,96.7,38.5,2176.0,正常
Day04-17:54,4,17,54,21.3,67.0,10.0,764.0,91.7,38.4,2291.0,正常
Day04-17:55,4,17,55,21.6,66.8,10.3,718.0,86.1,38.3,2127.0,正常
Day04-17:56,4,17,56,21.0,65.3,10.5,711.0,87.3,39.3,2327.0,正常
Day04-17:57,4,17,57,21.1,68.7,11.0,759.0,91.4,38.6,2174.0,正常
Day04-17:58,4,17,58,21.4,66.9,9.1,771.0,100,38.7,2166.0,正常
Day04-17:59,4,17,59,22.0,66.8,9.5,821.0,75.6,38.1,2288.0,正常
Day04-18:00,4,18,0,20.6,68.8,10.7,605.0,90.1,38.5,0,正常
Day04-18:01,4,18,1,20.9,69.5,7.8,652.0,83.3,38.7,0,正常
Day04-18:02,4,18,2,20.0,68.1,9.1,595.0,96.4,38.6,0,正常
Day04-18:03,4,18,3,20.5,69.4,11.0,553.0,88.9,38.4,0,正常
Day04-18:04,4,18,4,21.0,70.0,7.8,608.0,100,39.4,0,正常
Day04-18:05,4,18,5,20.5,69.9,9.8,578.0,84.1,38.8,0,正常
Day04-18:06,4,18,6,20.3,70.6,6.9,616.0,92.4,38.7,0,正常
Day04-18:07,4,18,7,20.6,68.5,8.6,626.0,85.9,38.8,0,正常
Day04-18:08,4,18,8,20.3,68.2,10.2,489.0,88.5,38.5,0,正常
Day04-18:09,4,18,9,20.2,68.1,10.2,603.0,88.4,38.4,0,正常
Day04-18:10,4,18,10,20.6,68.1,8.0,596.0,87.3,38.2,0,正常
Day04-18:11,4,18,11,20.4,70.3,10.1,595.0,84.1,39.0,0,正常
Day04-18:12,4,18,12,20.4,70.4,9.0,633.0,86.6,38.5,0,正常
Day04-18:13,4,18,13,20.3,69.3,9.9,635.0,87.6,38.4,0,正常
Day04-18:14,4,18,14,20.6,67.3,11.4,676.0,89.6,38.5,0,正常
Day04-18:15,4,18,15,20.3,68.3,8.9,604.0,88.6,38.8,0,正常
Day04-18:16,4,18,16,20.5,67.7,9.2,574.0,89.1,38.9,0,正常
Day04-18:17,4,18,17,19.8,69.8,10.6,621.0,91.7,38.4,0,正常
Day04-18:18,4,18,18,20.3,69.9,8.6,626.0,89.8,38.6,0,正常
Day04-18:19,4,18,19,21.0,70.3,8.0,562.0,92.8,38.3,0,正常
Day04-18:20,4,18,20,20.8,69.3,10.8,517.0,88.4,38.6,0,正常
Day04-18:21,4,18,21,20.3,70.7,9.5,499.0,85.3,39.1,0,正常
Day04-18:22,4,18,22,20.1,68.6,8.2,625.0,93.5,37.7,0,正常
Day04-18:23,4,18,23,21.1,70.3,10.9,607.0,90.5,39.4,0,正常
Day04-18:24,4,18,24,20.3,69.5,12.7,632.0,85.1,38.8,0,正常
Day04-18:25,4,18,25,20.3,68.4,11.2,536.0,90.7,38.3,0,正常
Day04-18:26,4,18,26,20.6,68.7,10.2,679.0,86.7,38.7,0,正常
Day04-18:27,4,18,27,20.2,70.5,10.1,606.0,87.8,38.3,0,正常
Day04-18:28,4,18,28,20.2,69.2,9.1,627.0,81.3,37.8,0,正常
Day04-18:29,4,18,29,20.8,69.5,7.8,518.0,95.8,38.4,0,正常
Day04-18:30,4,18,30,20.7,68.7,12.7,649.0,88.5,38.0,0,正常
Day04-18:31,4,18,31,19.7,68.4,7.1,618.0,83.0,38.4,0,正常
Day04-18:32,4,18,32,20.7,70.6,11.9,493.0,77.8,38.2,0,正常
Day04-18:33,4,18,33,20.8,67.9,10.9,585.0,81.5,38.2,0,正常
Day04-18:34,4,18,34,20.8,68.6,8.9,685.0,82.1,38.4,0,正常
Day04-18:35,4,18,35,20.6,69.4,10.8,528.0,94.4,38.3,0,正常
Day04-18:36,4,18,36,20.3,67.7,10.4,552.0,90.0,38.3,0,正常
Day04-18:37,4,18,37,20.7,68.8,9.2,613.0,88.0,38.2,0,正常
Day04-18:38,4,18,38,20.3,68.1,12.2,582.0,93.7,38.2,0,正常
Day04-18:39,4,18,39,20.1,69.0,10.5,626.0,91.0,38.9,0,正常
Day04-18:40,4,18,40,20.7,67.4,10.5,628.0,89.1,38.2,0,正常
Day04-18:41,4,18,41,20.4,68.2,5.7,602.0,90.7,38.5,0,正常
Day04-18:42,4,18,42,20.2,70.7,10.9,632.0,83.5,38.4,0,正常
Day04-18:43,4,18,43,20.8,70.4,8.5,628.0,100,38.6,0,正常
Day04-18:44,4,18,44,20.1,69.8,9.0,683.0,90.3,38.4,0,正常
Day04-18:45,4,18,45,20.6,70.0,8.3,533.0,91.8,38.1,0,正常
Day04-18:46,4,18,46,20.8,68.3,9.3,607.0,90.3,38.8,0,正常
Day04-18:47,4,18,47,20.4,69.8,8.6,602.0,91.1,39.1,0,正常
Day04-18:48,4,18,48,20.8,69.1,11.9,703.0,75.0,38.7,0,正常
Day04-18:49,4,18,49,20.5,70.4,9.8,683.0,97.2,38.4,0,正常
Day04-18:50,4,18,50,20.1,68.8,11.4,629.0,93.6,38.4,0,正常
Day04-18:51,4,18,51,20.6,68.3,11.5,663.0,88.7,38.0,0,正常
Day04-18:52,4,18,52,20.3,68.2,7.4,621.0,87.9,38.4,0,正常
Day04-18:53,4,18,53,21.0,69.7,8.9,476.0,85.2,38.6,0,正常
Day04-18:54,4,18,54,20.6,69.5,10.6,549.0,89.0,38.3,0,正常
Day04-18:55,4,18,55,20.4,68.9,6.7,609.0,88.4,38.7,0,正常
Day04-18:56,4,18,56,20.9,70.6,10.0,677.0,96.9,38.7,0,正常
Day04-18:57,4,18,57,20.5,67.8,9.0,641.0,81.2,38.2,0,正常
Day04-18:58,4,18,58,20.0,67.9,10.7,550.0,90.4,38.7,0,正常
Day04-18:59,4,18,59,20.8,70.5,8.8,635.0,92.2,38.4,0,正常
Day04-19:00,4,19,0,20.0,70.0,9.2,497.0,14.4,38.5,0,正常
Day04-19:01,4,19,1,20.0,71.2,10.7,466.0,21.5,38.4,0,正常
Day04-19:02,4,19,2,19.9,70.0,8.1,461.0,7.7,38.2,0,正常
Day04-19:03,4,19,3,19.7,69.1,8.3,514.0,12.8,38.5,0,正常
Day04-19:04,4,19,4,19.2,70.9,8.6,525.0,21.6,38.1,0,正常
Day04-19:05,4,19,5,19.9,69.8,8.7,594.0,20.3,38.5,0,正常
Day04-19:06,4,19,6,20.1,70.4,9.8,558.0,13.5,38.1,0,正常
Day04-19:07,4,19,7,20.1,69.0,7.9,595.0,12.3,38.2,0,正常
Day04-19:08,4,19,8,20.0,69.1,11.0,441.0,12.7,38.7,0,正常
Day04-19:09,4,19,9,19.8,71.2,7.4,410.0,12.1,38.7,0,正常
Day04-19:10,4,19,10,19.6,72.1,9.9,566.0,17.2,38.6,0,正常
Day04-19:11,4,19,11,19.8,71.8,6.9,474.0,12.3,38.7,0,正常
Day04-19:12,4,19,12,19.8,71.1,8.1,474.0,3.3,38.7,0,正常
Day04-19:13,4,19,13,19.8,68.5,9.0,486.0,12.2,38.6,0,正常
Day04-19:14,4,19,14,19.9,69.9,8.4,467.0,5.9,38.7,0,正常
Day04-19:15,4,19,15,19.7,70.6,8.7,487.0,11.1,38.4,0,正常
Day04-19:16,4,19,16,19.1,71.3,9.9,464.0,14.4,38.4,0,正常
Day04-19:17,4,19,17,19.7,71.1,5.9,428.0,19.3,38.6,0,正常
Day04-19:18,4,19,18,19.7,70.3,10.5,470.0,12.1,38.1,0,正常
Day04-19:19,4,19,19,19.9,70.6,7.5,494.0,17.2,38.5,0,正常
Day04-19:20,4,19,20,20.2,71.4,7.9,530.0,16.5,38.4,0,正常
Day04-19:21,4,19,21,19.9,70.7,7.7,428.0,14.3,38.1,0,正常
Day04-19:22,4,19,22,20.4,70.4,6.4,480.0,9.8,38.8,0,正常
Day04-19:23,4,19,23,19.5,70.7,10.2,513.0,12.4,38.3,0,正常
Day04-19:24,4,19,24,20.0,71.2,12.5,538.0,14.6,38.6,0,正常
Day04-19:25,4,19,25,19.5,70.7,8.7,542.0,17.6,38.6,0,正常
Day04-19:26,4,19,26,20.2,69.3,7.3,426.0,21.2,38.6,0,正常
Day04-19:27,4,19,27,20.1,71.0,7.3,426.0,11.8,38.2,0,正常
Day04-19:28,4,19,28,19.5,71.3,6.9,511.0,13.8,38.6,0,正常
Day04-19:29,4,19,29,19.3,69.8,7.3,476.0,13.7,38.5,0,正常
Day04-19:30,4,19,30,19.7,72.7,11.7,413.0,12.3,38.3,0,正常
Day04-19:31,4,19,31,19.8,71.2,10.1,508.0,12.9,38.6,0,正常
Day04-19:32,4,19,32,19.8,71.2,11.3,481.0,18.6,38.7,0,正常
Day04-19:33,4,19,33,19.5,69.9,9.6,498.0,17.4,38.6,0,正常
Day04-19:34,4,19,34,20.1,69.1,9.3,571.0,12.9,38.3,0,正常
Day04-19:35,4,19,35,20.0,70.9,9.3,441.0,21.6,37.8,0,正常
Day04-19:36,4,19,36,19.9,69.7,8.3,508.0,10.7,38.9,0,正常
Day04-19:37,4,19,37,19.6,70.5,9.2,415.0,20.6,38.3,0,正常
Day04-19:38,4,19,38,19.7,71.9,6.4,492.0,12.8,38.8,0,正常
Day04-19:39,4,19,39,20.2,69.9,8.6,497.0,17.7,38.6,0,正常
Day04-19:40,4,19,40,19.6,70.7,8.3,545.0,13.5,38.8,0,正常
Day04-19:41,4,19,41,20.0,70.9,9.0,475.0,17.6,38.7,0,正常
Day04-19:42,4,19,42,19.0,73.0,10.7,467.0,8.4,38.5,0,正常
Day04-19:43,4,19,43,20.0,69.6,7.4,497.0,20.2,38.5,0,正常
Day04-19:44,4,19,44,19.1,72.6,7.3,576.0,22.9,38.8,0,正常
Day04-19:45,4,19,45,20.0,72.1,9.0,558.0,13.9,39.0,0,正常
Day04-19:46,4,19,46,20.6,72.9,8.7,524.0,7.7,37.7,0,正常
Day04-19:47,4,19,47,19.5,71.2,9.8,477.0,21.3,38.3,0,正常
Day04-19:48,4,19,48,19.9,70.4,8.5,471.0,11.5,38.6,0,正常
Day04-19:49,4,19,49,19.7,70.5,8.8,499.0,11.9,39.1,0,正常
Day04-19:50,4,19,50,19.7,70.4,8.4,519.0,14.8,38.4,0,正常
Day04-19:51,4,19,51,19.3,71.0,8.7,554.0,18.8,38.5,0,正常
Day04-19:52,4,19,52,19.7,70.8,8.0,504.0,6.7,38.4,0,正常
Day04-19:53,4,19,53,20.0,71.1,10.8,552.0,19.1,38.3,0,正常
Day04-19:54,4,19,54,19.8,71.3,10.9,429.0,6.6,38.6,0,正常
Day04-19:55,4,19,55,20.2,70.3,10.3,407.0,23.5,38.3,0,正常
Day04-19:56,4,19,56,20.2,72.7,9.1,467.0,10.7,38.5,0,正常
Day04-19:57,4,19,57,19.8,70.2,10.9,540.0,16.4,38.5,0,正常
Day04-19:58,4,19,58,19.7,71.6,6.4,520.0,15.6,38.7,0,正常
Day04-19:59,4,19,59,20.0,69.3,11.7,502.0,17.2,38.7,0,正常
Day04-20:00,4,20,0,19.3,72.2,8.6,394.0,18.8,38.6,0,正常
Day04-20:01,4,20,1,19.1,73.8,6.5,506.0,15.1,38.1,0,正常
Day04-20:02,4,20,2,19.7,71.3,7.8,467.0,10.7,38.6,0,正常
Day04-20:03,4,20,3,19.6,71.3,8.4,443.0,17.4,39.2,0,正常
Day04-20:04,4,20,4,19.5,71.0,8.4,389.0,18.9,38.5,0,正常
Day04-20:05,4,20,5,19.4,72.1,7.3,316.0,6.2,38.7,0,正常
Day04-20:06,4,20,6,19.3,71.8,7.5,356.0,6.9,38.5,0,正常
Day04-20:07,4,20,7,19.3,71.8,6.3,371.0,18.2,38.4,0,正常
Day04-20:08,4,20,8,19.4,73.7,7.9,442.0,9.9,38.1,0,正常
Day04-20:09,4,20,9,19.5,73.8,5.1,343.0,19.5,38.4,0,正常
Day04-20:10,4,20,10,19.3,71.4,8.9,411.0,9.6,38.1,0,正常
Day04-20:11,4,20,11,19.6,72.2,6.0,364.0,22.3,38.7,0,正常
Day04-20:12,4,20,12,19.4,73.6,8.6,435.0,18.7,38.9,0,正常
Day04-20:13,4,20,13,19.5,70.2,9.5,399.0,13.6,38.3,0,正常
Day04-20:14,4,20,14,19.0,72.8,9.5,352.0,12.6,38.7,0,正常
Day04-20:15,4,20,15,20.0,70.9,8.0,422.0,15.2,38.3,0,正常
Day04-20:16,4,20,16,19.3,70.6,9.5,402.0,16.6,38.7,0,正常
Day04-20:17,4,20,17,19.2,71.8,6.6,315.0,15.7,38.8,0,正常
Day04-20:18,4,20,18,19.4,72.7,8.0,340.0,20.8,39.0,0,正常
Day04-20:19,4,20,19,19.6,71.7,7.6,384.0,8.8,38.2,0,正常
Day04-20:20,4,20,20,19.3,72.1,7.8,410.0,17.3,38.7,0,正常
Day04-20:21,4,20,21,19.4,71.3,12.1,363.0,10.1,37.9,0,正常
Day04-20:22,4,20,22,19.5,71.6,5.6,390.0,19.3,38.7,0,正常
Day04-20:23,4,20,23,19.3,72.8,7.7,308.0,11.0,38.6,0,正常
Day04-20:24,4,20,24,19.6,74.0,5.8,471.0,14.3,38.7,0,正常
Day04-20:25,4,20,25,19.1,72.4,8.5,388.0,17.3,38.2,0,正常
Day04-20:26,4,20,26,19.1,73.2,7.7,399.0,17.7,38.7,0,正常
Day04-20:27,4,20,27,19.4,72.5,5.5,429.0,19.6,38.8,0,正常
Day04-20:28,4,20,28,19.5,72.6,8.7,355.0,14.9,38.3,0,正常
Day04-20:29,4,20,29,19.4,71.9,5.3,437.0,3.5,38.5,0,正常
Day04-20:30,4,20,30,19.4,72.6,7.8,374.0,7.2,38.2,0,正常
Day04-20:31,4,20,31,19.8,71.9,9.7,398.0,14.3,38.4,0,正常
Day04-20:32,4,20,32,19.1,71.6,7.8,420.0,14.0,38.4,0,正常
Day04-20:33,4,20,33,19.2,71.3,7.2,415.0,15.3,38.2,0,正常
Day04-20:34,4,20,34,19.3,72.0,8.1,325.0,6.5,38.5,0,正常
Day04-20:35,4,20,35,19.7,70.7,5.6,416.0,13.9,38.6,0,正常
Day04-20:36,4,20,36,20.1,73.9,7.6,335.0,10.5,38.7,0,正常
Day04-20:37,4,20,37,19.5,70.2,7.4,305.0,18.5,38.7,0,正常
Day04-20:38,4,20,38,19.9,72.4,8.0,400.0,18.2,38.4,0,正常
Day04-20:39,4,20,39,19.6,68.5,7.0,511.0,15.5,38.4,0,正常
Day04-20:40,4,20,40,19.6,72.3,8.3,407.0,16.9,38.1,0,正常
Day04-20:41,4,20,41,19.2,72.6,8.8,452.0,14.4,39.0,0,正常
Day04-20:42,4,20,42,19.4,72.0,9.8,422.0,7.4,38.7,0,正常
Day04-20:43,4,20,43,19.6,71.9,11.0,428.0,9.2,38.2,0,正常
Day04-20:44,4,20,44,19.1,71.6,7.7,428.0,15.3,38.1,0,正常
Day04-20:45,4,20,45,19.4,72.0,9.2,409.0,16.8,38.3,0,正常
Day04-20:46,4,20,46,19.5,73.0,9.0,469.0,17.1,38.5,0,正常
Day04-20:47,4,20,47,18.7,71.6,7.6,444.0,9.7,38.9,0,正常
Day04-20:48,4,20,48,19.5,72.3,6.6,428.0,13.1,38.6,0,正常
Day04-20:49,4,20,49,19.2,72.8,6.7,420.0,24.8,38.5,0,正常
Day04-20:50,4,20,50,19.3,72.6,7.2,328.0,18.8,38.5,0,正常
Day04-20:51,4,20,51,19.4,72.8,9.4,369.0,12.3,38.3,0,正常
Day04-20:52,4,20,52,19.5,71.4,8.8,317.0,15.5,37.8,0,正常
Day04-20:53,4,20,53,19.2,72.6,7.9,442.0,13.0,38.8,0,正常
Day04-20:54,4,20,54,19.4,73.2,9.6,420.0,8.1,38.4,0,正常
Day04-20:55,4,20,55,19.4,71.1,6.5,367.0,15.1,38.4,0,正常
Day04-20:56,4,20,56,19.5,71.8,9.1,360.0,11.3,38.4,0,正常
Day04-20:57,4,20,57,19.2,73.2,10.6,444.0,13.7,38.8,0,正常
Day04-20:58,4,20,58,19.6,72.7,9.9,373.0,12.9,38.4,0,正常
Day04-20:59,4,20,59,19.5,72.3,5.9,346.0,13.8,38.4,0,正常
Day04-21:00,4,21,0,19.1,72.6,9.0,328.0,11.3,38.4,0,正常
Day04-21:01,4,21,1,18.5,73.0,7.0,265.0,27.1,38.6,0,正常
Day04-21:02,4,21,2,18.7,73.5,9.6,309.0,16.3,38.6,0,正常
Day04-21:03,4,21,3,19.2,74.2,6.0,334.0,12.8,38.2,0,正常
Day04-21:04,4,21,4,19.3,72.4,5.1,340.0,12.8,38.7,0,正常
Day04-21:05,4,21,5,19.4,73.1,7.6,275.0,8.1,38.4,0,正常
Day04-21:06,4,21,6,19.2,71.3,6.9,339.0,17.2,38.5,0,正常
Day04-21:07,4,21,7,19.1,73.1,6.6,333.0,20.7,38.9,0,正常
Day04-21:08,4,21,8,19.8,72.7,8.7,378.0,16.5,39.0,0,正常
Day04-21:09,4,21,9,19.0,73.0,5.8,308.0,23.2,38.2,0,正常
Day04-21:10,4,21,10,18.9,73.0,6.3,340.0,17.8,38.2,0,正常
Day04-21:11,4,21,11,19.3,73.2,6.6,372.0,17.2,38.4,0,正常
Day04-21:12,4,21,12,18.7,72.2,5.7,312.0,13.5,38.1,0,正常
Day04-21:13,4,21,13,19.4,73.2,5.4,328.0,18.7,38.0,0,正常
Day04-21:14,4,21,14,19.2,73.5,8.1,306.0,25.7,38.9,0,正常
Day04-21:15,4,21,15,19.3,72.1,7.4,376.0,18.0,38.3,0,正常
Day04-21:16,4,21,16,18.8,73.6,5.9,338.0,21.8,38.3,0,正常
Day04-21:17,4,21,17,19.4,70.5,6.6,344.0,18.5,38.4,0,正常
Day04-21:18,4,21,18,19.3,70.8,6.0,264.0,16.7,38.6,0,正常
Day04-21:19,4,21,19,18.9,72.9,6.0,206.0,10.7,38.5,0,正常
Day04-21:20,4,21,20,19.3,72.6,10.2,315.0,14.9,37.9,0,正常
Day04-21:21,4,21,21,19.4,72.8,7.0,305.0,13.5,38.6,0,正常
Day04-21:22,4,21,22,19.2,73.7,8.2,272.0,14.1,38.6,0,正常
Day04-21:23,4,21,23,18.9,72.9,7.6,273.0,16.6,38.2,0,正常
Day04-21:24,4,21,24,19.4,72.5,7.4,315.0,15.0,38.7,0,正常
Day04-21:25,4,21,25,18.8,73.5,6.1,314.0,14.0,38.8,0,正常
Day04-21:26,4,21,26,19.3,71.2,9.9,289.0,11.4,38.6,0,正常
Day04-21:27,4,21,27,19.2,71.5,6.7,305.0,12.2,38.4,0,正常
Day04-21:28,4,21,28,19.2,72.7,5.3,337.0,15.6,38.0,0,正常
Day04-21:29,4,21,29,18.6,71.1,6.6,402.0,15.4,38.5,0,正常
Day04-21:30,4,21,30,19.3,71.9,5.1,203.0,16.3,38.4,0,正常
Day04-21:31,4,21,31,19.1,73.1,7.7,328.0,21.2,38.3,0,正常
Day04-21:32,4,21,32,18.8,73.6,5.2,331.0,22.2,38.9,0,正常
Day04-21:33,4,21,33,19.2,71.6,5.2,315.0,7.3,38.6,0,正常
Day04-21:34,4,21,34,18.8,73.1,6.0,295.0,18.9,38.3,0,正常
Day04-21:35,4,21,35,19.1,73.1,6.4,382.0,11.3,38.2,0,正常
Day04-21:36,4,21,36,19.2,73.1,8.5,299.0,8.6,38.6,0,正常
Day04-21:37,4,21,37,18.8,70.8,7.6,381.0,18.7,38.8,0,正常
Day04-21:38,4,21,38,19.5,73.3,6.4,275.0,14.7,38.1,0,正常
Day04-21:39,4,21,39,18.6,70.2,5.6,418.0,4.9,38.6,0,正常
Day04-21:40,4,21,40,19.2,71.6,7.4,212.0,20.1,38.0,0,正常
Day04-21:41,4,21,41,18.8,72.9,8.7,339.0,7.8,38.5,0,正常
Day04-21:42,4,21,42,18.9,72.6,5.9,298.0,12.0,38.2,0,正常
Day04-21:43,4,21,43,19.6,70.5,8.1,296.0,17.4,38.6,0,正常
Day04-21:44,4,21,44,18.9,72.9,9.9,385.0,16.5,38.5,0,正常
Day04-21:45,4,21,45,19.7,72.2,7.3,355.0,21.3,38.4,0,正常
Day04-21:46,4,21,46,18.7,72.5,7.4,302.0,14.3,38.6,0,正常
Day04-21:47,4,21,47,19.6,73.6,6.0,294.0,21.4,38.6,0,正常
Day04-21:48,4,21,48,18.5,73.0,6.3,344.0,11.7,38.4,0,正常
Day04-21:49,4,21,49,19.3,72.4,8.2,245.0,13.1,38.6,0,正常
Day04-21:50,4,21,50,19.3,72.0,7.0,219.0,7.6,38.7,0,正常
Day04-21:51,4,21,51,19.1,73.9,8.7,318.0,11.9,38.2,0,正常
Day04-21:52,4,21,52,19.3,71.5,8.1,319.0,11.5,39.0,0,正常
Day04-21:53,4,21,53,19.0,71.9,2.8,194.0,18.6,38.1,0,正常
Day04-21:54,4,21,54,19.1,71.8,8.4,304.0,13.9,38.5,0,正常
Day04-21:55,4,21,55,19.2,72.3,5.6,336.0,14.1,38.8,0,正常
Day04-21:56,4,21,56,19.0,73.4,7.3,274.0,15.2,38.6,0,正常
Day04-21:57,4,21,57,19.1,73.1,10.9,411.0,13.0,38.3,0,正常
Day04-21:58,4,21,58,18.4,74.0,7.3,280.0,16.0,38.4,0,正常
Day04-21:59,4,21,59,19.7,72.4,8.2,323.0,20.5,38.2,0,正常
Day04-22:00,4,22,0,18.6,74.1,16.4,2034.0,12.5,38.3,0,氨气蓄积
Day04-22:01,4,22,1,19.1,74.4,12.6,1950.0,21.4,38.3,0,氨气蓄积
Day04-22:02,4,22,2,19.2,73.7,15.2,1932.0,15.9,38.4,0,氨气蓄积
Day04-22:03,4,22,3,19.0,73.1,14.6,1963.0,17.7,37.9,0,氨气蓄积
Day04-22:04,4,22,4,18.7,72.4,13.7,2010.0,11.5,38.0,0,氨气蓄积
Day04-22:05,4,22,5,19.2,72.6,18.1,1893.0,16.0,38.9,0,氨气蓄积
Day04-22:06,4,22,6,19.1,73.6,16.1,1960.0,12.9,38.8,0,氨气蓄积
Day04-22:07,4,22,7,18.8,73.5,14.0,2041.0,22.0,38.1,0,氨气蓄积
Day04-22:08,4,22,8,18.5,72.6,15.1,1942.0,10.9,38.9,0,氨气蓄积
Day04-22:09,4,22,9,18.3,73.0,17.2,1974.0,12.0,38.3,0,氨气蓄积
Day04-22:10,4,22,10,19.0,72.5,15.3,1949.0,18.2,38.4,0,氨气蓄积
Day04-22:11,4,22,11,18.6,75.0,13.6,1990.0,12.7,39.0,0,氨气蓄积
Day04-22:12,4,22,12,18.7,73.9,15.1,2004.0,21.1,38.7,0,氨气蓄积
Day04-22:13,4,22,13,19.0,73.5,16.1,2031.0,23.8,38.7,0,氨气蓄积
Day04-22:14,4,22,14,19.5,71.1,13.9,2065.0,20.3,38.7,0,氨气蓄积
Day04-22:15,4,22,15,19.2,73.6,16.5,2078.0,14.5,38.6,0,氨气蓄积
Day04-22:16,4,22,16,18.9,73.1,14.2,1933.0,15.5,38.5,0,氨气蓄积
Day04-22:17,4,22,17,18.8,73.2,13.3,1986.0,13.9,38.6,0,氨气蓄积
Day04-22:18,4,22,18,18.6,72.4,14.7,2013.0,12.0,38.4,0,氨气蓄积
Day04-22:19,4,22,19,19.1,74.4,18.4,2025.0,10.8,38.4,0,氨气蓄积
Day04-22:20,4,22,20,18.8,74.1,15.5,1958.0,23.1,38.4,0,氨气蓄积
Day04-22:21,4,22,21,19.2,73.6,14.3,1997.0,20.1,38.6,0,氨气蓄积
Day04-22:22,4,22,22,19.2,72.4,16.6,2027.0,22.6,38.6,0,氨气蓄积
Day04-22:23,4,22,23,18.4,73.1,13.0,1954.0,16.1,38.2,0,氨气蓄积
Day04-22:24,4,22,24,19.2,73.2,16.5,2000.0,19.4,38.6,0,氨气蓄积
Day04-22:25,4,22,25,19.1,73.2,15.1,1994.0,16.7,38.5,0,氨气蓄积
Day04-22:26,4,22,26,18.5,72.1,13.2,2017.0,14.6,38.2,0,氨气蓄积
Day04-22:27,4,22,27,18.9,72.9,13.8,1999.0,13.8,38.6,0,氨气蓄积
Day04-22:28,4,22,28,19.4,72.1,12.5,1985.0,5.2,38.3,0,氨气蓄积
Day04-22:29,4,22,29,18.9,72.7,10.8,1939.0,13.2,38.0,0,氨气蓄积
Day04-22:30,4,22,30,18.9,74.4,16.2,1939.0,19.9,38.5,0,氨气蓄积
Day04-22:31,4,22,31,19.0,73.1,17.2,2005.0,11.8,38.4,0,氨气蓄积
Day04-22:32,4,22,32,18.7,72.6,14.4,1998.0,13.5,38.3,0,氨气蓄积
Day04-22:33,4,22,33,19.1,71.5,15.9,1999.0,16.2,38.4,0,氨气蓄积
Day04-22:34,4,22,34,18.6,72.7,14.6,1956.0,12.1,37.9,0,氨气蓄积
Day04-22:35,4,22,35,18.7,71.9,17.9,2033.0,16.3,38.7,0,氨气蓄积
Day04-22:36,4,22,36,19.4,71.9,14.1,2142.0,8.2,38.0,0,氨气蓄积
Day04-22:37,4,22,37,18.9,73.4,12.7,2077.0,10.5,38.0,0,氨气蓄积
Day04-22:38,4,22,38,19.1,72.3,16.4,1959.0,18.9,38.5,0,氨气蓄积
Day04-22:39,4,22,39,18.7,71.8,14.8,1996.0,4.3,38.9,0,氨气蓄积
Day04-22:40,4,22,40,19.2,73.1,15.0,1865.0,18.6,38.1,0,氨气蓄积
Day04-22:41,4,22,41,19.3,73.2,15.3,2065.0,13.3,38.2,0,氨气蓄积
Day04-22:42,4,22,42,19.5,73.0,12.9,1999.0,15.2,38.6,0,氨气蓄积
Day04-22:43,4,22,43,19.0,73.8,16.1,1977.0,14.7,38.1,0,氨气蓄积
Day04-22:44,4,22,44,19.5,72.9,14.4,2047.0,17.5,38.5,0,氨气蓄积
Day04-22:45,4,22,45,19.0,72.9,15.5,2066.0,6.3,38.2,0,氨气蓄积
Day04-22:46,4,22,46,19.8,73.5,16.0,2028.0,17.4,38.5,0,氨气蓄积
Day04-22:47,4,22,47,19.2,72.7,15.0,1982.0,0.5,38.7,0,氨气蓄积
Day04-22:48,4,22,48,19.1,72.6,13.5,2093.0,20.7,38.7,0,氨气蓄积
Day04-22:49,4,22,49,19.0,74.2,16.0,2115.0,9.3,38.5,0,氨气蓄积
Day04-22:50,4,22,50,19.0,74.3,13.5,1991.0,17.1,38.6,0,氨气蓄积
Day04-22:51,4,22,51,19.3,72.0,12.9,2043.0,5.5,38.2,0,氨气蓄积
Day04-22:52,4,22,52,19.0,73.0,15.6,1985.0,10.1,38.3,0,氨气蓄积
Day04-22:53,4,22,53,19.2,73.0,14.3,2000.0,17.6,38.5,0,氨气蓄积
Day04-22:54,4,22,54,19.2,73.9,13.8,1831.0,18.1,37.8,0,氨气蓄积
Day04-22:55,4,22,55,19.1,74.0,14.5,2019.0,18.4,38.2,0,氨气蓄积
Day04-22:56,4,22,56,19.3,73.9,16.8,1940.0,18.3,38.7,0,氨气蓄积
Day04-22:57,4,22,57,18.4,75.3,14.4,1895.0,20.8,38.5,0,氨气蓄积
Day04-22:58,4,22,58,19.4,72.3,14.4,2043.0,4.3,38.6,0,氨气蓄积
Day04-22:59,4,22,59,18.7,71.7,15.3,1996.0,17.6,38.4,0,氨气蓄积
Day04-23:00,4,23,0,19.2,73.1,19.6,1967.0,15.9,38.1,0,氨气蓄积
Day04-23:01,4,23,1,19.1,72.6,14.3,1991.0,8.9,37.8,0,氨气蓄积
Day04-23:02,4,23,2,19.1,73.4,19.6,2003.0,14.7,37.9,0,氨气蓄积
Day04-23:03,4,23,3,19.0,73.0,17.8,1963.0,11.5,38.5,0,氨气蓄积
Day04-23:04,4,23,4,19.0,73.3,20.1,1995.0,12.2,38.2,0,氨气蓄积
Day04-23:05,4,23,5,19.2,71.7,16.9,1942.0,9.9,38.5,0,氨气蓄积
Day04-23:06,4,23,6,19.8,72.1,17.8,1995.0,14.2,38.4,0,氨气蓄积
Day04-23:07,4,23,7,19.0,72.8,16.1,1969.0,13.9,38.6,0,氨气蓄积
Day04-23:08,4,23,8,18.6,73.2,18.2,1981.0,14.0,38.3,0,氨气蓄积
Day04-23:09,4,23,9,18.7,73.1,19.5,1989.0,14.5,39.0,0,氨气蓄积
Day04-23:10,4,23,10,19.1,72.8,18.3,1933.0,13.3,37.9,0,氨气蓄积
Day04-23:11,4,23,11,19.7,73.3,17.5,1939.0,13.4,38.2,0,氨气蓄积
Day04-23:12,4,23,12,19.0,72.2,18.8,2014.0,14.4,38.7,0,氨气蓄积
Day04-23:13,4,23,13,18.9,75.9,17.0,2037.0,13.0,38.1,0,氨气蓄积
Day04-23:14,4,23,14,19.2,73.1,18.5,2020.0,12.8,38.9,0,氨气蓄积
Day04-23:15,4,23,15,19.0,71.9,18.8,1910.0,8.8,38.3,0,氨气蓄积
Day04-23:16,4,23,16,19.4,72.7,18.4,2034.0,15.1,38.2,0,氨气蓄积
Day04-23:17,4,23,17,18.7,72.2,22.0,1990.0,17.3,38.7,0,氨气蓄积
Day04-23:18,4,23,18,18.9,70.5,19.6,2041.0,13.9,38.8,0,氨气蓄积
Day04-23:19,4,23,19,19.1,71.6,15.4,1992.0,14.5,38.5,0,氨气蓄积
Day04-23:20,4,23,20,18.8,71.1,17.6,2059.0,17.9,39.1,0,氨气蓄积
Day04-23:21,4,23,21,19.3,71.8,17.4,2012.0,18.5,38.4,0,氨气蓄积
Day04-23:22,4,23,22,19.0,72.9,16.9,2014.0,19.4,38.1,0,氨气蓄积
Day04-23:23,4,23,23,19.6,70.8,18.0,2017.0,25.1,37.7,0,氨气蓄积
Day04-23:24,4,23,24,19.1,74.4,16.9,2009.0,15.3,38.3,0,氨气蓄积
Day04-23:25,4,23,25,18.6,73.1,19.7,1976.0,17.4,37.8,0,氨气蓄积
Day04-23:26,4,23,26,19.0,72.6,17.1,1948.0,17.2,38.3,0,氨气蓄积
Day04-23:27,4,23,27,19.2,73.2,20.8,2025.0,12.1,38.0,0,氨气蓄积
Day04-23:28,4,23,28,19.4,73.0,14.9,1954.0,19.2,38.6,0,氨气蓄积
Day04-23:29,4,23,29,19.1,72.1,18.2,2011.0,20.2,38.8,0,氨气蓄积
Day04-23:30,4,23,30,18.6,74.9,16.4,2090.0,18.7,38.4,0,氨气蓄积
Day04-23:31,4,23,31,19.0,75.3,20.2,2047.0,17.1,38.0,0,氨气蓄积
Day04-23:32,4,23,32,18.9,74.0,17.7,2017.0,15.1,38.6,0,氨气蓄积
Day04-23:33,4,23,33,19.2,73.2,20.8,1901.0,12.8,38.7,0,氨气蓄积
Day04-23:34,4,23,34,19.4,73.7,18.2,2051.0,12.4,38.1,0,氨气蓄积
Day04-23:35,4,23,35,19.5,71.5,19.5,1983.0,13.4,38.9,0,氨气蓄积
Day04-23:36,4,23,36,19.6,71.6,17.8,1980.0,21.5,38.2,0,氨气蓄积
Day04-23:37,4,23,37,19.2,71.9,19.7,2099.0,6.9,38.4,0,氨气蓄积
Day04-23:38,4,23,38,19.3,72.8,16.7,1934.0,12.5,38.3,0,氨气蓄积
Day04-23:39,4,23,39,18.7,73.6,16.4,1952.0,19.7,38.7,0,氨气蓄积
Day04-23:40,4,23,40,19.4,73.2,19.2,1961.0,15.9,38.2,0,氨气蓄积
Day04-23:41,4,23,41,19.6,73.0,18.8,2040.0,16.1,38.3,0,氨气蓄积
Day04-23:42,4,23,42,19.6,73.4,15.1,2025.0,11.7,38.1,0,氨气蓄积
Day04-23:43,4,23,43,19.1,72.8,17.0,2089.0,12.8,38.4,0,氨气蓄积
Day04-23:44,4,23,44,19.1,73.9,19.7,2105.0,10.2,38.4,0,氨气蓄积
Day04-23:45,4,23,45,19.1,70.5,16.8,1967.0,6.7,38.1,0,氨气蓄积
Day04-23:46,4,23,46,19.2,73.0,17.7,2005.0,29.8,38.1,0,氨气蓄积
Day04-23:47,4,23,47,19.1,71.9,14.7,2051.0,11.8,38.8,0,氨气蓄积
Day04-23:48,4,23,48,18.9,72.4,18.7,2009.0,11.8,38.1,0,氨气蓄积
Day04-23:49,4,23,49,19.3,73.2,16.6,1972.0,10.0,39.1,0,氨气蓄积
Day04-23:50,4,23,50,19.4,71.7,18.5,1987.0,22.7,38.4,0,氨气蓄积
Day04-23:51,4,23,51,19.1,74.0,16.7,2081.0,12.9,38.8,0,氨气蓄积
Day04-23:52,4,23,52,18.9,72.0,16.7,2077.0,4.0,38.5,0,氨气蓄积
Day04-23:53,4,23,53,19.2,72.1,20.2,2041.0,16.0,38.8,0,氨气蓄积
Day04-23:54,4,23,54,19.4,73.8,18.5,2051.0,11.2,38.3,0,氨气蓄积
Day04-23:55,4,23,55,18.9,71.7,20.3,2044.0,9.2,38.4,0,氨气蓄积
Day04-23:56,4,23,56,19.4,71.2,17.9,1969.0,18.8,38.1,0,氨气蓄积
Day04-23:57,4,23,57,19.5,72.6,15.1,1985.0,16.6,38.6,0,氨气蓄积
Day04-23:58,4,23,58,19.6,72.0,20.0,2067.0,18.9,38.5,0,氨气蓄积
Day04-23:59,4,23,59,18.9,71.3,20.1,1986.0,11.8,38.6,0,氨气蓄积
Day05-00:00,5,0,0,19.8,70.7,21.0,1992.0,20.2,38.7,0,氨气蓄积
Day05-00:01,5,0,1,19.7,71.7,20.1,1972.0,9.6,38.5,0,氨气蓄积
Day05-00:02,5,0,2,19.8,72.1,21.3,1942.0,18.0,38.3,0,氨气蓄积
Day05-00:03,5,0,3,19.1,72.7,23.3,1938.0,8.1,38.5,0,氨气蓄积
Day05-00:04,5,0,4,19.6,74.5,21.7,2029.0,11.6,38.2,0,氨气蓄积
Day05-00:05,5,0,5,19.5,72.6,20.9,1940.0,15.6,38.7,0,氨气蓄积
Day05-00:06,5,0,6,19.2,72.2,21.2,2024.0,9.7,38.3,0,氨气蓄积
Day05-00:07,5,0,7,19.6,72.5,21.2,1982.0,18.1,38.6,0,氨气蓄积
Day05-00:08,5,0,8,19.4,72.3,23.8,2063.0,18.3,38.3,0,氨气蓄积
Day05-00:09,5,0,9,19.2,70.6,21.4,1968.0,17.9,38.9,0,氨气蓄积
Day05-00:10,5,0,10,19.8,72.5,23.1,1997.0,14.1,38.8,0,氨气蓄积
Day05-00:11,5,0,11,19.4,74.0,24.0,2036.0,9.7,38.6,0,氨气蓄积
Day05-00:12,5,0,12,20.0,72.8,21.7,2051.0,12.8,38.0,0,氨气蓄积
Day05-00:13,5,0,13,18.8,71.5,19.1,1974.0,23.7,38.1,0,氨气蓄积
Day05-00:14,5,0,14,18.9,73.3,20.0,2087.0,19.4,38.4,0,氨气蓄积
Day05-00:15,5,0,15,19.1,72.9,20.3,2051.0,14.1,38.3,0,氨气蓄积
Day05-00:16,5,0,16,19.2,72.3,20.6,1955.0,9.0,38.7,0,氨气蓄积
Day05-00:17,5,0,17,19.3,74.3,19.5,1991.0,17.5,38.8,0,氨气蓄积
Day05-00:18,5,0,18,20.0,71.0,21.6,1912.0,15.6,38.2,0,氨气蓄积
Day05-00:19,5,0,19,18.8,72.2,22.9,1967.0,15.0,38.9,0,氨气蓄积
Day05-00:20,5,0,20,19.0,73.5,22.1,1949.0,7.5,38.5,0,氨气蓄积
Day05-00:21,5,0,21,19.4,70.3,20.9,1986.0,16.0,38.3,0,氨气蓄积
Day05-00:22,5,0,22,19.3,72.4,22.8,2029.0,14.3,38.6,0,氨气蓄积
Day05-00:23,5,0,23,19.1,73.1,20.9,1990.0,11.2,38.6,0,氨气蓄积
Day05-00:24,5,0,24,19.5,71.0,19.6,2058.0,21.0,38.2,0,氨气蓄积
Day05-00:25,5,0,25,19.0,71.6,20.1,2003.0,12.7,38.4,0,氨气蓄积
Day05-00:26,5,0,26,19.1,71.0,20.4,2034.0,20.8,38.5,0,氨气蓄积
Day05-00:27,5,0,27,19.4,72.5,19.6,1990.0,23.3,38.5,0,氨气蓄积
Day05-00:28,5,0,28,20.0,71.4,22.4,2020.0,19.4,38.4,0,氨气蓄积
Day05-00:29,5,0,29,19.3,71.1,20.2,1996.0,17.6,38.2,0,氨气蓄积
Day05-00:30,5,0,30,19.8,69.7,19.1,2003.0,20.2,38.8,0,氨气蓄积
Day05-00:31,5,0,31,19.0,71.5,20.3,2011.0,24.6,38.7,0,氨气蓄积
Day05-00:32,5,0,32,19.7,71.1,20.8,2002.0,14.8,37.9,0,氨气蓄积
Day05-00:33,5,0,33,19.2,73.0,20.4,1991.0,7.8,38.4,0,氨气蓄积
Day05-00:34,5,0,34,19.6,70.0,19.5,1920.0,15.0,38.4,0,氨气蓄积
Day05-00:35,5,0,35,19.6,70.3,20.6,2037.0,14.3,38.5,0,氨气蓄积
Day05-00:36,5,0,36,19.5,70.9,22.1,1990.0,7.2,38.3,0,氨气蓄积
Day05-00:37,5,0,37,19.5,72.0,20.6,1922.0,12.2,38.3,0,氨气蓄积
Day05-00:38,5,0,38,19.6,70.8,21.2,1993.0,19.0,38.3,0,氨气蓄积
Day05-00:39,5,0,39,18.8,71.2,24.5,1993.0,9.4,38.6,0,氨气蓄积
Day05-00:40,5,0,40,19.1,72.7,19.9,2060.0,17.3,38.9,0,氨气蓄积
Day05-00:41,5,0,41,19.5,71.8,19.9,2006.0,17.8,38.3,0,氨气蓄积
Day05-00:42,5,0,42,19.3,72.2,23.4,2011.0,17.4,38.2,0,氨气蓄积
Day05-00:43,5,0,43,19.5,71.5,20.8,1967.0,4.9,38.3,0,氨气蓄积
Day05-00:44,5,0,44,19.9,72.5,23.2,2033.0,22.0,38.3,0,氨气蓄积
Day05-00:45,5,0,45,19.3,72.9,19.6,1980.0,18.1,38.2,0,氨气蓄积
Day05-00:46,5,0,46,19.1,70.6,22.4,1931.0,9.1,38.6,0,氨气蓄积
Day05-00:47,5,0,47,19.2,72.0,22.8,2019.0,14.2,38.3,0,氨气蓄积
Day05-00:48,5,0,48,18.9,71.6,20.3,2070.0,15.1,38.3,0,氨气蓄积
Day05-00:49,5,0,49,19.4,72.2,21.7,1946.0,24.0,38.2,0,氨气蓄积
Day05-00:50,5,0,50,19.7,71.4,21.7,2069.0,10.2,38.5,0,氨气蓄积
Day05-00:51,5,0,51,19.2,74.0,21.8,2022.0,11.2,38.1,0,氨气蓄积
Day05-00:52,5,0,52,19.5,71.8,22.8,1973.0,22.5,38.9,0,氨气蓄积
Day05-00:53,5,0,53,19.5,71.0,20.9,1965.0,12.9,38.3,0,氨气蓄积
Day05-00:54,5,0,54,19.0,71.5,20.2,1948.0,10.9,38.2,0,氨气蓄积
Day05-00:55,5,0,55,19.6,71.8,24.0,1974.0,13.3,38.7,0,氨气蓄积
Day05-00:56,5,0,56,19.3,73.6,20.3,1997.0,21.7,38.5,0,氨气蓄积
Day05-00:57,5,0,57,19.3,72.5,21.6,2000.0,9.3,38.7,0,氨气蓄积
Day05-00:58,5,0,58,19.8,71.5,22.2,1973.0,18.1,38.1,0,氨气蓄积
Day05-00:59,5,0,59,19.4,71.4,21.5,2042.0,10.8,39.2,0,氨气蓄积
Day05-01:00,5,1,0,20.4,69.4,26.7,2006.0,7.4,38.3,0,氨气蓄积
Day05-01:01,5,1,1,19.7,73.9,24.4,1964.0,19.6,37.9,0,氨气蓄积
Day05-01:02,5,1,2,19.9,70.0,23.6,1963.0,21.7,38.8,0,氨气蓄积
Day05-01:03,5,1,3,19.7,71.6,23.5,1997.0,14.3,38.8,0,氨气蓄积
Day05-01:04,5,1,4,19.9,71.6,26.5,2057.0,10.3,38.6,0,氨气蓄积
Day05-01:05,5,1,5,19.4,70.5,23.2,2027.0,15.9,38.2,0,氨气蓄积
Day05-01:06,5,1,6,20.0,70.5,23.8,1976.0,16.7,38.0,0,氨气蓄积
Day05-01:07,5,1,7,19.6,70.5,21.3,2050.0,15.8,38.4,0,氨气蓄积
Day05-01:08,5,1,8,19.5,69.7,25.5,1970.0,21.1,38.9,0,氨气蓄积
Day05-01:09,5,1,9,20.2,71.3,26.0,1919.0,18.4,38.5,0,氨气蓄积
Day05-01:10,5,1,10,20.3,70.8,25.7,2154.0,17.5,38.6,0,氨气蓄积
Day05-01:11,5,1,11,20.1,72.0,24.8,1962.0,22.7,38.4,0,氨气蓄积
Day05-01:12,5,1,12,19.6,71.2,26.4,1938.0,16.7,38.6,0,氨气蓄积
Day05-01:13,5,1,13,19.8,71.6,23.3,1988.0,13.8,38.7,0,氨气蓄积
Day05-01:14,5,1,14,19.6,68.9,23.8,2079.0,15.9,38.1,0,氨气蓄积
Day05-01:15,5,1,15,19.8,70.0,25.3,1963.0,18.2,38.1,0,氨气蓄积
Day05-01:16,5,1,16,20.1,71.6,26.4,1940.0,12.0,38.2,0,氨气蓄积
Day05-01:17,5,1,17,19.4,70.8,25.1,1992.0,16.4,38.4,0,氨气蓄积
Day05-01:18,5,1,18,20.3,71.6,25.8,1970.0,18.7,38.5,0,氨气蓄积
Day05-01:19,5,1,19,19.9,71.7,28.2,1951.0,12.8,38.0,0,氨气蓄积
Day05-01:20,5,1,20,20.2,70.5,23.0,2006.0,7.4,37.4,0,氨气蓄积
Day05-01:21,5,1,21,19.6,70.3,23.7,2065.0,12.6,38.4,0,氨气蓄积
Day05-01:22,5,1,22,19.7,69.9,27.5,1920.0,13.7,38.6,0,氨气蓄积
Day05-01:23,5,1,23,20.1,70.1,24.3,1894.0,20.9,38.0,0,氨气蓄积
Day05-01:24,5,1,24,19.7,70.4,25.2,1939.0,15.4,38.5,0,氨气蓄积
Day05-01:25,5,1,25,19.9,70.9,26.3,1979.0,15.3,38.7,0,氨气蓄积
Day05-01:26,5,1,26,19.9,69.5,25.1,1947.0,24.0,39.0,0,氨气蓄积
Day05-01:27,5,1,27,20.0,70.3,25.3,2007.0,17.5,38.9,0,氨气蓄积
Day05-01:28,5,1,28,19.7,70.7,25.5,2045.0,25.9,38.8,0,氨气蓄积
Day05-01:29,5,1,29,19.6,72.7,23.8,2062.0,19.5,38.7,0,氨气蓄积
Day05-01:30,5,1,30,19.3,70.7,23.4,2040.0,16.3,38.9,0,氨气蓄积
Day05-01:31,5,1,31,19.8,71.0,24.4,2016.0,18.5,38.1,0,氨气蓄积
Day05-01:32,5,1,32,20.0,71.4,23.3,2092.0,22.2,38.6,0,氨气蓄积
Day05-01:33,5,1,33,19.6,71.0,25.7,2001.0,9.3,38.4,0,氨气蓄积
Day05-01:34,5,1,34,20.0,69.7,26.4,1960.0,16.8,38.1,0,氨气蓄积
Day05-01:35,5,1,35,20.2,73.6,24.5,1999.0,6.5,38.9,0,氨气蓄积
Day05-01:36,5,1,36,19.7,70.2,23.2,2002.0,19.5,38.3,0,氨气蓄积
Day05-01:37,5,1,37,20.3,69.7,24.5,2009.0,18.8,38.4,0,氨气蓄积
Day05-01:38,5,1,38,20.1,70.0,27.2,2074.0,8.0,38.6,0,氨气蓄积
Day05-01:39,5,1,39,20.0,69.7,26.9,2035.0,19.4,38.4,0,氨气蓄积
Day05-01:40,5,1,40,20.0,71.7,26.0,1988.0,19.6,38.0,0,氨气蓄积
Day05-01:41,5,1,41,20.2,70.2,25.2,2008.0,16.5,38.3,0,氨气蓄积
Day05-01:42,5,1,42,19.8,72.2,26.3,2028.0,29.1,38.4,0,氨气蓄积
Day05-01:43,5,1,43,20.7,72.0,25.3,1917.0,13.1,38.1,0,氨气蓄积
Day05-01:44,5,1,44,19.9,69.5,24.1,1978.0,9.9,38.8,0,氨气蓄积
Day05-01:45,5,1,45,20.5,69.0,25.4,1967.0,9.3,38.4,0,氨气蓄积
Day05-01:46,5,1,46,19.7,70.8,24.2,2068.0,10.9,38.6,0,氨气蓄积
Day05-01:47,5,1,47,20.1,69.5,24.6,2053.0,20.4,38.8,0,氨气蓄积
Day05-01:48,5,1,48,19.9,69.2,26.3,2051.0,13.5,38.5,0,氨气蓄积
Day05-01:49,5,1,49,19.4,71.5,24.9,1956.0,22.9,38.3,0,氨气蓄积
Day05-01:50,5,1,50,19.6,70.6,25.2,1935.0,18.5,38.0,0,氨气蓄积
Day05-01:51,5,1,51,19.6,72.1,24.5,2054.0,20.5,38.8,0,氨气蓄积
Day05-01:52,5,1,52,19.9,71.2,26.0,1970.0,11.9,38.6,0,氨气蓄积
Day05-01:53,5,1,53,19.4,71.3,24.3,2091.0,10.0,38.7,0,氨气蓄积
Day05-01:54,5,1,54,19.5,70.7,21.7,1845.0,10.9,38.4,0,氨气蓄积
Day05-01:55,5,1,55,19.5,72.5,23.9,2110.0,16.8,38.7,0,氨气蓄积
Day05-01:56,5,1,56,20.0,71.3,29.4,1977.0,13.0,38.5,0,氨气蓄积
Day05-01:57,5,1,57,19.8,70.5,25.8,2078.0,22.9,38.8,0,氨气蓄积
Day05-01:58,5,1,58,19.6,71.9,26.8,1977.0,14.0,38.3,0,氨气蓄积
Day05-01:59,5,1,59,19.6,71.7,26.0,2061.0,21.2,38.1,0,氨气蓄积
Day05-02:00,5,2,0,20.6,68.3,26.4,2010.0,14.0,38.4,0,氨气蓄积
Day05-02:01,5,2,1,20.7,68.6,28.5,2041.0,17.3,38.1,0,氨气蓄积
Day05-02:02,5,2,2,20.5,69.7,28.7,1877.0,21.7,38.8,0,氨气蓄积
Day05-02:03,5,2,3,20.0,68.2,25.5,2021.0,14.0,38.4,0,氨气蓄积
Day05-02:04,5,2,4,20.2,69.9,29.9,2080.0,16.9,38.0,0,氨气蓄积
Day05-02:05,5,2,5,20.2,68.0,28.8,1973.0,15.3,38.4,0,氨气蓄积
Day05-02:06,5,2,6,21.0,68.8,26.6,2024.0,15.9,38.7,0,氨气蓄积
Day05-02:07,5,2,7,20.2,68.4,30.0,2029.0,19.0,38.4,0,氨气蓄积
Day05-02:08,5,2,8,20.2,68.8,27.1,2021.0,19.1,37.9,0,氨气蓄积
Day05-02:09,5,2,9,20.8,69.8,26.8,2035.0,16.5,38.6,0,氨气蓄积
Day05-02:10,5,2,10,20.6,71.9,29.1,1963.0,18.6,38.5,0,氨气蓄积
Day05-02:11,5,2,11,20.0,69.4,27.6,1995.0,11.9,38.4,0,氨气蓄积
Day05-02:12,5,2,12,20.4,70.5,26.9,2010.0,14.1,38.6,0,氨气蓄积
Day05-02:13,5,2,13,20.7,69.0,29.6,2019.0,11.8,38.5,0,氨气蓄积
Day05-02:14,5,2,14,20.9,70.5,29.0,2001.0,15.9,38.3,0,氨气蓄积
Day05-02:15,5,2,15,20.3,69.6,27.0,2151.0,17.4,38.1,0,氨气蓄积
Day05-02:16,5,2,16,20.9,67.6,31.2,1951.0,11.2,38.2,0,氨气蓄积
Day05-02:17,5,2,17,20.7,68.8,28.1,2068.0,16.5,38.2,0,氨气蓄积
Day05-02:18,5,2,18,20.5,68.0,25.7,2007.0,24.2,38.4,0,氨气蓄积
Day05-02:19,5,2,19,20.8,66.8,29.9,1996.0,21.6,38.5,0,氨气蓄积
Day05-02:20,5,2,20,20.4,70.2,29.4,1964.0,13.8,38.6,0,氨气蓄积
Day05-02:21,5,2,21,20.3,68.3,26.9,1975.0,19.5,38.7,0,氨气蓄积
Day05-02:22,5,2,22,20.7,69.3,26.0,2087.0,16.7,38.5,0,氨气蓄积
Day05-02:23,5,2,23,20.4,67.0,28.6,1968.0,17.8,38.4,0,氨气蓄积
Day05-02:24,5,2,24,20.4,69.9,29.6,1960.0,9.1,38.5,0,氨气蓄积
Day05-02:25,5,2,25,19.6,68.7,24.9,2054.0,10.9,38.6,0,氨气蓄积
Day05-02:26,5,2,26,19.9,69.7,29.0,1943.0,14.9,39.2,0,氨气蓄积
Day05-02:27,5,2,27,20.7,69.2,32.3,1927.0,8.2,38.2,0,氨气蓄积
Day05-02:28,5,2,28,20.3,68.2,29.3,1999.0,12.3,38.2,0,氨气蓄积
Day05-02:29,5,2,29,20.6,69.6,26.6,2025.0,16.2,38.7,0,氨气蓄积
Day05-02:30,5,2,30,20.7,68.7,28.2,1971.0,24.4,38.1,0,氨气蓄积
Day05-02:31,5,2,31,20.5,68.4,26.5,2019.0,14.5,39.3,0,氨气蓄积
Day05-02:32,5,2,32,20.3,68.5,27.0,1948.0,10.1,38.3,0,氨气蓄积
Day05-02:33,5,2,33,20.2,70.3,27.1,1971.0,23.3,38.5,0,氨气蓄积
Day05-02:34,5,2,34,20.6,69.8,27.7,1945.0,17.9,38.1,0,氨气蓄积
Day05-02:35,5,2,35,20.3,69.1,26.3,1886.0,9.9,38.8,0,氨气蓄积
Day05-02:36,5,2,36,20.3,69.0,29.3,1998.0,14.9,38.2,0,氨气蓄积
Day05-02:37,5,2,37,20.7,70.7,29.3,1903.0,14.4,38.3,0,氨气蓄积
Day05-02:38,5,2,38,20.3,69.4,27.5,2044.0,12.5,38.1,0,氨气蓄积
Day05-02:39,5,2,39,20.1,70.5,28.5,2001.0,17.1,39.1,0,氨气蓄积
Day05-02:40,5,2,40,20.4,69.3,28.5,1999.0,20.0,38.6,0,氨气蓄积
Day05-02:41,5,2,41,20.5,71.4,27.8,2036.0,22.3,38.0,0,氨气蓄积
Day05-02:42,5,2,42,20.3,69.4,27.6,2076.0,19.1,38.9,0,氨气蓄积
Day05-02:43,5,2,43,20.4,68.1,28.4,2100.0,21.4,38.8,0,氨气蓄积
Day05-02:44,5,2,44,19.9,69.7,29.6,2044.0,8.8,38.3,0,氨气蓄积
Day05-02:45,5,2,45,20.4,68.9,27.0,1980.0,14.3,38.2,0,氨气蓄积
Day05-02:46,5,2,46,20.3,70.0,28.6,2073.0,11.9,38.6,0,氨气蓄积
Day05-02:47,5,2,47,20.5,67.2,28.8,2037.0,20.2,38.8,0,氨气蓄积
Day05-02:48,5,2,48,20.7,67.6,29.2,1963.0,12.5,38.7,0,氨气蓄积
Day05-02:49,5,2,49,20.9,69.6,28.6,1953.0,14.2,38.9,0,氨气蓄积
Day05-02:50,5,2,50,20.3,70.4,30.0,1941.0,14.7,38.3,0,氨气蓄积
Day05-02:51,5,2,51,20.7,68.9,27.1,2043.0,14.9,38.3,0,氨气蓄积
Day05-02:52,5,2,52,20.7,69.0,26.5,1869.0,10.5,38.7,0,氨气蓄积
Day05-02:53,5,2,53,20.6,66.7,29.1,1991.0,17.9,38.4,0,氨气蓄积
Day05-02:54,5,2,54,20.8,69.7,28.8,2012.0,21.2,38.2,0,氨气蓄积
Day05-02:55,5,2,55,20.6,69.1,30.8,1994.0,21.1,38.8,0,氨气蓄积
Day05-02:56,5,2,56,20.6,68.4,29.2,1933.0,6.7,38.6,0,氨气蓄积
Day05-02:57,5,2,57,20.6,68.3,25.7,1999.0,10.3,38.7,0,氨气蓄积
Day05-02:58,5,2,58,20.5,68.5,28.3,2002.0,5.5,38.3,0,氨气蓄积
Day05-02:59,5,2,59,20.5,68.8,27.3,1948.0,24.9,38.8,0,氨气蓄积
Day05-03:00,5,3,0,21.6,65.2,3.5,349.0,15.7,38.5,0,正常
Day05-03:01,5,3,1,21.7,66.7,3.7,331.0,13.2,38.8,0,正常
Day05-03:02,5,3,2,21.0,67.1,4.8,297.0,25.8,38.2,0,正常
Day05-03:03,5,3,3,21.3,67.6,5.3,290.0,13.7,38.6,0,正常
Day05-03:04,5,3,4,21.4,66.6,2.9,334.0,15.2,38.9,0,正常
Day05-03:05,5,3,5,21.2,67.7,4.4,320.0,10.1,38.6,0,正常
Day05-03:06,5,3,6,21.5,68.4,7.4,293.0,18.1,38.2,0,正常
Day05-03:07,5,3,7,20.9,67.2,4.3,315.0,12.7,38.3,0,正常
Day05-03:08,5,3,8,21.8,65.6,3.2,278.0,11.0,38.0,0,正常
Day05-03:09,5,3,9,21.3,68.0,5.1,368.0,21.0,38.1,0,正常
Day05-03:10,5,3,10,20.8,66.6,4.2,289.0,16.4,38.7,0,正常
Day05-03:11,5,3,11,21.0,67.2,6.8,387.0,11.4,37.9,0,正常
Day05-03:12,5,3,12,21.3,66.3,6.7,462.0,18.4,39.2,0,正常
Day05-03:13,5,3,13,21.0,68.6,7.1,262.0,12.0,38.7,0,正常
Day05-03:14,5,3,14,21.2,65.1,6.0,282.0,11.3,38.4,0,正常
Day05-03:15,5,3,15,20.9,67.3,7.3,314.0,16.2,38.7,0,正常
Day05-03:16,5,3,16,20.9,68.1,6.2,377.0,12.8,38.9,0,正常
Day05-03:17,5,3,17,21.2,65.2,3.1,294.0,8.7,39.2,0,正常
Day05-03:18,5,3,18,21.2,68.3,5.9,261.0,18.3,38.7,0,正常
Day05-03:19,5,3,19,21.0,67.0,7.1,318.0,10.1,38.8,0,正常
Day05-03:20,5,3,20,21.2,67.1,4.0,314.0,16.5,38.2,0,正常
Day05-03:21,5,3,21,21.3,66.8,2.9,332.0,13.0,38.5,0,正常
Day05-03:22,5,3,22,21.5,66.6,6.1,219.0,15.9,38.7,0,正常
Day05-03:23,5,3,23,20.9,68.4,5.4,306.0,19.6,38.9,0,正常
Day05-03:24,5,3,24,21.2,66.9,7.0,353.0,28.4,38.3,0,正常
Day05-03:25,5,3,25,21.6,67.2,6.8,258.0,12.0,38.6,0,正常
Day05-03:26,5,3,26,20.9,68.9,4.1,302.0,16.1,38.7,0,正常
Day05-03:27,5,3,27,21.0,67.5,5.2,311.0,14.3,38.1,0,正常
Day05-03:28,5,3,28,21.2,66.0,5.0,308.0,17.7,38.6,0,正常
Day05-03:29,5,3,29,21.0,66.9,7.3,283.0,5.2,37.7,0,正常
Day05-03:30,5,3,30,21.2,67.3,5.3,348.0,18.5,38.7,0,正常
Day05-03:31,5,3,31,20.9,66.7,4.9,348.0,21.8,38.4,0,正常
Day05-03:32,5,3,32,21.4,67.7,4.4,373.0,13.4,39.3,0,正常
Day05-03:33,5,3,33,21.4,67.2,3.8,392.0,9.6,39.0,0,正常
Day05-03:34,5,3,34,21.2,68.0,6.3,271.0,13.9,38.4,0,正常
Day05-03:35,5,3,35,21.3,67.2,3.6,257.0,7.6,38.6,0,正常
Day05-03:36,5,3,36,20.7,67.9,1.3,363.0,13.4,38.9,0,正常
Day05-03:37,5,3,37,21.7,67.4,2.6,321.0,13.0,38.0,0,正常
Day05-03:38,5,3,38,21.7,65.2,4.3,313.0,18.0,39.0,0,正常
Day05-03:39,5,3,39,20.7,67.1,1.8,397.0,16.6,38.5,0,正常
Day05-03:40,5,3,40,21.7,68.4,4.1,307.0,14.9,38.7,0,正常
Day05-03:41,5,3,41,20.9,67.5,2.8,348.0,19.3,39.1,0,正常
Day05-03:42,5,3,42,21.1,66.5,6.0,304.0,16.3,38.9,0,正常
Day05-03:43,5,3,43,20.9,67.1,4.9,254.0,16.6,38.2,0,正常
Day05-03:44,5,3,44,21.3,68.4,7.6,204.0,12.9,38.7,0,正常
Day05-03:45,5,3,45,21.2,66.3,6.9,277.0,18.6,38.9,0,正常
Day05-03:46,5,3,46,21.4,67.3,5.5,277.0,22.8,38.9,0,正常
Day05-03:47,5,3,47,21.2,65.2,3.7,287.0,4.5,38.7,0,正常
Day05-03:48,5,3,48,20.9,67.1,2.9,275.0,4.1,38.6,0,正常
Day05-03:49,5,3,49,21.5,66.5,3.5,352.0,14.5,38.7,0,正常
Day05-03:50,5,3,50,21.2,66.9,3.9,313.0,20.3,38.2,0,正常
Day05-03:51,5,3,51,21.1,67.9,4.3,305.0,19.4,38.5,0,正常
Day05-03:52,5,3,52,20.4,68.0,4.5,251.0,20.3,38.3,0,正常
Day05-03:53,5,3,53,21.3,66.8,6.7,279.0,17.3,38.1,0,正常
Day05-03:54,5,3,54,21.5,66.5,6.2,369.0,17.7,38.7,0,正常
Day05-03:55,5,3,55,21.4,68.0,4.8,233.0,4.8,38.8,0,正常
Day05-03:56,5,3,56,21.0,67.9,4.3,364.0,15.6,38.6,0,正常
Day05-03:57,5,3,57,21.6,68.1,4.0,306.0,15.2,39.1,0,正常
Day05-03:58,5,3,58,21.3,64.7,3.7,354.0,17.6,38.4,0,正常
Day05-03:59,5,3,59,21.4,67.9,5.5,325.0,16.0,38.2,0,正常
Day05-04:00,5,4,0,22.1,65.4,1.8,454.0,9.2,38.7,0,正常
Day05-04:01,5,4,1,22.3,65.2,6.4,486.0,17.8,38.2,0,正常
Day05-04:02,5,4,2,22.4,65.6,6.1,525.0,18.2,38.6,0,正常
Day05-04:03,5,4,3,22.5,64.4,4.2,393.0,17.2,38.4,0,正常
Day05-04:04,5,4,4,22.3,65.9,4.6,435.0,10.8,38.5,0,正常
Day05-04:05,5,4,5,21.8,65.5,5.2,439.0,19.1,38.8,0,正常
Day05-04:06,5,4,6,22.4,67.0,5.4,414.0,8.5,38.4,0,正常
Day05-04:07,5,4,7,21.1,66.5,5.4,416.0,19.1,38.8,0,正常
Day05-04:08,5,4,8,22.0,64.0,6.2,443.0,11.5,38.1,0,正常
Day05-04:09,5,4,9,22.0,65.9,3.0,448.0,14.6,38.3,0,正常
Day05-04:10,5,4,10,21.7,64.2,5.1,395.0,16.1,38.2,0,正常
Day05-04:11,5,4,11,22.2,65.1,3.7,393.0,9.1,38.2,0,正常
Day05-04:12,5,4,12,22.0,65.3,5.6,434.0,12.3,38.4,0,正常
Day05-04:13,5,4,13,21.5,65.7,5.6,376.0,9.1,38.2,0,正常
Day05-04:14,5,4,14,22.0,65.9,3.9,420.0,10.8,38.6,0,正常
Day05-04:15,5,4,15,21.7,63.0,4.8,395.0,19.9,38.8,0,正常
Day05-04:16,5,4,16,21.8,67.7,5.4,377.0,10.7,38.3,0,正常
Day05-04:17,5,4,17,21.9,65.3,7.5,381.0,13.7,38.8,0,正常
Day05-04:18,5,4,18,21.3,65.4,7.5,414.0,21.3,38.4,0,正常
Day05-04:19,5,4,19,22.3,64.3,5.2,422.0,14.8,39.0,0,正常
Day05-04:20,5,4,20,22.0,64.8,3.9,420.0,18.3,39.1,0,正常
Day05-04:21,5,4,21,22.2,65.0,9.4,415.0,10.8,38.5,0,正常
Day05-04:22,5,4,22,22.2,65.0,3.0,445.0,16.9,38.4,0,正常
Day05-04:23,5,4,23,22.2,66.1,5.0,350.0,10.9,38.7,0,正常
Day05-04:24,5,4,24,22.5,65.2,6.4,439.0,18.2,38.6,0,正常
Day05-04:25,5,4,25,21.9,66.4,6.5,404.0,17.4,38.4,0,正常
Day05-04:26,5,4,26,21.4,64.2,6.0,391.0,13.0,38.4,0,正常
Day05-04:27,5,4,27,21.8,66.2,6.0,392.0,20.3,38.6,0,正常
Day05-04:28,5,4,28,22.1,65.5,6.7,371.0,15.0,37.9,0,正常
Day05-04:29,5,4,29,22.1,65.1,8.0,484.0,18.7,38.7,0,正常
Day05-04:30,5,4,30,21.8,65.0,4.4,510.0,20.8,38.6,0,正常
Day05-04:31,5,4,31,22.5,63.6,2.3,435.0,13.6,38.9,0,正常
Day05-04:32,5,4,32,22.3,65.7,7.2,442.0,11.6,38.4,0,正常
Day05-04:33,5,4,33,22.3,65.5,3.3,427.0,5.6,38.4,0,正常
Day05-04:34,5,4,34,21.7,65.8,4.0,435.0,17.9,38.5,0,正常
Day05-04:35,5,4,35,21.7,65.7,3.5,365.0,17.8,38.6,0,正常
Day05-04:36,5,4,36,23.0,64.6,6.1,452.0,15.0,38.6,0,正常
Day05-04:37,5,4,37,21.8,65.7,8.2,376.0,5.7,38.9,0,正常
Day05-04:38,5,4,38,22.5,66.1,5.8,484.0,20.6,38.7,0,正常
Day05-04:39,5,4,39,22.0,66.3,4.9,409.0,13.0,38.8,0,正常
Day05-04:40,5,4,40,22.3,64.0,5.9,354.0,19.1,38.8,0,正常
Day05-04:41,5,4,41,22.3,65.5,5.8,399.0,11.4,38.0,0,正常
Day05-04:42,5,4,42,21.9,64.2,4.7,393.0,15.7,38.2,0,正常
Day05-04:43,5,4,43,21.8,64.9,5.3,519.0,13.7,37.8,0,正常
Day05-04:44,5,4,44,22.4,65.4,4.4,560.0,21.1,38.4,0,正常
Day05-04:45,5,4,45,21.9,63.6,5.8,256.0,17.0,38.6,0,正常
Day05-04:46,5,4,46,21.9,68.0,4.1,305.0,14.6,38.3,0,正常
Day05-04:47,5,4,47,22.4,64.4,3.1,449.0,18.0,38.6,0,正常
Day05-04:48,5,4,48,22.4,64.5,7.4,370.0,10.1,38.3,0,正常
Day05-04:49,5,4,49,22.2,65.3,4.9,374.0,17.6,38.4,0,正常
Day05-04:50,5,4,50,21.8,63.6,5.8,469.0,10.4,38.7,0,正常
Day05-04:51,5,4,51,22.2,65.9,3.9,466.0,14.3,38.7,0,正常
Day05-04:52,5,4,52,22.1,65.3,4.8,414.0,13.7,38.5,0,正常
Day05-04:53,5,4,53,22.4,65.7,5.9,367.0,18.1,38.0,0,正常
Day05-04:54,5,4,54,22.2,66.3,2.4,334.0,15.0,38.5,0,正常
Day05-04:55,5,4,55,21.7,66.5,7.8,390.0,20.4,38.5,0,正常
Day05-04:56,5,4,56,22.1,64.1,7.9,368.0,18.6,38.4,0,正常
Day05-04:57,5,4,57,22.1,63.5,7.9,342.0,17.1,38.2,0,正常
Day05-04:58,5,4,58,22.1,65.1,3.2,461.0,12.9,37.6,0,正常
Day05-04:59,5,4,59,21.8,64.8,5.3,386.0,13.1,38.8,0,正常
Day05-05:00,5,5,0,23.1,61.7,5.1,510.0,7.4,38.7,0,正常
Day05-05:01,5,5,1,22.8,63.4,3.4,563.0,12.1,38.7,0,正常
Day05-05:02,5,5,2,22.9,65.3,6.9,521.0,15.3,38.2,0,正常
Day05-05:03,5,5,3,22.5,61.5,3.8,556.0,11.0,38.2,0,正常
Day05-05:04,5,5,4,22.6,62.5,5.2,454.0,25.1,38.4,0,正常
Day05-05:05,5,5,5,22.7,62.6,7.0,491.0,8.4,38.4,0,正常
Day05-05:06,5,5,6,22.7,62.5,5.4,473.0,15.8,38.1,0,正常
Day05-05:07,5,5,7,22.2,63.0,5.2,497.0,17.1,38.5,0,正常
Day05-05:08,5,5,8,22.7,63.5,5.0,452.0,16.9,38.3,0,正常
Day05-05:09,5,5,9,22.6,65.6,7.2,479.0,7.7,38.1,0,正常
Day05-05:10,5,5,10,22.6,63.2,4.8,455.0,18.7,38.5,0,正常
Day05-05:11,5,5,11,22.8,62.4,4.3,538.0,11.4,37.8,0,正常
Day05-05:12,5,5,12,22.7,63.6,6.5,512.0,18.1,38.9,0,正常
Day05-05:13,5,5,13,22.7,62.8,6.8,516.0,19.5,38.4,0,正常
Day05-05:14,5,5,14,23.0,63.5,7.6,553.0,10.8,38.6,0,正常
Day05-05:15,5,5,15,23.2,61.6,3.7,525.0,22.4,38.4,0,正常
Day05-05:16,5,5,16,22.8,62.3,5.1,505.0,18.5,38.6,0,正常
Day05-05:17,5,5,17,23.2,62.0,7.4,511.0,10.2,38.8,0,正常
Day05-05:18,5,5,18,22.7,63.3,4.9,503.0,10.7,39.0,0,正常
Day05-05:19,5,5,19,22.6,61.6,4.4,533.0,17.4,38.6,0,正常
Day05-05:20,5,5,20,23.0,63.7,8.5,584.0,27.6,38.4,0,正常
Day05-05:21,5,5,21,22.4,63.3,4.0,524.0,14.1,38.7,0,正常
Day05-05:22,5,5,22,22.4,61.7,9.5,512.0,8.1,38.7,0,正常
Day05-05:23,5,5,23,23.1,63.0,6.8,560.0,10.5,38.4,0,正常
Day05-05:24,5,5,24,23.1,63.0,2.3,507.0,18.8,38.8,0,正常
Day05-05:25,5,5,25,22.3,64.5,6.8,488.0,14.4,38.1,0,正常
Day05-05:26,5,5,26,22.5,62.4,6.5,513.0,16.0,38.4,0,正常
Day05-05:27,5,5,27,23.1,61.9,6.3,491.0,17.4,38.1,0,正常
Day05-05:28,5,5,28,23.0,63.6,6.9,445.0,17.0,37.9,0,正常
Day05-05:29,5,5,29,22.6,62.2,5.9,553.0,20.8,38.7,0,正常
Day05-05:30,5,5,30,22.8,62.4,5.3,448.0,10.5,38.7,0,正常
Day05-05:31,5,5,31,22.1,64.3,6.2,584.0,13.9,38.6,0,正常
Day05-05:32,5,5,32,22.7,63.8,6.7,564.0,12.4,38.1,0,正常
Day05-05:33,5,5,33,23.2,64.4,4.9,470.0,10.3,38.6,0,正常
Day05-05:34,5,5,34,22.8,63.2,6.8,486.0,14.0,38.6,0,正常
Day05-05:35,5,5,35,22.6,64.6,5.0,481.0,11.5,38.1,0,正常
Day05-05:36,5,5,36,22.8,62.8,7.3,473.0,14.9,38.6,0,正常
Day05-05:37,5,5,37,23.4,64.0,6.4,575.0,18.3,38.9,0,正常
Day05-05:38,5,5,38,23.2,61.9,6.6,567.0,17.4,39.0,0,正常
Day05-05:39,5,5,39,23.0,64.3,5.6,488.0,17.0,39.1,0,正常
Day05-05:40,5,5,40,22.9,63.4,5.1,530.0,17.5,38.6,0,正常
Day05-05:41,5,5,41,22.6,62.0,2.4,464.0,14.3,38.2,0,正常
Day05-05:42,5,5,42,22.9,61.0,10.3,458.0,18.2,38.2,0,正常
Day05-05:43,5,5,43,22.4,63.4,5.1,511.0,15.2,38.8,0,正常
Day05-05:44,5,5,44,22.6,62.1,4.7,548.0,9.8,38.0,0,正常
Day05-05:45,5,5,45,22.6,62.3,6.5,530.0,10.9,38.5,0,正常
Day05-05:46,5,5,46,22.7,63.1,4.2,534.0,18.3,38.6,0,正常
Day05-05:47,5,5,47,22.8,61.0,6.5,489.0,9.6,38.8,0,正常
Day05-05:48,5,5,48,23.1,62.7,5.7,429.0,12.3,38.5,0,正常
Day05-05:49,5,5,49,22.6,62.2,5.5,486.0,17.4,39.0,0,正常
Day05-05:50,5,5,50,22.9,62.7,7.0,485.0,12.0,38.5,0,正常
Day05-05:51,5,5,51,22.8,63.6,6.2,510.0,14.3,38.5,0,正常
Day05-05:52,5,5,52,22.8,63.5,4.6,443.0,20.8,38.6,0,正常
Day05-05:53,5,5,53,23.0,63.2,4.4,441.0,11.4,38.8,0,正常
Day05-05:54,5,5,54,23.1,64.6,6.0,446.0,17.7,38.3,0,正常
Day05-05:55,5,5,55,22.6,63.4,6.1,469.0,13.7,38.3,0,正常
Day05-05:56,5,5,56,22.9,61.5,8.3,440.0,16.2,38.2,0,正常
Day05-05:57,5,5,57,22.7,63.5,5.5,406.0,10.6,38.0,0,正常
Day05-05:58,5,5,58,23.0,62.1,5.9,402.0,16.6,38.4,0,正常
Day05-05:59,5,5,59,23.0,62.2,7.1,506.0,23.9,38.1,0,正常
Day05-06:00,5,6,0,23.6,60.8,10.1,548.0,64.4,38.5,0,正常
Day05-06:01,5,6,1,23.7,61.0,3.7,515.0,69.8,39.1,0,正常
Day05-06:02,5,6,2,23.3,60.2,9.1,529.0,71.2,38.3,0,正常
Day05-06:03,5,6,3,23.5,61.0,7.4,632.0,61.9,38.5,0,正常
Day05-06:04,5,6,4,23.6,61.1,7.0,574.0,71.5,39.0,0,正常
Day05-06:05,5,6,5,23.0,62.2,7.4,541.0,58.7,38.2,0,正常
Day05-06:06,5,6,6,23.3,63.0,5.6,671.0,61.2,38.7,0,正常
Day05-06:07,5,6,7,23.4,60.5,4.7,520.0,67.3,38.4,0,正常
Day05-06:08,5,6,8,23.8,61.5,7.2,557.0,63.6,38.8,0,正常
Day05-06:09,5,6,9,23.5,61.5,5.3,573.0,66.5,38.2,0,正常
Day05-06:10,5,6,10,23.7,62.0,3.9,686.0,69.3,38.0,0,正常
Day05-06:11,5,6,11,23.4,60.7,5.0,516.0,66.3,38.5,0,正常
Day05-06:12,5,6,12,23.0,60.2,4.1,601.0,70.4,38.2,0,正常
Day05-06:13,5,6,13,23.8,62.0,5.7,598.0,70.4,38.6,0,正常
Day05-06:14,5,6,14,23.9,59.9,6.8,648.0,62.8,38.7,0,正常
Day05-06:15,5,6,15,23.7,60.5,7.7,681.0,64.2,38.0,0,正常
Day05-06:16,5,6,16,23.8,61.1,6.4,677.0,61.1,38.1,0,正常
Day05-06:17,5,6,17,23.7,60.1,7.3,558.0,68.2,38.7,0,正常
Day05-06:18,5,6,18,24.2,59.5,7.2,642.0,69.0,38.8,0,正常
Day05-06:19,5,6,19,23.7,62.2,7.4,550.0,66.6,38.7,0,正常
Day05-06:20,5,6,20,23.5,59.9,6.4,556.0,68.9,38.8,0,正常
Day05-06:21,5,6,21,23.2,61.0,3.2,607.0,74.1,38.1,0,正常
Day05-06:22,5,6,22,23.2,62.4,6.8,590.0,55.6,38.0,0,正常
Day05-06:23,5,6,23,23.3,60.4,9.1,609.0,61.7,38.8,0,正常
Day05-06:24,5,6,24,23.1,60.5,6.8,619.0,66.2,38.2,0,正常
Day05-06:25,5,6,25,23.2,61.7,7.0,622.0,65.2,38.9,0,正常
Day05-06:26,5,6,26,23.6,61.2,5.1,644.0,74.2,38.1,0,正常
Day05-06:27,5,6,27,23.4,60.1,5.5,550.0,67.6,38.1,0,正常
Day05-06:28,5,6,28,23.5,62.2,5.1,574.0,68.5,38.5,0,正常
Day05-06:29,5,6,29,23.2,61.2,4.8,575.0,67.9,38.5,0,正常
Day05-06:30,5,6,30,23.4,61.1,9.6,559.0,78.1,38.3,0,正常
Day05-06:31,5,6,31,23.2,60.8,4.4,690.0,63.7,38.3,0,正常
Day05-06:32,5,6,32,23.2,61.3,6.2,684.0,69.3,38.9,0,正常
Day05-06:33,5,6,33,23.4,59.8,7.1,522.0,67.1,38.7,0,正常
Day05-06:34,5,6,34,23.1,62.1,6.2,556.0,61.5,37.9,0,正常
Day05-06:35,5,6,35,23.6,60.8,8.3,583.0,61.5,38.3,0,正常
Day05-06:36,5,6,36,23.1,58.8,5.8,586.0,61.4,38.3,0,正常
Day05-06:37,5,6,37,23.6,61.7,6.4,614.0,73.8,38.4,0,正常
Day05-06:38,5,6,38,23.8,60.8,3.5,630.0,65.9,38.3,0,正常
Day05-06:39,5,6,39,24.0,60.5,5.6,602.0,65.4,38.8,0,正常
Day05-06:40,5,6,40,23.5,62.4,7.1,564.0,60.3,38.5,0,正常
Day05-06:41,5,6,41,23.5,62.6,5.0,610.0,71.0,38.3,0,正常
Day05-06:42,5,6,42,23.3,62.2,5.6,576.0,68.3,38.1,0,正常
Day05-06:43,5,6,43,22.9,59.5,5.9,553.0,64.5,38.5,0,正常
Day05-06:44,5,6,44,23.2,60.0,5.4,544.0,66.3,38.6,0,正常
Day05-06:45,5,6,45,23.8,62.0,6.4,577.0,61.6,38.5,0,正常
Day05-06:46,5,6,46,23.5,62.8,4.6,706.0,64.8,38.9,0,正常
Day05-06:47,5,6,47,23.7,61.3,4.9,624.0,57.7,38.6,0,正常
Day05-06:48,5,6,48,23.4,60.7,3.1,674.0,61.5,38.3,0,正常
Day05-06:49,5,6,49,23.7,59.9,10.8,620.0,62.1,38.4,0,正常
Day05-06:50,5,6,50,23.2,59.7,4.6,577.0,68.5,38.5,0,正常
Day05-06:51,5,6,51,23.5,60.7,4.5,604.0,65.1,38.3,0,正常
Day05-06:52,5,6,52,23.7,60.1,7.8,518.0,70.1,38.4,0,正常
Day05-06:53,5,6,53,23.5,61.2,5.4,647.0,65.5,38.3,0,正常
Day05-06:54,5,6,54,23.5,61.2,7.7,598.0,65.4,38.3,0,正常
Day05-06:55,5,6,55,23.7,60.5,7.9,561.0,72.9,38.6,0,正常
Day05-06:56,5,6,56,23.6,60.2,7.6,630.0,71.8,38.9,0,正常
Day05-06:57,5,6,57,23.5,62.0,6.5,664.0,60.8,38.2,0,正常
Day05-06:58,5,6,58,23.6,62.8,8.4,542.0,66.6,37.7,0,正常
Day05-06:59,5,6,59,23.8,59.6,5.7,661.0,63.4,38.1,0,正常
Day05-07:00,5,7,0,23.7,59.1,8.0,690.0,93.6,38.4,2329.0,正常
Day05-07:01,5,7,1,24.2,57.1,7.1,672.0,92.2,38.3,2085.0,正常
Day05-07:02,5,7,2,24.2,60.8,6.8,696.0,89.2,38.4,2345.0,正常
Day05-07:03,5,7,3,24.0,60.9,8.5,704.0,92.3,39.3,2353.0,正常
Day05-07:04,5,7,4,24.5,59.2,8.7,655.0,92.6,38.5,2155.0,正常
Day05-07:05,5,7,5,24.3,59.1,5.5,682.0,85.2,38.4,2158.0,正常
Day05-07:06,5,7,6,24.1,58.2,3.8,802.0,83.4,38.4,2285.0,正常
Day05-07:07,5,7,7,24.0,59.1,9.7,716.0,99.3,38.2,2219.0,正常
Day05-07:08,5,7,8,24.0,59.9,6.7,737.0,90.7,38.4,2059.0,正常
Day05-07:09,5,7,9,24.8,58.7,9.2,674.0,94.9,38.4,2134.0,正常
Day05-07:10,5,7,10,23.7,59.1,8.1,694.0,93.9,38.7,2233.0,正常
Day05-07:11,5,7,11,23.7,57.5,7.4,607.0,94.1,38.3,2168.0,正常
Day05-07:12,5,7,12,23.6,59.1,7.3,764.0,95.9,38.5,2074.0,正常
Day05-07:13,5,7,13,24.0,57.2,8.1,760.0,86.9,38.6,2148.0,正常
Day05-07:14,5,7,14,24.2,59.3,8.5,771.0,86.7,38.6,2274.0,正常
Day05-07:15,5,7,15,24.2,60.6,6.0,753.0,96.1,38.7,2150.0,正常
Day05-07:16,5,7,16,24.0,60.5,9.8,634.0,83.1,38.4,2070.0,正常
Day05-07:17,5,7,17,24.1,59.9,8.0,795.0,92.5,38.1,2344.0,正常
Day05-07:18,5,7,18,23.9,59.5,6.5,678.0,94.0,38.6,2102.0,正常
Day05-07:19,5,7,19,24.1,58.5,5.4,629.0,89.6,38.5,2254.0,正常
Day05-07:20,5,7,20,24.4,60.0,6.5,690.0,95.6,38.7,1899.0,正常
Day05-07:21,5,7,21,24.1,60.4,7.8,701.0,89.5,38.5,2193.0,正常
Day05-07:22,5,7,22,24.0,59.3,7.7,744.0,84.1,38.6,2181.0,正常
Day05-07:23,5,7,23,24.3,58.6,7.9,653.0,87.7,38.4,2114.0,正常
Day05-07:24,5,7,24,24.7,59.1,8.5,667.0,97.2,38.2,2307.0,正常
Day05-07:25,5,7,25,24.4,60.4,7.0,719.0,92.1,38.5,2130.0,正常
Day05-07:26,5,7,26,23.9,59.6,8.1,683.0,93.1,38.7,2194.0,正常
Day05-07:27,5,7,27,24.3,60.0,8.3,729.0,83.5,38.8,2255.0,正常
Day05-07:28,5,7,28,24.2,59.5,8.4,735.0,86.8,38.8,2223.0,正常
Day05-07:29,5,7,29,23.9,58.6,7.2,744.0,92.1,37.9,2141.0,正常
Day05-07:30,5,7,30,24.2,57.8,6.4,678.0,92.4,38.1,2170.0,正常
Day05-07:31,5,7,31,24.1,59.8,3.9,710.0,96.5,38.2,2371.0,正常
Day05-07:32,5,7,32,24.3,58.9,4.6,744.0,87.6,38.8,2086.0,正常
Day05-07:33,5,7,33,23.7,60.8,8.4,669.0,87.1,38.5,2267.0,正常
Day05-07:34,5,7,34,24.3,60.6,7.6,727.0,75.2,38.5,2250.0,正常
Day05-07:35,5,7,35,24.3,59.0,8.0,738.0,82.2,38.9,2160.0,正常
Day05-07:36,5,7,36,24.0,60.1,6.4,714.0,89.4,38.6,1974.0,正常
Day05-07:37,5,7,37,24.4,60.1,7.8,690.0,92.9,38.4,2294.0,正常
Day05-07:38,5,7,38,24.2,60.5,9.3,628.0,80.2,39.5,2141.0,正常
Day05-07:39,5,7,39,24.2,58.7,6.4,697.0,86.8,38.6,2258.0,正常
Day05-07:40,5,7,40,23.8,59.8,7.6,747.0,98.4,38.1,2096.0,正常
Day05-07:41,5,7,41,24.1,60.5,8.8,708.0,87.5,38.5,2268.0,正常
Day05-07:42,5,7,42,24.1,60.8,8.6,729.0,85.3,38.5,2302.0,正常
Day05-07:43,5,7,43,24.4,57.9,6.1,726.0,95.5,39.0,2228.0,正常
Day05-07:44,5,7,44,24.4,58.4,2.0,698.0,94.1,38.4,2215.0,正常
Day05-07:45,5,7,45,24.1,58.2,8.1,821.0,84.4,38.2,2163.0,正常
Day05-07:46,5,7,46,24.3,58.9,8.6,700.0,89.9,38.5,2238.0,正常
Day05-07:47,5,7,47,24.1,57.5,5.7,779.0,89.2,38.7,2250.0,正常
Day05-07:48,5,7,48,24.0,60.7,8.5,728.0,88.9,38.4,2240.0,正常
Day05-07:49,5,7,49,23.9,58.2,6.8,772.0,83.0,38.7,2272.0,正常
Day05-07:50,5,7,50,24.7,59.9,7.3,717.0,92.0,38.7,2278.0,正常
Day05-07:51,5,7,51,24.6,60.3,7.2,803.0,82.5,38.6,2336.0,正常
Day05-07:52,5,7,52,24.1,59.5,8.0,716.0,84.6,38.4,2265.0,正常
Day05-07:53,5,7,53,24.1,60.4,7.2,717.0,84.3,38.3,2166.0,正常
Day05-07:54,5,7,54,24.1,61.0,6.2,715.0,94.5,38.7,2335.0,正常
Day05-07:55,5,7,55,24.3,57.1,9.2,700.0,90.1,38.5,2257.0,正常
Day05-07:56,5,7,56,23.8,58.5,7.7,721.0,100,38.6,2261.0,正常
Day05-07:57,5,7,57,24.2,60.0,8.0,672.0,90.5,38.5,2116.0,正常
Day05-07:58,5,7,58,24.2,57.3,7.1,598.0,87.1,38.4,2087.0,正常
Day05-07:59,5,7,59,23.7,58.2,5.7,737.0,92.0,38.7,2173.0,正常
Day05-08:00,5,8,0,24.8,57.0,6.7,940.0,80.9,38.8,0,正常
Day05-08:01,5,8,1,24.6,56.4,7.0,824.0,92.2,38.7,0,正常
Day05-08:02,5,8,2,24.7,59.3,8.3,795.0,85.7,38.2,0,正常
Day05-08:03,5,8,3,25.2,58.2,8.0,839.0,94.6,38.5,0,正常
Day05-08:04,5,8,4,24.3,58.8,10.4,846.0,95.3,38.5,0,正常
Day05-08:05,5,8,5,24.4,57.3,9.6,879.0,93.3,38.5,0,正常
Day05-08:06,5,8,6,24.2,59.3,11.3,803.0,90.9,38.5,0,正常
Day05-08:07,5,8,7,24.8,57.1,8.0,790.0,95.0,38.8,0,正常
Day05-08:08,5,8,8,24.5,56.8,7.7,715.0,90.5,38.3,0,正常
Day05-08:09,5,8,9,24.8,56.6,5.4,905.0,98.5,38.8,0,正常
Day05-08:10,5,8,10,24.5,58.1,8.2,800.0,94.1,38.6,0,正常
Day05-08:11,5,8,11,24.9,58.5,7.3,773.0,93.2,38.6,0,正常
Day05-08:12,5,8,12,24.6,57.2,7.8,778.0,88.0,38.4,0,正常
Day05-08:13,5,8,13,24.5,57.4,10.5,751.0,92.1,38.6,0,正常
Day05-08:14,5,8,14,24.4,58.0,7.3,754.0,89.5,38.7,0,正常
Day05-08:15,5,8,15,24.3,58.9,8.3,785.0,87.2,38.9,0,正常
Day05-08:16,5,8,16,25.1,59.1,7.5,874.0,92.2,38.2,0,正常
Day05-08:17,5,8,17,24.1,59.6,6.7,760.0,98.9,38.4,0,正常
Day05-08:18,5,8,18,24.4,58.3,7.5,763.0,81.0,38.6,0,正常
Day05-08:19,5,8,19,24.4,57.6,11.0,784.0,85.2,38.6,0,正常
Day05-08:20,5,8,20,24.7,59.0,9.0,770.0,87.9,39.3,0,正常
Day05-08:21,5,8,21,24.6,58.7,11.0,804.0,85.8,38.7,0,正常
Day05-08:22,5,8,22,24.9,57.8,6.9,832.0,94.0,38.9,0,正常
Day05-08:23,5,8,23,24.3,58.2,8.3,874.0,93.7,38.0,0,正常
Day05-08:24,5,8,24,24.7,58.2,10.2,791.0,91.1,38.7,0,正常
Day05-08:25,5,8,25,24.4,57.9,7.4,811.0,83.8,38.7,0,正常
Day05-08:26,5,8,26,24.9,57.1,8.9,711.0,93.8,38.7,0,正常
Day05-08:27,5,8,27,24.1,57.0,9.0,764.0,92.7,38.4,0,正常
Day05-08:28,5,8,28,24.4,56.8,6.8,798.0,98.0,38.1,0,正常
Day05-08:29,5,8,29,24.7,59.6,8.1,824.0,91.1,38.3,0,正常
Day05-08:30,5,8,30,24.5,58.1,9.4,790.0,89.0,38.3,0,正常
Day05-08:31,5,8,31,24.2,58.7,7.9,814.0,84.1,38.7,0,正常
Day05-08:32,5,8,32,24.7,57.3,8.1,871.0,92.1,38.7,0,正常
Day05-08:33,5,8,33,24.4,58.4,9.2,774.0,91.0,38.6,0,正常
Day05-08:34,5,8,34,24.5,57.7,6.6,798.0,86.9,38.6,0,正常
Day05-08:35,5,8,35,24.6,58.6,8.9,811.0,97.9,38.7,0,正常
Day05-08:36,5,8,36,24.4,58.9,8.2,792.0,86.3,38.8,0,正常
Day05-08:37,5,8,37,25.0,59.9,9.1,844.0,80.4,38.5,0,正常
Day05-08:38,5,8,38,24.7,57.7,8.5,788.0,97.3,39.2,0,正常
Day05-08:39,5,8,39,24.3,57.6,8.9,771.0,95.4,38.3,0,正常
Day05-08:40,5,8,40,24.4,58.3,8.0,867.0,87.1,38.4,0,正常
Day05-08:41,5,8,41,24.7,58.1,5.3,833.0,84.9,38.7,0,正常
Day05-08:42,5,8,42,24.9,58.0,8.4,800.0,92.0,38.4,0,正常
Day05-08:43,5,8,43,24.8,58.6,8.9,804.0,96.1,37.8,0,正常
Day05-08:44,5,8,44,24.6,58.6,7.8,851.0,98.1,38.7,0,正常
Day05-08:45,5,8,45,24.9,57.8,6.2,733.0,100,38.7,0,正常
Day05-08:46,5,8,46,24.7,57.3,8.1,785.0,87.8,38.6,0,正常
Day05-08:47,5,8,47,25.2,59.2,7.6,842.0,87.3,38.9,0,正常
Day05-08:48,5,8,48,24.8,57.5,6.7,807.0,84.3,38.9,0,正常
Day05-08:49,5,8,49,24.9,57.8,9.1,736.0,96.2,38.4,0,正常
Day05-08:50,5,8,50,24.6,57.4,8.7,830.0,89.3,38.0,0,正常
Day05-08:51,5,8,51,24.4,59.1,9.5,791.0,83.4,38.4,0,正常
Day05-08:52,5,8,52,24.1,59.1,5.7,788.0,85.5,38.3,0,正常
Day05-08:53,5,8,53,24.8,58.1,9.5,765.0,91.6,38.2,0,正常
Day05-08:54,5,8,54,24.5,57.8,6.0,839.0,87.8,38.5,0,正常
Day05-08:55,5,8,55,24.9,58.6,7.8,829.0,95.6,38.3,0,正常
Day05-08:56,5,8,56,24.3,58.1,8.0,862.0,90.4,38.8,0,正常
Day05-08:57,5,8,57,25.0,58.5,7.1,854.0,96.3,38.4,0,正常
Day05-08:58,5,8,58,25.2,59.8,7.7,785.0,89.0,38.5,0,正常
Day05-08:59,5,8,59,24.1,57.4,6.8,778.0,89.5,38.3,0,正常
Day05-09:00,5,9,0,24.8,57.0,8.8,875.0,63.2,38.5,0,正常
Day05-09:01,5,9,1,24.6,57.2,6.6,909.0,62.8,38.9,0,正常
Day05-09:02,5,9,2,24.6,58.9,7.7,885.0,59.5,38.3,0,正常
Day05-09:03,5,9,3,24.9,58.0,6.7,811.0,69.0,38.7,0,正常
Day05-09:04,5,9,4,24.7,57.8,9.4,942.0,60.5,38.3,0,正常
Day05-09:05,5,9,5,24.4,56.9,9.5,906.0,63.4,38.6,0,正常
Day05-09:06,5,9,6,24.8,57.0,10.6,780.0,69.5,38.6,0,正常
Day05-09:07,5,9,7,25.1,60.3,7.1,901.0,63.5,38.6,0,正常
Day05-09:08,5,9,8,24.9,58.0,9.1,936.0,64.2,38.3,0,正常
Day05-09:09,5,9,9,25.0,57.8,6.6,874.0,58.8,38.6,0,正常
Day05-09:10,5,9,10,24.5,56.8,9.5,832.0,61.3,38.4,0,正常
Day05-09:11,5,9,11,24.7,58.2,6.4,879.0,67.1,38.5,0,正常
Day05-09:12,5,9,12,25.1,54.8,12.0,848.0,72.0,38.2,0,正常
Day05-09:13,5,9,13,25.1,59.2,7.8,917.0,63.0,38.5,0,正常
Day05-09:14,5,9,14,24.9,56.5,8.7,922.0,73.3,38.3,0,正常
Day05-09:15,5,9,15,24.7,57.1,9.8,873.0,66.9,39.1,0,正常
Day05-09:16,5,9,16,25.3,56.8,10.8,801.0,59.4,38.5,0,正常
Day05-09:17,5,9,17,24.8,56.8,8.3,833.0,57.6,38.4,0,正常
Day05-09:18,5,9,18,25.0,57.8,7.5,852.0,60.3,38.8,0,正常
Day05-09:19,5,9,19,24.6,57.1,10.9,826.0,65.4,38.5,0,正常
Day05-09:20,5,9,20,24.8,58.2,9.2,878.0,66.8,38.9,0,正常
Day05-09:21,5,9,21,25.1,57.6,11.3,892.0,65.5,38.9,0,正常
Day05-09:22,5,9,22,24.6,57.3,5.6,937.0,70.4,38.4,0,正常
Day05-09:23,5,9,23,24.8,57.2,6.7,932.0,65.1,38.9,0,正常
Day05-09:24,5,9,24,25.0,56.4,10.8,951.0,69.2,38.9,0,正常
Day05-09:25,5,9,25,25.3,57.0,9.0,914.0,63.1,38.8,0,正常
Day05-09:26,5,9,26,25.0,55.6,8.1,884.0,65.9,38.6,0,正常
Day05-09:27,5,9,27,24.2,58.0,9.4,782.0,64.9,38.5,0,正常
Day05-09:28,5,9,28,25.3,56.2,9.3,920.0,65.8,38.4,0,正常
Day05-09:29,5,9,29,24.8,56.9,11.7,938.0,64.7,38.8,0,正常
Day05-09:30,5,9,30,24.6,57.4,11.6,915.0,59.9,38.8,0,正常
Day05-09:31,5,9,31,25.3,55.9,9.4,938.0,65.0,38.6,0,正常
Day05-09:32,5,9,32,24.8,57.2,11.1,775.0,64.5,38.6,0,正常
Day05-09:33,5,9,33,25.3,57.2,6.9,838.0,61.7,38.7,0,正常
Day05-09:34,5,9,34,25.0,58.4,8.8,892.0,67.8,38.4,0,正常
Day05-09:35,5,9,35,24.6,56.5,9.1,898.0,69.8,39.2,0,正常
Day05-09:36,5,9,36,25.0,57.9,9.5,930.0,59.3,38.7,0,正常
Day05-09:37,5,9,37,24.9,57.7,8.8,833.0,64.9,38.0,0,正常
Day05-09:38,5,9,38,24.8,57.8,11.1,881.0,57.7,38.8,0,正常
Day05-09:39,5,9,39,24.6,56.3,6.7,984.0,63.4,38.8,0,正常
Day05-09:40,5,9,40,25.3,56.6,8.5,878.0,61.1,38.1,0,正常
Day05-09:41,5,9,41,24.9,56.7,7.7,910.0,72.1,38.4,0,正常
Day05-09:42,5,9,42,25.2,58.0,8.0,908.0,66.7,37.8,0,正常
Day05-09:43,5,9,43,25.1,54.8,9.8,884.0,66.0,38.5,0,正常
Day05-09:44,5,9,44,24.8,55.6,8.0,922.0,65.0,38.5,0,正常
Day05-09:45,5,9,45,24.6,57.5,7.3,898.0,71.4,38.5,0,正常
Day05-09:46,5,9,46,24.9,58.0,6.7,962.0,70.2,38.8,0,正常
Day05-09:47,5,9,47,24.4,59.1,10.3,884.0,68.5,38.4,0,正常
Day05-09:48,5,9,48,24.5,55.8,6.7,936.0,71.0,38.6,0,正常
Day05-09:49,5,9,49,24.8,56.3,8.0,812.0,64.8,38.3,0,正常
Day05-09:50,5,9,50,24.5,58.2,10.1,945.0,68.3,38.5,0,正常
Day05-09:51,5,9,51,24.9,55.7,6.8,923.0,64.3,38.5,0,正常
Day05-09:52,5,9,52,25.1,57.9,9.3,876.0,61.1,38.5,0,正常
Day05-09:53,5,9,53,25.0,56.0,7.8,881.0,63.1,38.4,0,正常
Day05-09:54,5,9,54,24.0,57.0,10.0,751.0,58.6,38.6,0,正常
Day05-09:55,5,9,55,24.8,57.4,6.0,905.0,64.5,38.6,0,正常
Day05-09:56,5,9,56,24.2,58.3,8.8,929.0,68.3,38.5,0,正常
Day05-09:57,5,9,57,24.8,56.4,10.4,892.0,71.5,38.5,0,正常
Day05-09:58,5,9,58,24.4,56.5,10.1,931.0,66.1,38.5,0,正常
Day05-09:59,5,9,59,24.9,58.0,9.3,861.0,62.8,39.1,0,正常
Day05-10:00,5,10,0,25.0,58.5,9.4,990.0,63.2,38.6,0,正常
Day05-10:01,5,10,1,25.0,58.3,10.9,920.0,60.8,39.0,0,正常
Day05-10:02,5,10,2,25.5,57.5,11.3,959.0,66.8,38.8,0,正常
Day05-10:03,5,10,3,25.3,56.3,6.6,961.0,63.1,39.0,0,正常
Day05-10:04,5,10,4,24.6,57.7,6.9,901.0,59.2,38.5,0,正常
Day05-10:05,5,10,5,25.1,56.8,11.8,984.0,65.5,38.6,0,正常
Day05-10:06,5,10,6,25.3,56.3,9.5,996.0,63.3,38.6,0,正常
Day05-10:07,5,10,7,25.5,56.9,8.9,925.0,54.3,38.2,0,正常
Day05-10:08,5,10,8,24.8,56.7,9.6,969.0,60.7,38.7,0,正常
Day05-10:09,5,10,9,25.3,57.2,9.9,1000.0,70.3,38.9,0,正常
Day05-10:10,5,10,10,24.7,54.4,9.9,911.0,69.2,38.3,0,正常
Day05-10:11,5,10,11,25.4,56.5,7.7,910.0,66.1,38.3,0,正常
Day05-10:12,5,10,12,24.7,56.6,9.0,857.0,70.2,38.5,0,正常
Day05-10:13,5,10,13,24.7,57.7,9.8,974.0,71.0,38.5,0,正常
Day05-10:14,5,10,14,25.2,57.3,9.2,925.0,58.9,39.0,0,正常
Day05-10:15,5,10,15,25.1,58.0,12.4,926.0,69.7,38.2,0,正常
Day05-10:16,5,10,16,25.2,58.7,9.6,1029.0,61.1,38.0,0,正常
Day05-10:17,5,10,17,24.9,57.9,11.8,941.0,65.2,38.4,0,正常
Day05-10:18,5,10,18,25.3,56.1,9.6,926.0,57.8,38.2,0,正常
Day05-10:19,5,10,19,24.6,55.5,9.4,960.0,71.7,38.4,0,正常
Day05-10:20,5,10,20,25.3,55.8,10.8,1023.0,64.7,38.6,0,正常
Day05-10:21,5,10,21,24.8,56.8,9.6,1007.0,71.0,37.9,0,正常
Day05-10:22,5,10,22,25.0,55.2,7.3,989.0,66.5,39.1,0,正常
Day05-10:23,5,10,23,24.5,57.3,10.7,874.0,68.5,38.1,0,正常
Day05-10:24,5,10,24,24.8,57.6,10.4,997.0,64.6,38.8,0,正常
Day05-10:25,5,10,25,24.7,57.4,9.1,982.0,67.3,39.2,0,正常
Day05-10:26,5,10,26,25.5,56.2,10.2,942.0,66.2,38.5,0,正常
Day05-10:27,5,10,27,25.1,57.5,9.6,994.0,68.8,37.7,0,正常
Day05-10:28,5,10,28,25.2,58.1,9.3,1052.0,67.6,38.2,0,正常
Day05-10:29,5,10,29,25.0,58.0,10.6,960.0,64.4,38.6,0,正常
Day05-10:30,5,10,30,25.5,57.1,6.3,935.0,64.1,38.3,0,正常
Day05-10:31,5,10,31,25.2,58.6,9.3,1021.0,56.6,38.6,0,正常
Day05-10:32,5,10,32,24.8,57.7,10.9,838.0,65.8,38.0,0,正常
Day05-10:33,5,10,33,24.9,58.2,9.6,871.0,64.5,38.6,0,正常
Day05-10:34,5,10,34,25.2,55.6,10.5,1066.0,68.3,38.2,0,正常
Day05-10:35,5,10,35,25.2,57.2,9.1,941.0,65.0,38.5,0,正常
Day05-10:36,5,10,36,24.7,56.9,11.5,949.0,67.5,38.4,0,正常
Day05-10:37,5,10,37,25.2,56.9,11.7,922.0,74.3,38.6,0,正常
Day05-10:38,5,10,38,24.5,57.1,9.8,917.0,68.7,38.7,0,正常
Day05-10:39,5,10,39,25.0,56.4,10.3,871.0,61.4,38.5,0,正常
Day05-10:40,5,10,40,25.1,58.1,9.4,998.0,67.6,38.8,0,正常
Day05-10:41,5,10,41,24.9,55.1,9.5,935.0,66.8,39.0,0,正常
Day05-10:42,5,10,42,25.2,57.2,9.0,860.0,61.1,38.4,0,正常
Day05-10:43,5,10,43,25.9,57.3,10.4,922.0,69.4,38.3,0,正常
Day05-10:44,5,10,44,25.3,56.2,9.4,965.0,67.1,38.4,0,正常
Day05-10:45,5,10,45,24.7,56.1,9.4,881.0,70.1,38.4,0,正常
Day05-10:46,5,10,46,24.6,57.7,11.1,953.0,67.3,38.3,0,正常
Day05-10:47,5,10,47,25.3,55.9,12.4,998.0,64.1,38.3,0,正常
Day05-10:48,5,10,48,24.7,57.2,6.7,916.0,61.7,38.4,0,正常
Day05-10:49,5,10,49,24.9,55.7,11.9,983.0,60.4,38.6,0,正常
Day05-10:50,5,10,50,24.8,57.3,7.7,913.0,60.4,38.8,0,正常
Day05-10:51,5,10,51,25.4,56.8,12.0,950.0,64.0,38.3,0,正常
Day05-10:52,5,10,52,24.6,56.4,11.2,992.0,66.9,38.5,0,正常
Day05-10:53,5,10,53,24.9,59.5,10.4,942.0,67.0,38.6,0,正常
Day05-10:54,5,10,54,25.0,56.6,11.6,1006.0,62.8,38.6,0,正常
Day05-10:55,5,10,55,25.1,57.1,11.1,947.0,64.1,38.7,0,正常
Day05-10:56,5,10,56,25.4,57.2,9.0,1017.0,69.3,38.8,0,正常
Day05-10:57,5,10,57,24.3,56.7,9.8,958.0,61.7,39.5,0,正常
Day05-10:58,5,10,58,25.1,55.4,7.9,998.0,65.1,39.0,0,正常
Day05-10:59,5,10,59,25.2,57.1,14.2,966.0,57.9,38.3,0,正常
Day05-11:00,5,11,0,25.0,57.8,10.8,938.0,64.6,38.3,0,正常
Day05-11:01,5,11,1,24.7,59.6,12.7,968.0,69.0,38.4,0,正常
Day05-11:02,5,11,2,24.9,56.4,11.2,991.0,64.3,38.9,0,正常
Day05-11:03,5,11,3,25.1,57.5,11.5,1031.0,59.4,39.0,0,正常
Day05-11:04,5,11,4,25.1,56.8,10.5,835.0,60.1,38.5,0,正常
Day05-11:05,5,11,5,24.8,57.7,7.6,1013.0,58.5,38.7,0,正常
Day05-11:06,5,11,6,24.9,55.3,11.9,1030.0,68.1,38.6,0,正常
Day05-11:07,5,11,7,24.3,57.7,9.2,1009.0,73.0,38.9,0,正常
Day05-11:08,5,11,8,25.4,58.5,9.2,1030.0,61.9,38.3,0,正常
Day05-11:09,5,11,9,24.4,58.3,6.5,974.0,65.8,38.5,0,正常
Day05-11:10,5,11,10,24.5,57.8,10.7,1000.0,69.7,38.7,0,正常
Day05-11:11,5,11,11,25.5,56.9,11.2,971.0,67.3,38.2,0,正常
Day05-11:12,5,11,12,24.8,57.3,10.7,970.0,64.9,38.7,0,正常
Day05-11:13,5,11,13,24.7,56.9,11.3,963.0,62.2,38.4,0,正常
Day05-11:14,5,11,14,24.7,56.6,10.1,1034.0,57.2,38.5,0,正常
Day05-11:15,5,11,15,24.2,56.8,8.4,1023.0,62.4,38.7,0,正常
Day05-11:16,5,11,16,25.3,57.8,9.8,1048.0,73.4,38.7,0,正常
Day05-11:17,5,11,17,24.7,57.9,7.5,969.0,64.9,37.8,0,正常
Day05-11:18,5,11,18,25.3,56.5,10.3,1027.0,75.8,38.6,0,正常
Day05-11:19,5,11,19,24.9,57.3,10.2,912.0,65.1,38.6,0,正常
Day05-11:20,5,11,20,24.8,56.5,7.9,1099.0,69.1,38.6,0,正常
Day05-11:21,5,11,21,24.8,54.6,9.4,1038.0,66.7,38.0,0,正常
Day05-11:22,5,11,22,24.7,57.2,11.4,1075.0,56.6,38.1,0,正常
Day05-11:23,5,11,23,25.3,58.1,8.9,1036.0,65.6,38.4,0,正常
Day05-11:24,5,11,24,24.7,57.4,9.9,960.0,54.5,38.7,0,正常
Day05-11:25,5,11,25,24.5,56.0,10.9,1043.0,72.8,38.6,0,正常
Day05-11:26,5,11,26,25.0,58.4,9.7,919.0,80.4,38.2,0,正常
Day05-11:27,5,11,27,25.0,56.7,9.7,1083.0,58.3,38.7,0,正常
Day05-11:28,5,11,28,24.4,58.3,8.6,1027.0,68.0,39.0,0,正常
Day05-11:29,5,11,29,24.9,55.4,10.7,1000.0,69.8,38.7,0,正常
Day05-11:30,5,11,30,25.0,56.9,11.9,972.0,57.1,38.3,0,正常
Day05-11:31,5,11,31,25.4,55.8,12.6,996.0,61.2,38.0,0,正常
Day05-11:32,5,11,32,24.9,58.0,9.4,1006.0,71.1,38.6,0,正常
Day05-11:33,5,11,33,24.6,57.7,9.2,986.0,67.8,38.5,0,正常
Day05-11:34,5,11,34,25.2,56.1,10.4,1017.0,60.2,38.6,0,正常
Day05-11:35,5,11,35,25.4,57.1,12.7,1022.0,70.0,38.2,0,正常
Day05-11:36,5,11,36,25.1,56.7,10.2,996.0,68.9,38.9,0,正常
Day05-11:37,5,11,37,24.9,57.2,8.0,957.0,61.0,38.5,0,正常
Day05-11:38,5,11,38,24.7,57.0,8.2,922.0,61.2,39.5,0,正常
Day05-11:39,5,11,39,24.7,57.7,11.2,956.0,68.1,38.1,0,正常
Day05-11:40,5,11,40,24.7,58.0,10.1,977.0,58.2,38.6,0,正常
Day05-11:41,5,11,41,24.9,58.3,9.8,926.0,71.3,38.4,0,正常
Day05-11:42,5,11,42,25.0,56.6,12.8,925.0,62.2,38.8,0,正常
Day05-11:43,5,11,43,25.1,56.3,11.6,928.0,71.8,38.2,0,正常
Day05-11:44,5,11,44,25.1,55.9,10.6,1010.0,64.7,38.9,0,正常
Day05-11:45,5,11,45,25.2,57.6,9.7,1031.0,65.8,38.4,0,正常
Day05-11:46,5,11,46,25.2,56.9,9.6,1092.0,60.0,38.5,0,正常
Day05-11:47,5,11,47,24.9,55.0,11.9,989.0,66.9,38.7,0,正常
Day05-11:48,5,11,48,25.3,56.0,10.0,1005.0,75.1,38.6,0,正常
Day05-11:49,5,11,49,25.0,57.5,8.3,950.0,66.2,38.6,0,正常
Day05-11:50,5,11,50,24.6,55.4,9.7,966.0,71.4,38.9,0,正常
Day05-11:51,5,11,51,24.6,58.2,6.8,1034.0,71.0,38.7,0,正常
Day05-11:52,5,11,52,24.7,58.1,9.8,1003.0,62.2,38.5,0,正常
Day05-11:53,5,11,53,24.8,57.9,8.9,973.0,62.3,38.6,0,正常
Day05-11:54,5,11,54,25.1,57.0,10.0,997.0,60.9,38.3,0,正常
Day05-11:55,5,11,55,24.7,57.2,10.9,967.0,66.7,38.4,0,正常
Day05-11:56,5,11,56,24.6,57.5,10.5,974.0,69.1,38.2,0,正常
Day05-11:57,5,11,57,24.9,58.2,10.9,1107.0,68.8,38.6,0,正常
Day05-11:58,5,11,58,24.9,58.6,12.4,1043.0,58.4,38.9,0,正常
Day05-11:59,5,11,59,24.6,58.2,6.3,957.0,71.5,38.9,0,正常
Day05-12:00,5,12,0,24.7,56.8,9.7,1044.0,90.6,38.4,2042.0,正常
Day05-12:01,5,12,1,24.5,58.6,10.7,936.0,88.6,38.6,2294.0,正常
Day05-12:02,5,12,2,24.5,58.3,9.7,1025.0,89.4,38.2,2359.0,正常
Day05-12:03,5,12,3,25.0,58.8,10.2,1082.0,85.9,38.5,2301.0,正常
Day05-12:04,5,12,4,24.5,57.9,13.2,1028.0,86.0,39.2,2077.0,正常
Day05-12:05,5,12,5,24.9,58.8,11.2,1028.0,91.4,38.3,2232.0,正常
Day05-12:06,5,12,6,25.0,58.6,9.5,922.0,85.8,38.7,2228.0,正常
Day05-12:07,5,12,7,25.1,58.5,8.7,988.0,97.2,38.3,2257.0,正常
Day05-12:08,5,12,8,24.8,58.4,9.5,969.0,91.2,39.0,2310.0,正常
Day05-12:09,5,12,9,24.3,57.1,9.2,946.0,89.5,38.8,2243.0,正常
Day05-12:10,5,12,10,24.4,58.3,8.4,1039.0,90.4,39.0,2089.0,正常
Day05-12:11,5,12,11,24.7,57.4,9.9,967.0,88.4,38.6,2264.0,正常
Day05-12:12,5,12,12,24.3,59.9,12.3,976.0,99.5,38.3,2211.0,正常
Day05-12:13,5,12,13,25.0,57.3,14.3,1038.0,85.1,38.0,2081.0,正常
Day05-12:14,5,12,14,25.0,58.1,10.9,1009.0,85.0,38.8,2187.0,正常
Day05-12:15,5,12,15,24.3,58.2,9.7,1069.0,81.7,38.4,2283.0,正常
Day05-12:16,5,12,16,24.2,57.3,11.2,978.0,89.2,38.3,2081.0,正常
Day05-12:17,5,12,17,24.4,58.5,10.6,986.0,89.1,38.4,2335.0,正常
Day05-12:18,5,12,18,24.3,59.5,8.8,1033.0,89.0,39.0,2242.0,正常
Day05-12:19,5,12,19,24.8,57.9,10.3,946.0,81.6,38.2,2353.0,正常
Day05-12:20,5,12,20,24.4,58.8,11.4,1048.0,91.2,38.8,2124.0,正常
Day05-12:21,5,12,21,24.6,57.6,10.8,1044.0,96.7,38.5,2239.0,正常
Day05-12:22,5,12,22,24.6,58.1,9.6,976.0,94.3,38.5,2328.0,正常
Day05-12:23,5,12,23,24.8,58.0,11.6,1019.0,83.9,38.8,2164.0,正常
Day05-12:24,5,12,24,24.3,59.1,10.8,954.0,98.1,38.2,1919.0,正常
Day05-12:25,5,12,25,25.1,59.6,10.9,980.0,88.6,38.6,2145.0,正常
Day05-12:26,5,12,26,24.6,57.8,9.3,1004.0,96.0,38.4,2157.0,正常
Day05-12:27,5,12,27,24.7,58.3,6.6,926.0,89.7,38.5,2248.0,正常
Day05-12:28,5,12,28,25.4,58.3,10.7,1006.0,95.6,38.3,2246.0,正常
Day05-12:29,5,12,29,24.5,59.2,8.7,1052.0,96.2,38.3,2323.0,正常
Day05-12:30,5,12,30,24.7,58.4,10.7,854.0,93.6,38.2,2212.0,正常
Day05-12:31,5,12,31,24.4,56.9,6.4,988.0,80.5,38.9,2241.0,正常
Day05-12:32,5,12,32,24.9,58.2,8.9,1031.0,93.3,38.5,2113.0,正常
Day05-12:33,5,12,33,24.5,57.1,12.0,1095.0,94.7,38.4,2205.0,正常
Day05-12:34,5,12,34,24.4,59.0,10.1,993.0,86.0,38.4,2178.0,正常
Day05-12:35,5,12,35,25.2,58.4,12.4,1035.0,88.4,38.4,2362.0,正常
Day05-12:36,5,12,36,25.5,58.8,11.2,978.0,88.3,38.3,2344.0,正常
Day05-12:37,5,12,37,24.3,57.6,10.2,1087.0,91.8,38.4,2075.0,正常
Day05-12:38,5,12,38,24.4,58.1,10.7,1061.0,94.5,38.5,2165.0,正常
Day05-12:39,5,12,39,24.6,57.3,12.5,1116.0,93.7,38.9,2342.0,正常
Day05-12:40,5,12,40,24.2,58.8,11.8,1052.0,86.3,38.2,2088.0,正常
Day05-12:41,5,12,41,24.2,58.5,12.0,965.0,86.4,38.8,2185.0,正常
Day05-12:42,5,12,42,24.7,57.0,9.5,1029.0,82.9,38.3,2302.0,正常
Day05-12:43,5,12,43,24.5,57.5,11.4,1005.0,96.9,38.6,2380.0,正常
Day05-12:44,5,12,44,24.4,59.0,11.1,1056.0,90.9,38.5,2031.0,正常
Day05-12:45,5,12,45,24.0,58.1,9.7,995.0,93.8,38.2,2200.0,正常
Day05-12:46,5,12,46,24.7,59.0,9.8,1032.0,100.0,38.9,2332.0,正常
Day05-12:47,5,12,47,24.5,59.5,11.3,898.0,100,38.1,2036.0,正常
Day05-12:48,5,12,48,24.1,56.8,11.8,973.0,89.7,38.8,2039.0,正常
Day05-12:49,5,12,49,24.0,58.2,10.0,1014.0,90.4,38.8,2328.0,正常
Day05-12:50,5,12,50,24.7,57.2,11.8,996.0,84.4,38.5,2360.0,正常
Day05-12:51,5,12,51,24.7,60.6,12.4,960.0,90.6,38.6,2258.0,正常
Day05-12:52,5,12,52,24.6,60.1,11.2,966.0,90.3,38.9,2224.0,正常
Day05-12:53,5,12,53,24.3,58.2,9.3,1101.0,84.8,38.3,2166.0,正常
Day05-12:54,5,12,54,24.3,56.9,9.6,997.0,84.3,38.6,2128.0,正常
Day05-12:55,5,12,55,24.0,57.7,10.0,927.0,92.5,38.6,2112.0,正常
Day05-12:56,5,12,56,24.4,57.7,10.5,1051.0,90.7,39.2,2143.0,正常
Day05-12:57,5,12,57,24.3,58.0,9.6,926.0,87.6,38.6,2260.0,正常
Day05-12:58,5,12,58,24.2,56.4,9.5,933.0,93.4,38.1,2055.0,正常
Day05-12:59,5,12,59,24.7,59.0,10.9,988.0,96.5,38.4,2171.0,正常
Day05-13:00,5,13,0,24.5,58.9,10.7,1002.0,91.8,38.7,0,正常
Day05-13:01,5,13,1,24.4,60.9,13.0,895.0,96.2,38.4,0,正常
Day05-13:02,5,13,2,23.9,59.8,9.4,882.0,84.5,38.8,0,正常
Day05-13:03,5,13,3,24.2,59.8,12.9,1030.0,96.7,38.8,0,正常
Day05-13:04,5,13,4,23.9,58.4,11.5,930.0,76.9,38.4,0,正常
Day05-13:05,5,13,5,24.1,57.2,9.6,946.0,90.6,38.5,0,正常
Day05-13:06,5,13,6,24.0,57.1,10.3,1083.0,93.2,38.9,0,正常
Day05-13:07,5,13,7,24.1,59.1,10.6,1020.0,81.8,38.4,0,正常
Day05-13:08,5,13,8,24.1,58.6,10.7,1037.0,94.1,38.3,0,正常
Day05-13:09,5,13,9,24.1,61.1,9.0,959.0,88.8,38.7,0,正常
Day05-13:10,5,13,10,24.6,59.4,9.9,937.0,95.1,38.9,0,正常
Day05-13:11,5,13,11,24.6,59.0,11.4,971.0,86.2,38.6,0,正常
Day05-13:12,5,13,12,23.7,59.3,12.3,972.0,78.6,38.2,0,正常
Day05-13:13,5,13,13,24.2,58.9,10.3,979.0,89.8,38.2,0,正常
Day05-13:14,5,13,14,23.9,60.3,12.0,957.0,99.1,38.7,0,正常
Day05-13:15,5,13,15,24.2,60.1,12.1,1042.0,83.2,38.2,0,正常
Day05-13:16,5,13,16,23.9,59.6,11.2,978.0,82.6,38.6,0,正常
Day05-13:17,5,13,17,24.3,59.2,10.3,973.0,87.3,38.6,0,正常
Day05-13:18,5,13,18,23.7,59.2,9.3,1045.0,94.3,38.7,0,正常
Day05-13:19,5,13,19,24.3,60.4,10.4,1000.0,90.5,38.9,0,正常
Day05-13:20,5,13,20,24.2,58.1,8.4,1019.0,89.0,39.1,0,正常
Day05-13:21,5,13,21,24.3,58.9,10.8,1051.0,95.4,37.9,0,正常
Day05-13:22,5,13,22,24.2,58.7,8.9,952.0,91.7,38.6,0,正常
Day05-13:23,5,13,23,24.5,59.0,9.0,1070.0,88.5,38.8,0,正常
Day05-13:24,5,13,24,24.4,60.4,9.6,1002.0,88.9,38.3,0,正常
Day05-13:25,5,13,25,23.6,60.7,12.3,941.0,98.1,38.4,0,正常
Day05-13:26,5,13,26,24.0,59.6,13.3,1059.0,84.0,38.6,0,正常
Day05-13:27,5,13,27,23.9,59.2,10.7,972.0,89.4,39.2,0,正常
Day05-13:28,5,13,28,24.5,57.8,12.0,943.0,90.2,38.9,0,正常
Day05-13:29,5,13,29,24.6,60.0,9.8,961.0,84.2,38.6,0,正常
Day05-13:30,5,13,30,24.2,58.5,10.3,1068.0,87.6,38.8,0,正常
Day05-13:31,5,13,31,24.3,58.2,12.2,976.0,94.2,39.2,0,正常
Day05-13:32,5,13,32,24.1,59.8,9.8,1018.0,90.9,39.1,0,正常
Day05-13:33,5,13,33,24.4,60.1,9.6,1016.0,89.6,38.5,0,正常
Day05-13:34,5,13,34,24.3,59.6,11.3,974.0,96.4,38.0,0,正常
Day05-13:35,5,13,35,23.9,61.6,12.4,1096.0,85.8,38.6,0,正常
Day05-13:36,5,13,36,24.3,58.8,10.1,1004.0,90.1,38.7,0,正常
Day05-13:37,5,13,37,23.9,57.4,10.7,921.0,82.2,38.2,0,正常
Day05-13:38,5,13,38,24.2,58.6,9.7,984.0,86.3,38.7,0,正常
Day05-13:39,5,13,39,24.5,61.7,10.4,1032.0,90.6,38.0,0,正常
Day05-13:40,5,13,40,24.6,59.3,11.1,1130.0,88.1,38.4,0,正常
Day05-13:41,5,13,41,23.8,59.1,11.0,1029.0,86.9,38.5,0,正常
Day05-13:42,5,13,42,24.4,58.2,11.0,938.0,88.3,38.8,0,正常
Day05-13:43,5,13,43,24.4,60.1,10.1,1066.0,88.6,39.0,0,正常
Day05-13:44,5,13,44,24.5,59.3,11.6,944.0,85.1,38.2,0,正常
Day05-13:45,5,13,45,24.4,58.1,12.0,1044.0,89.3,38.5,0,正常
Day05-13:46,5,13,46,24.5,57.9,9.5,1025.0,91.1,38.7,0,正常
Day05-13:47,5,13,47,24.1,58.6,9.9,1059.0,91.1,38.1,0,正常
Day05-13:48,5,13,48,23.8,58.4,12.2,992.0,100,38.8,0,正常
Day05-13:49,5,13,49,23.9,58.7,12.5,889.0,88.3,38.5,0,正常
Day05-13:50,5,13,50,24.3,58.5,9.9,964.0,89.0,38.5,0,正常
Day05-13:51,5,13,51,24.3,59.7,9.8,1045.0,89.8,38.4,0,正常
Day05-13:52,5,13,52,24.3,58.8,8.2,1041.0,85.0,38.7,0,正常
Day05-13:53,5,13,53,23.9,59.3,9.1,1045.0,93.0,38.9,0,正常
Day05-13:54,5,13,54,23.8,59.7,12.4,931.0,82.4,38.4,0,正常
Day05-13:55,5,13,55,24.0,60.4,13.6,949.0,93.7,38.4,0,正常
Day05-13:56,5,13,56,24.0,59.8,9.0,994.0,92.5,38.6,0,正常
Day05-13:57,5,13,57,24.4,57.7,10.1,965.0,85.6,38.4,0,正常
Day05-13:58,5,13,58,23.9,59.7,9.1,990.0,91.9,38.2,0,正常
Day05-13:59,5,13,59,24.4,58.2,10.6,990.0,89.6,38.7,0,正常
Day05-14:00,5,14,0,23.0,61.7,8.1,952.0,61.6,38.9,0,正常
Day05-14:01,5,14,1,22.9,63.0,13.3,1022.0,55.7,38.7,0,正常
Day05-14:02,5,14,2,23.5,60.0,11.3,870.0,65.7,38.0,0,正常
Day05-14:03,5,14,3,23.6,61.5,12.7,993.0,69.4,38.2,0,正常
Day05-14:04,5,14,4,23.4,60.9,12.5,910.0,57.2,38.5,0,正常
Day05-14:05,5,14,5,23.4,61.5,10.0,912.0,62.7,38.4,0,正常
Day05-14:06,5,14,6,24.2,61.4,8.8,891.0,76.3,38.9,0,正常
Day05-14:07,5,14,7,23.2,60.0,12.3,993.0,65.1,38.5,0,正常
Day05-14:08,5,14,8,24.1,61.0,10.5,954.0,71.3,38.8,0,正常
Day05-14:09,5,14,9,23.4,63.4,12.0,916.0,56.5,38.1,0,正常
Day05-14:10,5,14,10,23.4,60.8,12.6,965.0,71.0,38.5,0,正常
Day05-14:11,5,14,11,23.5,61.1,10.1,881.0,68.7,38.5,0,正常
Day05-14:12,5,14,12,24.2,61.2,12.4,964.0,57.3,39.0,0,正常
Day05-14:13,5,14,13,23.5,62.9,11.6,980.0,49.1,38.3,0,正常
Day05-14:14,5,14,14,23.1,60.0,10.9,948.0,69.8,38.9,0,正常
Day05-14:15,5,14,15,23.2,61.1,10.9,965.0,66.4,38.1,0,正常
Day05-14:16,5,14,16,23.5,61.2,11.5,925.0,64.8,38.8,0,正常
Day05-14:17,5,14,17,23.2,60.0,13.1,922.0,69.0,38.7,0,正常
Day05-14:18,5,14,18,23.8,61.2,13.3,895.0,63.2,39.2,0,正常
Day05-14:19,5,14,19,23.2,59.9,11.8,989.0,66.0,38.9,0,正常
Day05-14:20,5,14,20,23.8,62.2,10.2,962.0,69.9,38.5,0,正常
Day05-14:21,5,14,21,23.4,61.0,9.2,954.0,68.2,38.5,0,正常
Day05-14:22,5,14,22,24.3,61.4,9.6,937.0,59.5,38.3,0,正常
Day05-14:23,5,14,23,23.2,61.7,10.5,923.0,63.9,38.6,0,正常
Day05-14:24,5,14,24,22.9,60.7,10.4,951.0,72.1,38.6,0,正常
Day05-14:25,5,14,25,24.2,61.4,11.4,842.0,71.7,38.6,0,正常
Day05-14:26,5,14,26,23.9,59.6,9.6,960.0,61.4,38.5,0,正常
Day05-14:27,5,14,27,23.8,61.5,13.9,904.0,68.3,38.6,0,正常
Day05-14:28,5,14,28,23.6,60.6,12.2,929.0,63.4,38.4,0,正常
Day05-14:29,5,14,29,23.1,60.8,12.1,1030.0,60.3,38.6,0,正常
Day05-14:30,5,14,30,23.3,61.3,13.6,981.0,67.0,38.7,0,正常
Day05-14:31,5,14,31,23.2,58.6,8.6,948.0,69.5,38.1,0,正常
Day05-14:32,5,14,32,23.1,59.9,11.8,858.0,72.1,38.4,0,正常
Day05-14:33,5,14,33,23.3,60.4,10.1,960.0,57.9,38.4,0,正常
Day05-14:34,5,14,34,23.6,58.4,11.9,952.0,61.3,38.7,0,正常
Day05-14:35,5,14,35,23.2,61.3,7.6,1015.0,64.0,38.0,0,正常
Day05-14:36,5,14,36,23.7,60.8,11.3,927.0,61.0,38.4,0,正常
Day05-14:37,5,14,37,23.1,59.0,13.2,904.0,63.0,38.4,0,正常
Day05-14:38,5,14,38,23.7,60.8,10.9,897.0,69.9,38.7,0,正常
Day05-14:39,5,14,39,23.4,62.0,10.8,854.0,65.1,39.2,0,正常
Day05-14:40,5,14,40,23.2,59.7,11.9,899.0,67.1,39.0,0,正常
Day05-14:41,5,14,41,23.8,61.1,8.9,974.0,68.7,38.5,0,正常
Day05-14:42,5,14,42,23.8,61.5,12.2,954.0,65.6,38.2,0,正常
Day05-14:43,5,14,43,23.3,60.5,10.4,944.0,67.2,38.8,0,正常
Day05-14:44,5,14,44,23.5,61.8,10.5,951.0,70.9,39.0,0,正常
Day05-14:45,5,14,45,23.5,61.4,8.1,943.0,68.9,38.5,0,正常
Day05-14:46,5,14,46,23.9,62.1,9.6,915.0,69.1,38.8,0,正常
Day05-14:47,5,14,47,23.8,59.0,14.0,923.0,71.5,37.8,0,正常
Day05-14:48,5,14,48,23.4,62.3,10.0,942.0,69.2,39.1,0,正常
Day05-14:49,5,14,49,23.3,61.0,11.4,887.0,62.9,38.2,0,正常
Day05-14:50,5,14,50,23.5,61.8,11.7,953.0,59.5,38.2,0,正常
Day05-14:51,5,14,51,23.7,62.0,9.1,936.0,71.5,38.7,0,正常
Day05-14:52,5,14,52,23.5,61.5,8.1,894.0,62.6,38.7,0,正常
Day05-14:53,5,14,53,23.8,60.3,11.6,950.0,70.4,38.8,0,正常
Day05-14:54,5,14,54,23.6,60.6,11.1,891.0,62.7,38.7,0,正常
Day05-14:55,5,14,55,23.7,59.3,10.1,849.0,62.8,38.9,0,正常
Day05-14:56,5,14,56,23.7,61.4,10.4,903.0,65.9,38.5,0,正常
Day05-14:57,5,14,57,23.5,61.0,12.0,1042.0,61.0,38.5,0,正常
Day05-14:58,5,14,58,23.3,60.5,9.6,927.0,63.0,38.4,0,正常
Day05-14:59,5,14,59,23.3,62.2,10.9,874.0,61.5,38.3,0,正常
Day05-15:00,5,15,0,22.9,62.5,11.9,843.0,64.3,38.5,0,正常
Day05-15:01,5,15,1,22.7,63.8,9.0,925.0,53.5,38.5,0,正常
Day05-15:02,5,15,2,22.4,63.2,10.5,891.0,64.2,38.2,0,正常
Day05-15:03,5,15,3,23.0,63.6,12.4,860.0,68.5,38.1,0,正常
Day05-15:04,5,15,4,22.8,63.2,11.3,927.0,73.2,38.1,0,正常
Day05-15:05,5,15,5,23.0,64.4,9.1,815.0,79.2,38.8,0,正常
Day05-15:06,5,15,6,22.2,62.8,9.8,809.0,59.8,39.0,0,正常
Day05-15:07,5,15,7,23.4,63.5,11.9,829.0,67.6,38.3,0,正常
Day05-15:08,5,15,8,22.4,62.7,10.8,877.0,61.3,38.4,0,正常
Day05-15:09,5,15,9,22.9,63.7,7.7,928.0,62.5,38.6,0,正常
Day05-15:10,5,15,10,23.1,62.9,10.1,872.0,69.7,38.7,0,正常
Day05-15:11,5,15,11,23.1,63.8,9.9,896.0,62.3,38.9,0,正常
Day05-15:12,5,15,12,22.7,62.0,12.0,847.0,65.7,38.4,0,正常
Day05-15:13,5,15,13,22.5,62.1,11.8,842.0,66.1,38.6,0,正常
Day05-15:14,5,15,14,22.7,63.1,13.5,973.0,58.7,39.0,0,正常
Day05-15:15,5,15,15,23.1,64.1,12.0,835.0,64.0,38.5,0,正常
Day05-15:16,5,15,16,22.4,64.1,11.1,896.0,61.0,38.6,0,正常
Day05-15:17,5,15,17,22.9,63.8,9.5,863.0,61.7,38.3,0,正常
Day05-15:18,5,15,18,22.7,62.5,8.6,764.0,64.0,38.1,0,正常
Day05-15:19,5,15,19,22.6,61.9,12.7,839.0,61.6,38.0,0,正常
Day05-15:20,5,15,20,22.7,62.8,9.0,868.0,63.1,38.3,0,正常
Day05-15:21,5,15,21,22.3,61.5,13.6,809.0,68.3,38.4,0,正常
Day05-15:22,5,15,22,22.9,62.5,12.7,996.0,55.9,38.2,0,正常
Day05-15:23,5,15,23,23.2,61.3,9.7,857.0,60.8,38.1,0,正常
Day05-15:24,5,15,24,23.0,63.7,12.9,892.0,65.3,38.8,0,正常
Day05-15:25,5,15,25,23.3,63.8,11.4,843.0,66.9,38.6,0,正常
Day05-15:26,5,15,26,22.6,63.1,9.8,833.0,66.4,38.2,0,正常
Day05-15:27,5,15,27,23.0,62.4,8.5,829.0,66.2,38.7,0,正常
Day05-15:28,5,15,28,22.6,61.7,13.4,893.0,70.1,38.3,0,正常
Day05-15:29,5,15,29,23.0,64.7,9.4,911.0,67.9,38.4,0,正常
Day05-15:30,5,15,30,22.9,64.9,9.5,979.0,52.0,38.4,0,正常
Day05-15:31,5,15,31,22.6,63.5,12.6,872.0,66.8,38.6,0,正常
Day05-15:32,5,15,32,22.6,62.9,9.8,810.0,58.0,38.8,0,正常
Day05-15:33,5,15,33,22.8,63.0,11.0,870.0,65.5,38.7,0,正常
Day05-15:34,5,15,34,22.5,61.5,10.6,814.0,61.1,38.2,0,正常
Day05-15:35,5,15,35,22.7,64.1,9.5,813.0,57.4,38.7,0,正常
Day05-15:36,5,15,36,22.1,63.1,13.0,936.0,61.4,37.9,0,正常
Day05-15:37,5,15,37,22.5,63.7,9.0,887.0,69.3,38.5,0,正常
Day05-15:38,5,15,38,22.6,62.8,11.0,780.0,65.9,38.7,0,正常
Day05-15:39,5,15,39,22.1,63.4,11.0,957.0,58.5,38.4,0,正常
Day05-15:40,5,15,40,22.7,63.8,14.3,890.0,68.9,39.0,0,正常
Day05-15:41,5,15,41,23.2,61.9,10.8,893.0,67.1,38.4,0,正常
Day05-15:42,5,15,42,22.7,63.0,11.8,972.0,71.0,38.1,0,正常
Day05-15:43,5,15,43,23.0,63.2,10.1,887.0,68.5,38.7,0,正常
Day05-15:44,5,15,44,22.3,62.0,9.8,878.0,66.9,38.5,0,正常
Day05-15:45,5,15,45,23.2,62.1,12.1,862.0,63.5,39.0,0,正常
Day05-15:46,5,15,46,22.9,61.5,12.0,868.0,68.9,38.4,0,正常
Day05-15:47,5,15,47,22.4,63.1,12.0,868.0,69.8,38.5,0,正常
Day05-15:48,5,15,48,22.3,62.7,12.3,877.0,56.8,38.1,0,正常
Day05-15:49,5,15,49,23.1,62.5,12.7,815.0,61.7,38.7,0,正常
Day05-15:50,5,15,50,23.0,63.1,9.9,914.0,64.7,39.3,0,正常
Day05-15:51,5,15,51,23.0,62.7,11.1,928.0,54.5,38.7,0,正常
Day05-15:52,5,15,52,22.8,63.8,9.5,865.0,71.7,38.3,0,正常
Day05-15:53,5,15,53,22.4,61.9,13.3,858.0,61.5,38.5,0,正常
Day05-15:54,5,15,54,22.6,63.5,11.4,820.0,67.5,38.7,0,正常
Day05-15:55,5,15,55,22.7,63.7,9.5,849.0,68.9,38.4,0,正常
Day05-15:56,5,15,56,22.9,63.8,11.1,866.0,73.6,38.5,0,正常
Day05-15:57,5,15,57,22.7,62.3,10.6,880.0,70.0,39.0,0,正常
Day05-15:58,5,15,58,22.9,63.4,9.4,909.0,63.6,38.5,0,正常
Day05-15:59,5,15,59,22.6,63.6,10.4,870.0,65.8,38.7,0,正常
Day05-16:00,5,16,0,22.0,64.9,9.5,795.0,57.3,38.0,0,正常
Day05-16:01,5,16,1,21.7,63.1,12.0,785.0,68.5,38.4,0,正常
Day05-16:02,5,16,2,21.9,64.8,9.6,875.0,62.9,38.5,0,正常
Day05-16:03,5,16,3,21.9,65.4,10.8,763.0,66.1,38.0,0,正常
Day05-16:04,5,16,4,22.1,64.2,11.9,826.0,76.1,38.4,0,正常
Day05-16:05,5,16,5,22.0,65.2,9.8,777.0,61.3,38.9,0,正常
Day05-16:06,5,16,6,21.8,63.2,11.0,796.0,69.6,38.3,0,正常
Day05-16:07,5,16,7,21.9,63.8,10.1,817.0,64.3,38.5,0,正常
Day05-16:08,5,16,8,22.1,63.2,13.0,795.0,59.3,38.4,0,正常
Day05-16:09,5,16,9,22.3,66.2,9.4,800.0,64.0,37.8,0,正常
Day05-16:10,5,16,10,22.3,66.3,8.4,890.0,57.9,38.5,0,正常
Day05-16:11,5,16,11,22.3,65.6,7.9,839.0,61.9,38.7,0,正常
Day05-16:12,5,16,12,21.8,66.0,11.5,792.0,68.2,38.7,0,正常
Day05-16:13,5,16,13,21.8,66.3,11.0,783.0,61.6,38.8,0,正常
Day05-16:14,5,16,14,22.1,64.2,10.8,793.0,65.8,38.6,0,正常
Day05-16:15,5,16,15,22.3,65.4,12.6,805.0,57.6,39.0,0,正常
Day05-16:16,5,16,16,21.6,64.9,9.5,819.0,68.5,38.2,0,正常
Day05-16:17,5,16,17,21.7,65.1,8.0,830.0,64.1,38.9,0,正常
Day05-16:18,5,16,18,22.2,64.6,10.8,795.0,64.5,39.3,0,正常
Day05-16:19,5,16,19,21.8,63.3,10.9,796.0,63.2,38.6,0,正常
Day05-16:20,5,16,20,22.1,63.9,9.1,798.0,59.1,38.7,0,正常
Day05-16:21,5,16,21,22.2,64.7,10.8,787.0,62.3,38.3,0,正常
Day05-16:22,5,16,22,22.0,63.3,11.9,898.0,64.8,38.7,0,正常
Day05-16:23,5,16,23,22.2,64.6,8.3,768.0,68.0,38.6,0,正常
Day05-16:24,5,16,24,21.9,65.7,9.2,747.0,67.3,38.3,0,正常
Day05-16:25,5,16,25,22.2,63.4,9.4,827.0,68.0,38.0,0,正常
Day05-16:26,5,16,26,22.0,63.6,11.0,783.0,62.1,37.7,0,正常
Day05-16:27,5,16,27,22.0,64.3,12.6,676.0,61.2,38.1,0,正常
Day05-16:28,5,16,28,22.2,64.1,13.7,787.0,71.6,38.5,0,正常
Day05-16:29,5,16,29,21.6,65.4,9.6,834.0,58.8,38.7,0,正常
Day05-16:30,5,16,30,21.9,65.0,9.5,804.0,63.8,38.3,0,正常
Day05-16:31,5,16,31,22.0,64.6,9.6,770.0,72.8,38.5,0,正常
Day05-16:32,5,16,32,22.0,64.1,11.0,752.0,65.1,38.6,0,正常
Day05-16:33,5,16,33,22.0,64.2,11.8,751.0,56.6,39.0,0,正常
Day05-16:34,5,16,34,22.0,65.6,9.6,731.0,68.7,38.4,0,正常
Day05-16:35,5,16,35,21.8,65.2,9.3,860.0,62.7,39.1,0,正常
Day05-16:36,5,16,36,21.8,65.9,9.8,836.0,68.3,38.1,0,正常
Day05-16:37,5,16,37,22.1,63.7,10.8,771.0,65.4,38.1,0,正常
Day05-16:38,5,16,38,21.8,65.1,8.6,790.0,71.7,38.0,0,正常
Day05-16:39,5,16,39,22.3,65.4,11.0,855.0,66.6,38.5,0,正常
Day05-16:40,5,16,40,21.5,63.6,13.5,793.0,72.3,38.3,0,正常
Day05-16:41,5,16,41,21.7,65.0,11.7,839.0,63.4,38.2,0,正常
Day05-16:42,5,16,42,22.5,64.1,12.1,880.0,60.1,38.4,0,正常
Day05-16:43,5,16,43,22.0,63.3,9.0,806.0,63.1,38.5,0,正常
Day05-16:44,5,16,44,22.5,64.8,6.7,838.0,75.0,38.8,0,正常
Day05-16:45,5,16,45,22.8,65.5,11.5,795.0,67.5,38.5,0,正常
Day05-16:46,5,16,46,22.1,64.6,11.7,933.0,63.1,38.3,0,正常
Day05-16:47,5,16,47,22.0,65.3,8.7,782.0,56.5,38.8,0,正常
Day05-16:48,5,16,48,22.1,64.9,9.5,792.0,66.2,38.3,0,正常
Day05-16:49,5,16,49,22.3,64.9,12.2,685.0,61.8,38.1,0,正常
Day05-16:50,5,16,50,21.7,65.5,13.0,769.0,67.7,38.4,0,正常
Day05-16:51,5,16,51,22.3,66.5,11.3,856.0,66.4,38.2,0,正常
Day05-16:52,5,16,52,22.4,65.0,11.0,741.0,70.8,38.3,0,正常
Day05-16:53,5,16,53,22.2,64.4,10.6,847.0,62.5,38.8,0,正常
Day05-16:54,5,16,54,21.3,65.0,11.4,749.0,57.4,38.3,0,正常
Day05-16:55,5,16,55,22.5,65.5,9.5,804.0,71.8,38.6,0,正常
Day05-16:56,5,16,56,21.9,66.4,11.4,775.0,59.0,38.4,0,正常
Day05-16:57,5,16,57,21.7,64.8,9.9,825.0,61.3,39.4,0,正常
Day05-16:58,5,16,58,22.4,65.7,8.4,847.0,74.7,38.3,0,正常
Day05-16:59,5,16,59,22.1,64.8,9.6,810.0,58.5,39.0,0,正常
Day05-17:00,5,17,0,20.9,67.2,10.3,618.0,94.9,38.5,2174.0,正常
Day05-17:01,5,17,1,20.7,68.1,9.6,765.0,100,38.3,2275.0,正常
Day05-17:02,5,17,2,21.4,68.2,11.7,738.0,90.2,38.5,2245.0,正常
Day05-17:03,5,17,3,21.9,67.8,8.0,643.0,92.3,38.4,2262.0,正常
Day05-17:04,5,17,4,21.3,67.8,10.6,606.0,87.5,38.3,2346.0,正常
Day05-17:05,5,17,5,20.6,66.5,9.2,768.0,90.8,38.3,2212.0,正常
Day05-17:06,5,17,6,21.0,68.9,9.5,768.0,88.8,38.9,2095.0,正常
Day05-17:07,5,17,7,20.6,67.4,10.7,688.0,94.3,38.5,2008.0,正常
Day05-17:08,5,17,8,21.3,67.8,10.6,694.0,94.3,38.9,2211.0,正常
Day05-17:09,5,17,9,21.5,67.2,8.1,756.0,94.1,38.5,2240.0,正常
Day05-17:10,5,17,10,21.2,67.7,8.9,732.0,88.7,39.1,2282.0,正常
Day05-17:11,5,17,11,21.4,66.4,10.0,665.0,97.2,38.8,2090.0,正常
Day05-17:12,5,17,12,21.4,66.6,9.9,655.0,87.3,38.7,2288.0,正常
Day05-17:13,5,17,13,21.1,68.5,8.8,680.0,98.7,38.5,2134.0,正常
Day05-17:14,5,17,14,21.0,67.0,9.6,702.0,89.8,38.6,2077.0,正常
Day05-17:15,5,17,15,21.1,67.2,9.8,744.0,81.9,38.4,2193.0,正常
Day05-17:16,5,17,16,21.0,67.1,11.8,759.0,99.9,38.5,2248.0,正常
Day05-17:17,5,17,17,21.2,67.7,11.8,730.0,99.3,38.7,2189.0,正常
Day05-17:18,5,17,18,21.5,66.2,8.6,746.0,99.3,38.4,2233.0,正常
Day05-17:19,5,17,19,21.5,67.2,8.8,726.0,90.5,38.6,2265.0,正常
Day05-17:20,5,17,20,20.8,67.8,10.9,674.0,90.4,38.9,2106.0,正常
Day05-17:21,5,17,21,21.2,67.7,8.8,716.0,91.4,38.6,2109.0,正常
Day05-17:22,5,17,22,21.4,66.8,8.1,692.0,81.3,38.9,2388.0,正常
Day05-17:23,5,17,23,21.4,68.1,8.3,743.0,90.7,38.7,2248.0,正常
Day05-17:24,5,17,24,21.1,66.7,9.3,700.0,86.7,38.1,2099.0,正常
Day05-17:25,5,17,25,21.2,66.8,12.3,692.0,96.5,38.3,2228.0,正常
Day05-17:26,5,17,26,21.7,66.2,8.3,743.0,95.5,39.3,2256.0,正常
Day05-17:27,5,17,27,21.0,67.3,11.2,756.0,94.7,38.3,2314.0,正常
Day05-17:28,5,17,28,21.0,67.1,9.5,757.0,86.7,38.6,2094.0,正常
Day05-17:29,5,17,29,21.3,66.0,10.2,737.0,94.0,38.4,2292.0,正常
Day05-17:30,5,17,30,21.2,66.8,12.0,689.0,80.7,38.7,2219.0,正常
Day05-17:31,5,17,31,20.9,67.3,10.2,678.0,89.9,38.5,2354.0,正常
Day05-17:32,5,17,32,21.5,65.8,8.4,639.0,94.0,38.3,2077.0,正常
Day05-17:33,5,17,33,21.4,67.6,11.6,772.0,85.1,38.3,2090.0,正常
Day05-17:34,5,17,34,20.7,67.6,10.7,704.0,99.9,38.5,2101.0,正常
Day05-17:35,5,17,35,21.2,66.3,12.3,790.0,76.9,38.4,2160.0,正常
Day05-17:36,5,17,36,21.0,66.0,13.6,680.0,88.7,38.3,2243.0,正常
Day05-17:37,5,17,37,22.2,66.5,12.9,666.0,90.1,38.5,2265.0,正常
Day05-17:38,5,17,38,21.1,68.3,10.5,681.0,92.0,38.1,2128.0,正常
Day05-17:39,5,17,39,21.4,66.9,11.4,719.0,90.4,38.5,2260.0,正常
Day05-17:40,5,17,40,21.0,67.6,11.5,733.0,98.4,38.5,2383.0,正常
Day05-17:41,5,17,41,21.2,67.6,9.5,756.0,95.6,38.7,2283.0,正常
Day05-17:42,5,17,42,21.6,67.7,8.3,744.0,100,38.7,2356.0,正常
Day05-17:43,5,17,43,21.0,67.2,9.7,751.0,85.8,38.6,2116.0,正常
Day05-17:44,5,17,44,21.6,66.4,10.0,730.0,82.9,38.3,2074.0,正常
Day05-17:45,5,17,45,21.1,67.5,9.3,744.0,100,37.7,2074.0,正常
Day05-17:46,5,17,46,21.5,67.0,9.3,665.0,92.7,38.4,2090.0,正常
Day05-17:47,5,17,47,20.9,65.5,11.8,641.0,90.9,38.6,2359.0,正常
Day05-17:48,5,17,48,21.5,68.2,9.0,754.0,83.8,38.3,2381.0,正常
Day05-17:49,5,17,49,22.1,67.7,11.0,780.0,81.0,39.0,2308.0,正常
Day05-17:50,5,17,50,21.0,67.8,9.1,703.0,94.4,38.6,2212.0,正常
Day05-17:51,5,17,51,21.5,66.6,11.7,738.0,88.6,38.0,2162.0,正常
Day05-17:52,5,17,52,21.4,66.7,12.9,682.0,88.0,38.6,2265.0,正常
Day05-17:53,5,17,53,21.0,66.6,10.7,697.0,79.8,38.7,2166.0,正常
Day05-17:54,5,17,54,21.3,68.7,11.8,691.0,92.0,38.6,2273.0,正常
Day05-17:55,5,17,55,21.6,67.4,11.1,771.0,82.7,38.5,2200.0,正常
Day05-17:56,5,17,56,21.5,66.2,11.3,632.0,92.2,38.5,2264.0,正常
Day05-17:57,5,17,57,20.7,68.0,8.7,696.0,94.3,38.3,2296.0,正常
Day05-17:58,5,17,58,20.8,66.2,9.3,700.0,86.8,38.6,2193.0,正常
Day05-17:59,5,17,59,21.6,65.9,9.2,722.0,88.2,39.0,2028.0,正常
Day05-18:00,5,18,0,20.3,68.6,10.7,586.0,80.7,38.8,0,正常
Day05-18:01,5,18,1,20.6,69.0,6.3,631.0,94.7,38.1,0,正常
Day05-18:02,5,18,2,20.7,67.9,6.9,682.0,80.8,38.7,0,正常
Day05-18:03,5,18,3,20.5,68.3,9.5,477.0,96.5,38.1,0,正常
Day05-18:04,5,18,4,20.8,70.3,6.3,643.0,96.8,38.2,0,正常
Day05-18:05,5,18,5,20.7,67.8,8.1,546.0,88.2,39.2,0,正常
Day05-18:06,5,18,6,20.5,68.9,10.7,599.0,91.1,38.8,0,正常
Day05-18:07,5,18,7,20.1,68.1,9.8,569.0,86.2,38.3,0,正常
Day05-18:08,5,18,8,20.9,67.2,9.7,582.0,88.4,38.8,0,正常
Day05-18:09,5,18,9,20.2,68.1,10.2,533.0,90.4,38.5,0,正常
Day05-18:10,5,18,10,20.6,69.4,9.4,543.0,83.8,38.1,0,正常
Day05-18:11,5,18,11,20.3,69.4,9.5,710.0,85.9,38.6,0,正常
Day05-18:12,5,18,12,20.9,69.2,9.7,658.0,92.3,38.8,0,正常
Day05-18:13,5,18,13,20.7,68.8,9.8,712.0,94.6,38.8,0,正常
Day05-18:14,5,18,14,20.6,69.6,10.4,496.0,92.8,38.9,0,正常
Day05-18:15,5,18,15,20.5,68.8,10.4,697.0,95.1,38.1,0,正常
Day05-18:16,5,18,16,20.4,68.2,9.1,571.0,83.9,38.9,0,正常
Day05-18:17,5,18,17,20.6,69.8,8.3,627.0,95.5,38.2,0,正常
Day05-18:18,5,18,18,20.5,69.4,8.5,643.0,82.5,38.6,0,正常
Day05-18:19,5,18,19,20.9,71.0,10.0,627.0,89.1,38.2,0,正常
Day05-18:20,5,18,20,20.7,69.6,11.0,660.0,89.7,38.1,0,正常
Day05-18:21,5,18,21,20.3,69.9,8.9,603.0,84.9,38.2,0,正常
Day05-18:22,5,18,22,20.2,68.0,8.6,687.0,89.4,38.8,0,正常
Day05-18:23,5,18,23,20.6,68.3,8.5,577.0,90.9,38.6,0,正常
Day05-18:24,5,18,24,20.4,69.9,9.1,610.0,90.0,38.7,0,正常
Day05-18:25,5,18,25,20.2,69.0,11.1,544.0,79.6,38.1,0,正常
Day05-18:26,5,18,26,20.5,68.8,9.0,531.0,80.9,38.4,0,正常
Day05-18:27,5,18,27,20.5,69.0,11.2,574.0,87.6,38.2,0,正常
Day05-18:28,5,18,28,20.7,69.1,11.0,586.0,96.6,38.3,0,正常
Day05-18:29,5,18,29,21.0,69.6,12.2,444.0,79.2,37.9,0,正常
Day05-18:30,5,18,30,20.3,70.1,8.0,592.0,94.5,38.5,0,正常
Day05-18:31,5,18,31,20.3,68.6,9.1,654.0,86.4,38.6,0,正常
Day05-18:32,5,18,32,20.9,68.4,7.9,571.0,92.6,38.4,0,正常
Day05-18:33,5,18,33,20.8,69.1,11.9,636.0,87.4,38.6,0,正常
Day05-18:34,5,18,34,20.1,68.9,6.7,692.0,86.4,38.6,0,正常
Day05-18:35,5,18,35,20.9,69.8,9.8,638.0,100,39.1,0,正常
Day05-18:36,5,18,36,20.4,69.9,11.7,604.0,100,38.3,0,正常
Day05-18:37,5,18,37,20.4,68.2,10.4,639.0,79.7,38.9,0,正常
Day05-18:38,5,18,38,20.7,70.1,7.5,640.0,86.9,38.2,0,正常
Day05-18:39,5,18,39,20.4,70.0,9.6,610.0,92.6,38.7,0,正常
Day05-18:40,5,18,40,20.6,69.0,10.2,558.0,84.9,38.4,0,正常
Day05-18:41,5,18,41,20.5,70.6,12.5,607.0,92.9,37.8,0,正常
Day05-18:42,5,18,42,20.5,67.8,11.0,615.0,88.9,38.4,0,正常
Day05-18:43,5,18,43,20.5,69.7,8.0,644.0,79.6,38.3,0,正常
Day05-18:44,5,18,44,20.9,69.2,7.7,609.0,89.4,38.1,0,正常
Day05-18:45,5,18,45,20.9,68.5,8.4,574.0,79.3,38.9,0,正常
Day05-18:46,5,18,46,20.7,70.0,10.7,556.0,90.4,38.8,0,正常
Day05-18:47,5,18,47,20.4,68.2,9.6,623.0,86.2,38.2,0,正常
Day05-18:48,5,18,48,20.6,69.5,8.4,640.0,82.4,39.2,0,正常
Day05-18:49,5,18,49,20.2,68.2,8.3,550.0,92.0,39.0,0,正常
Day05-18:50,5,18,50,20.6,68.1,7.8,600.0,93.2,38.4,0,正常
Day05-18:51,5,18,51,20.2,68.1,6.7,596.0,90.7,38.3,0,正常
Day05-18:52,5,18,52,20.3,69.0,10.8,653.0,90.3,38.5,0,正常
Day05-18:53,5,18,53,20.5,66.6,9.7,617.0,91.4,38.5,0,正常
Day05-18:54,5,18,54,20.7,69.1,10.2,466.0,97.0,38.6,0,正常
Day05-18:55,5,18,55,20.6,67.0,11.0,646.0,85.9,37.9,0,正常
Day05-18:56,5,18,56,20.4,69.1,7.9,546.0,94.2,38.9,0,正常
Day05-18:57,5,18,57,20.6,70.2,7.6,539.0,82.7,39.2,0,正常
Day05-18:58,5,18,58,21.0,69.1,10.9,738.0,92.4,38.1,0,正常
Day05-18:59,5,18,59,20.5,67.5,9.0,592.0,86.9,38.9,0,正常
Day05-19:00,5,19,0,19.5,71.5,7.5,431.0,17.7,38.0,0,正常
Day05-19:01,5,19,1,20.1,70.5,10.2,496.0,9.6,38.6,0,正常
Day05-19:02,5,19,2,20.2,71.6,11.1,452.0,10.4,38.4,0,正常
Day05-19:03,5,19,3,19.2,70.5,8.0,516.0,7.3,38.2,0,正常
Day05-19:04,5,19,4,20.3,70.1,9.4,464.0,13.2,38.0,0,正常
Day05-19:05,5,19,5,19.6,68.2,9.6,497.0,8.1,38.0,0,正常
Day05-19:06,5,19,6,20.4,71.1,6.9,597.0,12.5,38.2,0,正常
Day05-19:07,5,19,7,19.7,70.1,7.8,499.0,13.6,38.3,0,正常
Day05-19:08,5,19,8,19.8,69.4,10.3,521.0,7.8,38.8,0,正常
Day05-19:09,5,19,9,19.8,71.4,8.9,511.0,8.1,38.3,0,正常
Day05-19:10,5,19,10,19.8,71.9,8.9,476.0,17.5,38.6,0,正常
Day05-19:11,5,19,11,19.8,71.9,8.1,491.0,13.4,39.1,0,正常
Day05-19:12,5,19,12,19.8,71.7,7.8,504.0,24.9,38.3,0,正常
Day05-19:13,5,19,13,20.0,72.5,9.4,533.0,22.8,39.2,0,正常
Day05-19:14,5,19,14,20.1,72.2,9.2,557.0,20.0,39.0,0,正常
Day05-19:15,5,19,15,19.7,71.7,6.6,494.0,18.6,38.1,0,正常
Day05-19:16,5,19,16,19.6,69.9,7.7,475.0,10.0,38.5,0,正常
Day05-19:17,5,19,17,19.3,68.8,7.9,450.0,16.9,38.4,0,正常
Day05-19:18,5,19,18,20.3,71.0,9.0,496.0,15.5,38.0,0,正常
Day05-19:19,5,19,19,19.4,69.1,9.3,493.0,11.9,38.3,0,正常
Day05-19:20,5,19,20,19.9,71.0,9.2,482.0,17.4,38.4,0,正常
Day05-19:21,5,19,21,19.4,69.7,7.4,427.0,17.4,38.5,0,正常
Day05-19:22,5,19,22,20.4,71.5,9.2,563.0,17.9,38.1,0,正常
Day05-19:23,5,19,23,20.5,69.7,6.7,516.0,7.7,38.6,0,正常
Day05-19:24,5,19,24,19.7,70.6,9.9,593.0,21.7,38.4,0,正常
Day05-19:25,5,19,25,20.0,70.4,9.6,528.0,17.3,38.3,0,正常
Day05-19:26,5,19,26,19.7,69.5,9.7,442.0,11.9,38.0,0,正常
Day05-19:27,5,19,27,19.7,70.6,6.8,538.0,11.7,38.1,0,正常
Day05-19:28,5,19,28,19.2,71.6,12.0,583.0,12.9,38.0,0,正常
Day05-19:29,5,19,29,20.1,69.5,8.5,522.0,24.1,38.6,0,正常
Day05-19:30,5,19,30,19.2,70.4,7.2,558.0,15.3,38.1,0,正常
Day05-19:31,5,19,31,20.1,70.4,9.1,425.0,16.0,38.5,0,正常
Day05-19:32,5,19,32,19.7,71.3,7.3,526.0,23.4,38.3,0,正常
Day05-19:33,5,19,33,19.8,69.8,8.2,516.0,17.3,38.0,0,正常
Day05-19:34,5,19,34,20.0,69.1,7.3,490.0,6.6,39.1,0,正常
Day05-19:35,5,19,35,19.2,70.0,10.9,476.0,17.5,38.2,0,正常
Day05-19:36,5,19,36,19.5,70.8,7.1,553.0,19.2,38.1,0,正常
Day05-19:37,5,19,37,19.4,71.7,8.5,507.0,8.7,38.2,0,正常
Day05-19:38,5,19,38,19.9,69.8,7.2,449.0,12.0,38.0,0,正常
Day05-19:39,5,19,39,20.0,71.6,9.7,450.0,13.0,38.7,0,正常
Day05-19:40,5,19,40,19.7,71.5,9.6,499.0,21.6,38.5,0,正常
Day05-19:41,5,19,41,20.4,69.7,11.6,553.0,17.2,38.7,0,正常
Day05-19:42,5,19,42,20.4,70.9,6.2,435.0,14.8,38.6,0,正常
Day05-19:43,5,19,43,19.8,70.2,8.9,500.0,14.4,38.5,0,正常
Day05-19:44,5,19,44,19.8,69.8,8.2,472.0,17.4,38.4,0,正常
Day05-19:45,5,19,45,20.2,70.2,11.2,459.0,19.1,39.1,0,正常
Day05-19:46,5,19,46,19.9,69.8,8.1,547.0,13.2,38.2,0,正常
Day05-19:47,5,19,47,19.9,69.7,9.3,529.0,13.1,38.6,0,正常
Day05-19:48,5,19,48,19.8,70.9,9.4,474.0,14.9,38.8,0,正常
Day05-19:49,5,19,49,19.9,70.6,5.3,500.0,12.4,38.6,0,正常
Day05-19:50,5,19,50,19.9,69.9,8.3,419.0,9.9,38.5,0,正常
Day05-19:51,5,19,51,19.3,70.7,10.9,554.0,14.4,38.2,0,正常
Day05-19:52,5,19,52,19.9,70.5,9.1,506.0,14.9,38.5,0,正常
Day05-19:53,5,19,53,19.5,70.5,12.1,438.0,23.2,38.8,0,正常
Day05-19:54,5,19,54,20.1,69.1,8.1,514.0,12.8,38.8,0,正常
Day05-19:55,5,19,55,19.7,71.5,9.6,517.0,20.6,38.0,0,正常
Day05-19:56,5,19,56,19.7,70.8,8.1,521.0,14.4,38.7,0,正常
Day05-19:57,5,19,57,20.2,69.3,9.7,472.0,18.0,38.3,0,正常
Day05-19:58,5,19,58,19.5,69.5,8.9,485.0,14.2,38.4,0,正常
Day05-19:59,5,19,59,20.3,71.2,6.5,483.0,23.5,37.8,0,正常
Day05-20:00,5,20,0,19.1,70.9,11.0,346.0,10.4,38.4,0,正常
Day05-20:01,5,20,1,19.3,73.2,12.3,406.0,20.2,38.5,0,正常
Day05-20:02,5,20,2,19.0,70.8,8.0,356.0,14.0,38.4,0,正常
Day05-20:03,5,20,3,19.3,71.9,8.0,349.0,11.7,38.4,0,正常
Day05-20:04,5,20,4,19.6,72.3,8.5,446.0,19.8,38.1,0,正常
Day05-20:05,5,20,5,19.6,71.7,4.4,323.0,19.9,38.4,0,正常
Day05-20:06,5,20,6,19.3,71.9,7.4,452.0,14.9,38.4,0,正常
Day05-20:07,5,20,7,20.2,71.6,5.5,440.0,18.4,38.6,0,正常
Day05-20:08,5,20,8,19.4,73.2,7.1,395.0,22.0,38.5,0,正常
Day05-20:09,5,20,9,19.1,72.5,9.6,306.0,14.9,38.9,0,正常
Day05-20:10,5,20,10,19.5,71.4,7.3,369.0,14.6,38.5,0,正常
Day05-20:11,5,20,11,19.2,71.8,8.2,374.0,12.4,39.0,0,正常
Day05-20:12,5,20,12,19.7,74.1,10.9,367.0,12.7,38.9,0,正常
Day05-20:13,5,20,13,18.8,71.3,7.3,457.0,15.4,38.2,0,正常
Day05-20:14,5,20,14,19.4,69.0,7.7,381.0,10.4,38.2,0,正常
Day05-20:15,5,20,15,19.4,72.8,6.5,489.0,10.0,38.9,0,正常
Day05-20:16,5,20,16,19.0,72.9,8.4,370.0,9.3,38.6,0,正常
Day05-20:17,5,20,17,19.2,73.5,8.2,397.0,11.9,38.7,0,正常
Day05-20:18,5,20,18,19.5,71.8,9.3,374.0,22.5,38.7,0,正常
Day05-20:19,5,20,19,19.7,72.2,10.2,434.0,22.1,38.6,0,正常
Day05-20:20,5,20,20,19.4,72.6,8.0,398.0,5.1,38.2,0,正常
Day05-20:21,5,20,21,19.7,70.2,7.1,430.0,15.5,37.9,0,正常
Day05-20:22,5,20,22,19.6,69.7,8.6,417.0,19.4,38.7,0,正常
Day05-20:23,5,20,23,19.6,72.5,7.6,339.0,14.8,38.4,0,正常
Day05-20:24,5,20,24,19.2,71.6,7.5,422.0,18.0,38.3,0,正常
Day05-20:25,5,20,25,18.7,74.0,5.9,395.0,15.9,38.5,0,正常
Day05-20:26,5,20,26,19.6,71.4,9.2,430.0,18.8,38.3,0,正常
Day05-20:27,5,20,27,19.6,71.8,7.7,521.0,13.0,38.8,0,正常
Day05-20:28,5,20,28,19.3,72.8,6.9,407.0,11.9,38.2,0,正常
Day05-20:29,5,20,29,19.2,72.3,11.5,410.0,11.8,38.6,0,正常
Day05-20:30,5,20,30,19.4,71.7,9.1,448.0,10.5,38.3,0,正常
Day05-20:31,5,20,31,19.5,74.4,8.1,408.0,11.5,38.7,0,正常
Day05-20:32,5,20,32,19.9,73.4,8.0,378.0,17.6,39.0,0,正常
Day05-20:33,5,20,33,19.6,70.5,9.9,372.0,8.5,38.4,0,正常
Day05-20:34,5,20,34,19.7,74.2,8.1,375.0,7.7,38.4,0,正常
Day05-20:35,5,20,35,19.4,71.6,8.0,459.0,18.4,38.6,0,正常
Day05-20:36,5,20,36,19.4,69.3,4.3,364.0,16.0,38.0,0,正常
Day05-20:37,5,20,37,19.3,73.8,8.3,340.0,19.7,38.4,0,正常
Day05-20:38,5,20,38,19.6,72.0,6.4,446.0,12.6,38.4,0,正常
Day05-20:39,5,20,39,19.6,72.8,7.3,385.0,25.4,38.4,0,正常
Day05-20:40,5,20,40,19.6,72.2,9.7,372.0,13.2,38.4,0,正常
Day05-20:41,5,20,41,19.5,71.5,8.8,326.0,16.9,38.1,0,正常
Day05-20:42,5,20,42,19.7,71.6,6.1,437.0,10.1,38.7,0,正常
Day05-20:43,5,20,43,19.7,73.4,6.8,358.0,9.9,38.6,0,正常
Day05-20:44,5,20,44,19.6,71.9,7.4,405.0,9.1,38.5,0,正常
Day05-20:45,5,20,45,18.9,70.7,11.1,413.0,6.0,38.4,0,正常
Day05-20:46,5,20,46,19.3,71.5,6.9,477.0,14.2,38.7,0,正常
Day05-20:47,5,20,47,19.2,72.7,6.4,435.0,11.9,38.4,0,正常
Day05-20:48,5,20,48,19.3,70.5,9.2,403.0,8.3,38.7,0,正常
Day05-20:49,5,20,49,20.2,75.2,8.2,434.0,21.0,38.3,0,正常
Day05-20:50,5,20,50,19.8,70.7,6.3,484.0,20.7,38.5,0,正常
Day05-20:51,5,20,51,19.3,71.9,6.5,458.0,13.6,38.1,0,正常
Day05-20:52,5,20,52,19.2,72.4,9.0,376.0,24.8,38.6,0,正常
Day05-20:53,5,20,53,19.5,70.9,6.0,518.0,27.0,38.4,0,正常
Day05-20:54,5,20,54,19.3,71.7,6.5,436.0,15.7,38.7,0,正常
Day05-20:55,5,20,55,19.2,71.0,6.4,499.0,11.9,38.3,0,正常
Day05-20:56,5,20,56,19.2,70.2,9.3,456.0,13.0,38.1,0,正常
Day05-20:57,5,20,57,19.6,72.3,9.3,358.0,10.5,38.2,0,正常
Day05-20:58,5,20,58,19.7,73.9,6.5,454.0,16.6,38.8,0,正常
Day05-20:59,5,20,59,19.5,72.1,10.9,388.0,10.8,38.4,0,正常
Day05-21:00,5,21,0,19.1,73.0,7.9,268.0,7.8,37.9,0,正常
Day05-21:01,5,21,1,19.0,71.6,6.7,369.0,14.8,38.2,0,正常
Day05-21:02,5,21,2,18.8,72.3,4.3,320.0,16.5,38.0,0,正常
Day05-21:03,5,21,3,19.1,73.3,6.3,396.0,12.5,37.9,0,正常
Day05-21:04,5,21,4,18.9,74.2,6.8,386.0,16.0,38.4,0,正常
Day05-21:05,5,21,5,19.3,74.4,6.9,290.0,23.8,38.0,0,正常
Day05-21:06,5,21,6,19.0,72.4,7.8,266.0,10.2,38.8,0,正常
Day05-21:07,5,21,7,19.4,74.6,6.9,354.0,11.9,38.4,0,正常
Day05-21:08,5,21,8,18.9,72.8,7.3,328.0,13.2,38.2,0,正常
Day05-21:09,5,21,9,19.4,71.1,7.9,368.0,12.3,38.7,0,正常
Day05-21:10,5,21,10,19.8,74.4,7.8,297.0,14.2,38.8,0,正常
Day05-21:11,5,21,11,18.7,72.8,4.6,226.0,8.0,38.8,0,正常
Day05-21:12,5,21,12,19.1,72.9,5.7,335.0,23.4,38.8,0,正常
Day05-21:13,5,21,13,19.3,72.9,8.3,292.0,11.1,38.9,0,正常
Day05-21:14,5,21,14,19.4,73.2,5.0,330.0,16.7,37.7,0,正常
Day05-21:15,5,21,15,18.9,73.2,7.0,294.0,12.6,38.6,0,正常
Day05-21:16,5,21,16,19.4,73.0,7.4,339.0,7.4,38.3,0,正常
Day05-21:17,5,21,17,19.0,73.2,9.4,381.0,15.1,38.0,0,正常
Day05-21:18,5,21,18,19.0,72.5,7.2,285.0,21.3,38.6,0,正常
Day05-21:19,5,21,19,19.2,72.6,6.6,344.0,13.9,38.4,0,正常
Day05-21:20,5,21,20,19.2,72.3,7.9,354.0,5.7,38.4,0,正常
Day05-21:21,5,21,21,19.3,73.6,7.1,218.0,23.2,38.6,0,正常
Day05-21:22,5,21,22,19.7,73.8,6.6,324.0,26.1,38.4,0,正常
Day05-21:23,5,21,23,19.3,73.1,4.0,333.0,17.6,38.5,0,正常
Day05-21:24,5,21,24,18.9,71.3,6.9,262.0,16.5,38.5,0,正常
Day05-21:25,5,21,25,19.4,73.1,7.1,363.0,16.3,38.3,0,正常
Day05-21:26,5,21,26,18.9,71.0,9.0,291.0,7.6,38.8,0,正常
Day05-21:27,5,21,27,19.0,72.3,7.1,289.0,17.9,38.4,0,正常
Day05-21:28,5,21,28,19.3,74.2,5.8,317.0,18.5,38.3,0,正常
Day05-21:29,5,21,29,19.3,73.4,8.8,303.0,16.9,38.8,0,正常
Day05-21:30,5,21,30,18.9,73.0,6.1,305.0,24.9,38.4,0,正常
Day05-21:31,5,21,31,18.9,73.4,8.1,284.0,18.9,37.8,0,正常
Day05-21:32,5,21,32,18.6,73.1,6.0,339.0,12.4,38.6,0,正常
Day05-21:33,5,21,33,19.6,71.5,7.4,248.0,21.0,38.4,0,正常
Day05-21:34,5,21,34,18.3,72.8,8.9,342.0,14.6,38.9,0,正常
Day05-21:35,5,21,35,19.0,71.4,7.4,306.0,17.6,38.3,0,正常
Day05-21:36,5,21,36,18.9,72.0,7.8,283.0,10.6,38.3,0,正常
Day05-21:37,5,21,37,19.4,73.6,6.0,345.0,11.8,38.5,0,正常
Day05-21:38,5,21,38,19.2,73.5,6.1,353.0,23.4,38.2,0,正常
Day05-21:39,5,21,39,19.6,72.9,7.6,246.0,14.0,38.4,0,正常
Day05-21:40,5,21,40,19.2,73.5,8.5,270.0,13.2,38.4,0,正常
Day05-21:41,5,21,41,19.0,71.9,7.1,299.0,19.0,38.4,0,正常
Day05-21:42,5,21,42,19.2,70.6,7.9,275.0,19.7,38.7,0,正常
Day05-21:43,5,21,43,19.0,71.9,5.8,399.0,23.7,38.5,0,正常
Day05-21:44,5,21,44,19.2,73.6,7.9,287.0,13.4,37.7,0,正常
Day05-21:45,5,21,45,19.0,73.1,8.1,240.0,15.6,38.9,0,正常
Day05-21:46,5,21,46,19.2,73.7,6.2,259.0,12.5,37.8,0,正常
Day05-21:47,5,21,47,19.3,71.4,6.0,315.0,15.3,38.2,0,正常
Day05-21:48,5,21,48,19.1,71.5,5.3,318.0,23.3,38.9,0,正常
Day05-21:49,5,21,49,18.9,74.0,6.8,263.0,17.2,38.8,0,正常
Day05-21:50,5,21,50,18.8,71.9,5.7,362.0,14.5,38.3,0,正常
Day05-21:51,5,21,51,19.2,72.1,8.3,387.0,11.2,38.9,0,正常
Day05-21:52,5,21,52,19.6,72.4,7.1,310.0,22.5,38.6,0,正常
Day05-21:53,5,21,53,18.9,70.9,8.6,299.0,12.7,38.9,0,正常
Day05-21:54,5,21,54,19.5,72.8,3.7,279.0,12.1,38.6,0,正常
Day05-21:55,5,21,55,19.5,72.0,8.4,298.0,14.2,38.8,0,正常
Day05-21:56,5,21,56,19.3,71.2,4.1,258.0,11.1,38.5,0,正常
Day05-21:57,5,21,57,19.0,74.4,8.3,337.0,15.4,38.6,0,正常
Day05-21:58,5,21,58,19.1,71.9,7.2,261.0,14.7,38.6,0,正常
Day05-21:59,5,21,59,18.9,71.5,6.3,281.0,21.4,38.3,0,正常
Day05-22:00,5,22,0,18.7,72.6,5.4,225.0,14.8,38.6,0,正常
Day05-22:01,5,22,1,19.1,72.9,8.4,313.0,9.2,38.1,0,正常
Day05-22:02,5,22,2,19.4,74.5,9.3,281.0,14.2,38.4,0,正常
Day05-22:03,5,22,3,19.2,74.4,8.5,221.0,20.3,38.3,0,正常
Day05-22:04,5,22,4,19.2,71.6,8.3,188.0,15.1,38.6,0,正常
Day05-22:05,5,22,5,19.2,74.3,7.6,244.0,13.0,38.7,0,正常
Day05-22:06,5,22,6,18.4,71.9,7.4,254.0,11.5,38.3,0,正常
Day05-22:07,5,22,7,19.0,72.7,8.1,163.0,23.1,38.5,0,正常
Day05-22:08,5,22,8,18.8,73.7,4.7,250.0,15.6,38.5,0,正常
Day05-22:09,5,22,9,19.1,72.6,5.0,333.0,10.4,38.8,0,正常
Day05-22:10,5,22,10,18.9,73.3,5.9,267.0,19.9,38.5,0,正常
Day05-22:11,5,22,11,18.7,73.1,8.6,215.0,14.0,39.2,0,正常
Day05-22:12,5,22,12,19.0,72.5,7.3,309.0,26.2,38.5,0,正常
Day05-22:13,5,22,13,18.8,74.1,6.8,275.0,15.4,38.1,0,正常
Day05-22:14,5,22,14,19.3,73.1,8.3,201.0,11.0,38.4,0,正常
Day05-22:15,5,22,15,19.0,72.1,3.9,186.0,15.3,38.6,0,正常
Day05-22:16,5,22,16,19.3,73.1,6.2,290.0,14.3,38.5,0,正常
Day05-22:17,5,22,17,19.0,75.1,6.2,220.0,15.3,38.4,0,正常
Day05-22:18,5,22,18,18.7,72.4,5.3,243.0,16.4,38.3,0,正常
Day05-22:19,5,22,19,18.8,73.8,3.8,279.0,18.6,38.3,0,正常
Day05-22:20,5,22,20,19.0,74.7,8.1,191.0,17.3,38.2,0,正常
Day05-22:21,5,22,21,19.1,74.6,3.5,233.0,15.1,38.7,0,正常
Day05-22:22,5,22,22,18.4,70.2,8.4,251.0,18.3,38.6,0,正常
Day05-22:23,5,22,23,19.3,72.5,8.5,228.0,15.2,38.2,0,正常
Day05-22:24,5,22,24,19.0,73.8,6.3,272.0,17.3,38.2,0,正常
Day05-22:25,5,22,25,19.4,74.2,5.2,249.0,16.4,38.9,0,正常
Day05-22:26,5,22,26,19.0,74.0,7.5,208.0,16.6,38.6,0,正常
Day05-22:27,5,22,27,18.7,74.6,4.1,281.0,10.7,38.6,0,正常
Day05-22:28,5,22,28,19.0,73.8,6.8,263.0,13.3,38.5,0,正常
Day05-22:29,5,22,29,18.7,73.6,7.0,285.0,21.6,38.6,0,正常
Day05-22:30,5,22,30,18.9,73.1,6.9,262.0,20.0,38.4,0,正常
Day05-22:31,5,22,31,19.0,73.6,6.2,233.0,19.4,38.2,0,正常
Day05-22:32,5,22,32,18.9,72.5,6.6,261.0,21.2,38.3,0,正常
Day05-22:33,5,22,33,19.6,71.4,8.6,271.0,17.9,38.8,0,正常
Day05-22:34,5,22,34,19.1,74.1,6.0,197.0,13.8,38.9,0,正常
Day05-22:35,5,22,35,18.8,72.1,8.4,330.0,11.5,38.8,0,正常
Day05-22:36,5,22,36,19.4,72.9,4.9,293.0,21.6,38.0,0,正常
Day05-22:37,5,22,37,19.7,71.8,7.0,253.0,0.7,38.6,0,正常
Day05-22:38,5,22,38,19.5,72.6,8.8,258.0,12.9,38.1,0,正常
Day05-22:39,5,22,39,18.8,73.1,8.4,295.0,13.0,38.2,0,正常
Day05-22:40,5,22,40,18.8,73.7,7.3,202.0,17.5,38.3,0,正常
Day05-22:41,5,22,41,19.0,74.9,9.5,323.0,16.9,38.0,0,正常
Day05-22:42,5,22,42,18.7,72.3,8.9,149.0,21.3,38.2,0,正常
Day05-22:43,5,22,43,18.9,72.5,7.5,228.0,17.6,38.2,0,正常
Day05-22:44,5,22,44,19.0,75.3,5.6,354.0,8.9,39.1,0,正常
Day05-22:45,5,22,45,19.5,74.9,6.9,210.0,18.4,38.2,0,正常
Day05-22:46,5,22,46,18.9,72.6,6.1,214.0,4.9,38.6,0,正常
Day05-22:47,5,22,47,18.8,73.4,8.9,294.0,18.8,38.8,0,正常
Day05-22:48,5,22,48,19.2,74.0,9.2,248.0,11.5,38.3,0,正常
Day05-22:49,5,22,49,18.7,71.9,6.5,243.0,13.7,38.1,0,正常
Day05-22:50,5,22,50,19.0,70.6,5.3,223.0,15.1,38.2,0,正常
Day05-22:51,5,22,51,18.8,74.5,5.1,240.0,24.0,38.5,0,正常
Day05-22:52,5,22,52,18.5,72.6,6.9,226.0,17.5,38.4,0,正常
Day05-22:53,5,22,53,18.7,73.2,7.3,232.0,17.2,38.6,0,正常
Day05-22:54,5,22,54,19.3,72.5,5.3,277.0,17.0,38.5,0,正常
Day05-22:55,5,22,55,18.9,72.6,2.9,307.0,16.6,38.4,0,正常
Day05-22:56,5,22,56,18.8,72.9,8.3,201.0,18.0,38.7,0,正常
Day05-22:57,5,22,57,19.1,72.8,7.2,224.0,17.2,38.3,0,正常
Day05-22:58,5,22,58,19.0,73.8,10.4,243.0,19.8,38.6,0,正常
Day05-22:59,5,22,59,19.7,74.4,4.0,235.0,22.0,38.3,0,正常
Day05-23:00,5,23,0,19.1,71.8,3.8,185.0,15.9,38.0,0,正常
Day05-23:01,5,23,1,19.3,72.9,6.5,217.0,20.7,38.7,0,正常
Day05-23:02,5,23,2,19.4,73.3,4.9,179.0,12.6,37.8,0,正常
Day05-23:03,5,23,3,19.1,72.4,7.4,189.0,17.0,38.6,0,正常
Day05-23:04,5,23,4,18.9,74.0,4.1,119.0,22.0,38.4,0,正常
Day05-23:05,5,23,5,19.2,73.1,4.7,248.0,21.9,38.8,0,正常
Day05-23:06,5,23,6,19.3,73.4,6.1,206.0,12.7,38.5,0,正常
Day05-23:07,5,23,7,19.0,73.1,5.0,226.0,10.4,38.5,0,正常
Day05-23:08,5,23,8,19.2,73.4,7.3,262.0,21.0,38.6,0,正常
Day05-23:09,5,23,9,18.8,72.5,3.8,270.0,18.6,39.0,0,正常
Day05-23:10,5,23,10,18.8,72.6,6.0,214.0,18.8,38.5,0,正常
Day05-23:11,5,23,11,19.3,73.1,5.4,219.0,9.9,38.4,0,正常
Day05-23:12,5,23,12,19.5,73.1,4.3,192.0,14.4,38.5,0,正常
Day05-23:13,5,23,13,18.9,72.3,5.6,251.0,12.2,38.4,0,正常
Day05-23:14,5,23,14,19.2,74.6,4.4,194.0,18.6,38.6,0,正常
Day05-23:15,5,23,15,19.8,71.5,8.0,102.0,20.9,38.9,0,正常
Day05-23:16,5,23,16,18.6,73.8,8.6,173.0,13.5,38.5,0,正常
Day05-23:17,5,23,17,19.3,72.3,6.2,200.0,15.2,38.4,0,正常
Day05-23:18,5,23,18,19.6,72.1,7.1,219.0,13.3,38.3,0,正常
Day05-23:19,5,23,19,19.5,72.4,4.1,221.0,23.7,38.0,0,正常
Day05-23:20,5,23,20,19.0,73.2,6.0,302.0,11.8,38.2,0,正常
Day05-23:21,5,23,21,19.1,72.6,6.4,284.0,23.6,38.5,0,正常
Day05-23:22,5,23,22,19.1,74.4,6.4,140.0,14.9,38.2,0,正常
Day05-23:23,5,23,23,19.0,75.6,5.9,160.0,10.4,38.5,0,正常
Day05-23:24,5,23,24,19.0,72.0,6.6,159.0,8.8,38.9,0,正常
Day05-23:25,5,23,25,18.7,73.9,8.7,160.0,15.9,38.5,0,正常
Day05-23:26,5,23,26,19.1,74.3,5.3,163.0,21.6,38.6,0,正常
Day05-23:27,5,23,27,18.7,72.6,4.7,170.0,18.2,38.2,0,正常
Day05-23:28,5,23,28,19.7,71.8,6.1,236.0,14.0,38.0,0,正常
Day05-23:29,5,23,29,18.9,69.7,7.0,194.0,15.0,38.4,0,正常
Day05-23:30,5,23,30,18.9,71.6,9.0,229.0,5.0,38.2,0,正常
Day05-23:31,5,23,31,19.2,71.1,7.4,168.0,9.3,38.6,0,正常
Day05-23:32,5,23,32,19.3,73.0,4.8,205.0,17.2,39.2,0,正常
Day05-23:33,5,23,33,18.9,71.7,4.5,149.0,15.1,38.5,0,正常
Day05-23:34,5,23,34,19.2,72.6,3.1,236.0,19.1,38.5,0,正常
Day05-23:35,5,23,35,19.3,73.6,6.6,195.0,9.9,38.1,0,正常
Day05-23:36,5,23,36,19.2,73.6,7.0,166.0,15.6,38.3,0,正常
Day05-23:37,5,23,37,18.6,72.6,5.1,271.0,19.0,38.5,0,正常
Day05-23:38,5,23,38,19.2,73.2,10.3,215.0,22.1,38.4,0,正常
Day05-23:39,5,23,39,18.7,73.0,6.2,246.0,16.6,38.8,0,正常
Day05-23:40,5,23,40,18.8,73.1,7.2,199.0,18.0,38.9,0,正常
Day05-23:41,5,23,41,19.1,74.9,4.0,223.0,16.6,38.4,0,正常
Day05-23:42,5,23,42,18.9,73.4,7.1,170.0,16.1,38.4,0,正常
Day05-23:43,5,23,43,19.1,71.9,6.7,218.0,10.2,38.9,0,正常
Day05-23:44,5,23,44,18.5,71.3,4.6,167.0,13.8,38.6,0,正常
Day05-23:45,5,23,45,19.1,73.5,5.2,231.0,21.2,38.5,0,正常
Day05-23:46,5,23,46,19.4,73.6,7.0,209.0,13.4,37.8,0,正常
Day05-23:47,5,23,47,19.0,72.1,5.4,220.0,12.5,38.7,0,正常
Day05-23:48,5,23,48,18.9,72.5,5.4,256.0,9.8,38.2,0,正常
Day05-23:49,5,23,49,18.6,73.1,3.0,211.0,1.8,37.9,0,正常
Day05-23:50,5,23,50,19.1,72.3,4.9,185.0,12.3,38.4,0,正常
Day05-23:51,5,23,51,19.1,71.6,4.3,176.0,22.5,38.8,0,正常
Day05-23:52,5,23,52,19.0,73.3,7.2,146.0,13.4,38.3,0,正常
Day05-23:53,5,23,53,19.2,73.1,8.0,177.0,18.4,38.2,0,正常
Day05-23:54,5,23,54,18.9,73.3,5.6,246.0,12.1,38.2,0,正常
Day05-23:55,5,23,55,19.1,72.5,8.1,285.0,14.5,39.0,0,正常
Day05-23:56,5,23,56,19.4,72.5,6.9,247.0,15.6,38.6,0,正常
Day05-23:57,5,23,57,18.5,72.6,7.4,206.0,9.5,38.5,0,正常
Day05-23:58,5,23,58,19.1,72.3,7.8,240.0,18.9,38.2,0,正常
Day05-23:59,5,23,59,18.6,70.9,3.2,381.0,2.3,38.9,0,正常
Day06-00:00,6,0,0,19.7,72.5,5.3,220.0,13.1,40.4,0,疫病前兆
Day06-00:01,6,0,1,19.7,73.4,7.0,181.0,8.0,41.1,0,疫病前兆
Day06-00:02,6,0,2,19.4,72.4,4.0,221.0,7.9,38.5,0,疫病前兆
Day06-00:03,6,0,3,19.6,70.4,7.8,163.0,6.7,38.5,0,疫病前兆
Day06-00:04,6,0,4,19.4,72.5,4.4,279.0,7.2,41.4,0,疫病前兆
Day06-00:05,6,0,5,19.4,70.6,6.9,174.0,7.1,39.2,0,疫病前兆
Day06-00:06,6,0,6,19.6,72.7,7.6,266.0,6.5,41.2,0,疫病前兆
Day06-00:07,6,0,7,19.7,72.2,6.1,177.0,3.6,38.6,0,疫病前兆
Day06-00:08,6,0,8,19.6,73.9,4.5,220.0,0,38.5,0,疫病前兆
Day06-00:09,6,0,9,18.8,71.9,4.2,240.0,1.8,38.6,0,疫病前兆
Day06-00:10,6,0,10,19.2,73.9,4.9,165.0,14.8,38.4,0,疫病前兆
Day06-00:11,6,0,11,19.6,71.8,4.6,166.0,5.6,38.2,0,疫病前兆
Day06-00:12,6,0,12,19.1,71.5,5.3,220.0,9.7,40.9,0,疫病前兆
Day06-00:13,6,0,13,19.3,71.7,4.6,222.0,10.1,38.3,0,疫病前兆
Day06-00:14,6,0,14,19.3,71.3,5.7,226.0,13.1,38.9,0,疫病前兆
Day06-00:15,6,0,15,19.2,70.1,7.9,208.0,4.7,38.3,0,疫病前兆
Day06-00:16,6,0,16,19.7,70.2,7.0,278.0,7.8,40.8,0,疫病前兆
Day06-00:17,6,0,17,19.0,71.7,7.3,182.0,11.0,40.8,0,疫病前兆
Day06-00:18,6,0,18,19.4,69.7,5.5,197.0,12.9,41.3,0,疫病前兆
Day06-00:19,6,0,19,19.3,71.0,5.7,238.0,5.5,38.4,0,疫病前兆
Day06-00:20,6,0,20,20.1,71.0,4.9,207.0,17.9,38.5,0,疫病前兆
Day06-00:21,6,0,21,19.5,73.7,4.5,227.0,8.2,41.3,0,疫病前兆
Day06-00:22,6,0,22,19.2,71.3,4.0,192.0,7.9,38.5,0,疫病前兆
Day06-00:23,6,0,23,18.7,71.6,2.5,146.0,8.8,40.7,0,疫病前兆
Day06-00:24,6,0,24,19.7,72.0,6.6,164.0,11.8,38.8,0,疫病前兆
Day06-00:25,6,0,25,19.7,74.0,4.6,157.0,7.1,38.5,0,疫病前兆
Day06-00:26,6,0,26,19.6,72.5,3.3,262.0,8.2,38.5,0,疫病前兆
Day06-00:27,6,0,27,19.0,72.2,5.2,196.0,7.0,40.9,0,疫病前兆
Day06-00:28,6,0,28,19.5,71.2,4.4,129.0,4.7,38.9,0,疫病前兆
Day06-00:29,6,0,29,19.5,73.1,1.6,200.0,13.3,40.7,0,疫病前兆
Day06-00:30,6,0,30,19.2,71.2,5.8,286.0,14.6,38.2,0,疫病前兆
Day06-00:31,6,0,31,19.2,72.8,4.5,244.0,9.4,38.7,0,疫病前兆
Day06-00:32,6,0,32,19.3,71.8,8.2,195.0,13.4,40.6,0,疫病前兆
Day06-00:33,6,0,33,19.9,71.3,3.3,201.0,7.4,38.9,0,疫病前兆
Day06-00:34,6,0,34,19.3,72.0,6.0,239.0,3.9,38.7,0,疫病前兆
Day06-00:35,6,0,35,19.3,71.7,4.5,203.0,0,38.5,0,疫病前兆
Day06-00:36,6,0,36,18.9,73.0,4.7,189.0,3.1,38.6,0,疫病前兆
Day06-00:37,6,0,37,18.7,73.2,4.5,225.0,9.3,40.6,0,疫病前兆
Day06-00:38,6,0,38,19.3,72.2,6.2,243.0,4.6,38.7,0,疫病前兆
Day06-00:39,6,0,39,19.0,73.6,5.1,215.0,17.4,40.8,0,疫病前兆
Day06-00:40,6,0,40,19.6,72.3,5.5,146.0,11.5,40.7,0,疫病前兆
Day06-00:41,6,0,41,19.0,72.3,4.3,146.0,6.0,40.9,0,疫病前兆
Day06-00:42,6,0,42,19.4,72.2,6.4,99.0,17.3,41.2,0,疫病前兆
Day06-00:43,6,0,43,19.2,71.7,4.1,200.0,15.4,38.4,0,疫病前兆
Day06-00:44,6,0,44,19.6,72.5,1.7,139.0,14.0,38.7,0,疫病前兆
Day06-00:45,6,0,45,19.8,71.5,4.3,136.0,11.3,40.6,0,疫病前兆
Day06-00:46,6,0,46,19.7,70.0,6.9,262.0,1.0,38.5,0,疫病前兆
Day06-00:47,6,0,47,19.0,71.5,4.1,187.0,10.8,40.4,0,疫病前兆
Day06-00:48,6,0,48,18.9,71.0,6.0,258.0,10.4,40.9,0,疫病前兆
Day06-00:49,6,0,49,19.1,72.2,4.4,210.0,7.3,41.1,0,疫病前兆
Day06-00:50,6,0,50,18.9,70.2,7.1,223.0,14.1,41.1,0,疫病前兆
Day06-00:51,6,0,51,19.2,71.2,5.4,105.0,10.0,38.1,0,疫病前兆
Day06-00:52,6,0,52,19.7,72.0,7.9,205.0,1.0,38.6,0,疫病前兆
Day06-00:53,6,0,53,18.7,71.4,3.0,246.0,9.5,40.4,0,疫病前兆
Day06-00:54,6,0,54,20.0,72.3,5.8,246.0,8.6,38.8,0,疫病前兆
Day06-00:55,6,0,55,19.4,72.3,6.5,329.0,8.0,38.2,0,疫病前兆
Day06-00:56,6,0,56,19.9,72.2,6.3,196.0,11.1,39.1,0,疫病前兆
Day06-00:57,6,0,57,19.7,73.7,6.2,185.0,10.9,38.2,0,疫病前兆
Day06-00:58,6,0,58,19.3,71.2,6.7,220.0,6.9,41.5,0,疫病前兆
Day06-00:59,6,0,59,19.7,71.8,5.7,227.0,20.1,39.0,0,疫病前兆
Day06-01:00,6,1,0,20.0,70.1,7.4,270.0,7.2,38.6,0,疫病前兆
Day06-01:01,6,1,1,20.0,69.5,5.3,177.0,6.5,37.6,0,疫病前兆
Day06-01:02,6,1,2,20.4,70.3,5.2,202.0,14.4,38.8,0,疫病前兆
Day06-01:03,6,1,3,19.7,70.7,5.8,242.0,16.4,37.8,0,疫病前兆
Day06-01:04,6,1,4,19.1,69.9,7.0,225.0,0.1,41.1,0,疫病前兆
Day06-01:05,6,1,5,20.3,69.3,2.7,231.0,10.7,38.7,0,疫病前兆
Day06-01:06,6,1,6,19.9,72.6,4.1,177.0,7.5,40.9,0,疫病前兆
Day06-01:07,6,1,7,20.1,71.6,3.1,178.0,20.5,41.4,0,疫病前兆
Day06-01:08,6,1,8,19.7,69.3,2.6,188.0,9.1,40.4,0,疫病前兆
Day06-01:09,6,1,9,19.9,72.5,6.7,218.0,8.6,40.4,0,疫病前兆
Day06-01:10,6,1,10,19.8,71.3,6.8,229.0,5.6,38.3,0,疫病前兆
Day06-01:11,6,1,11,20.0,70.2,4.0,229.0,17.0,38.7,0,疫病前兆
Day06-01:12,6,1,12,20.0,71.0,4.2,272.0,9.6,38.5,0,疫病前兆
Day06-01:13,6,1,13,19.2,70.7,6.3,255.0,15.7,39.0,0,疫病前兆
Day06-01:14,6,1,14,19.8,69.6,5.8,183.0,12.9,37.8,0,疫病前兆
Day06-01:15,6,1,15,19.6,69.6,4.8,226.0,2.4,40.7,0,疫病前兆
Day06-01:16,6,1,16,19.6,70.7,5.9,182.0,1.0,38.6,0,疫病前兆
Day06-01:17,6,1,17,19.8,71.1,1.7,180.0,17.6,37.7,0,疫病前兆
Day06-01:18,6,1,18,19.5,71.1,5.4,150.0,12.6,38.6,0,疫病前兆
Day06-01:19,6,1,19,19.8,69.9,6.4,296.0,5.4,38.9,0,疫病前兆
Day06-01:20,6,1,20,20.3,70.3,4.6,266.0,11.0,38.7,0,疫病前兆
Day06-01:21,6,1,21,19.8,71.6,5.3,227.0,7.7,40.8,0,疫病前兆
Day06-01:22,6,1,22,20.3,68.6,2.6,228.0,10.3,38.6,0,疫病前兆
Day06-01:23,6,1,23,19.4,71.8,5.0,247.0,13.3,38.2,0,疫病前兆
Day06-01:24,6,1,24,20.2,70.8,7.5,131.0,0.4,41.0,0,疫病前兆
Day06-01:25,6,1,25,20.1,72.0,4.7,216.0,12.4,38.3,0,疫病前兆
Day06-01:26,6,1,26,19.9,72.5,5.2,185.0,9.7,38.8,0,疫病前兆
Day06-01:27,6,1,27,19.5,70.6,1.9,269.0,5.3,39.0,0,疫病前兆
Day06-01:28,6,1,28,19.6,69.7,6.1,233.0,9.1,37.8,0,疫病前兆
Day06-01:29,6,1,29,20.4,70.1,3.7,245.0,11.6,41.4,0,疫病前兆
Day06-01:30,6,1,30,19.8,69.8,5.3,200.0,6.1,37.9,0,疫病前兆
Day06-01:31,6,1,31,19.8,71.9,9.2,290.0,11.1,38.8,0,疫病前兆
Day06-01:32,6,1,32,20.3,72.0,5.1,169.0,6.7,40.7,0,疫病前兆
Day06-01:33,6,1,33,20.1,70.7,4.4,114.0,10.2,40.9,0,疫病前兆
Day06-01:34,6,1,34,19.7,70.3,5.2,202.0,5.6,40.6,0,疫病前兆
Day06-01:35,6,1,35,20.2,70.4,3.3,197.0,10.8,41.2,0,疫病前兆
Day06-01:36,6,1,36,19.8,69.1,6.0,196.0,1.0,38.8,0,疫病前兆
Day06-01:37,6,1,37,19.6,72.6,8.3,215.0,0,41.5,0,疫病前兆
Day06-01:38,6,1,38,20.2,70.5,5.5,223.0,10.3,38.6,0,疫病前兆
Day06-01:39,6,1,39,20.2,68.9,4.4,194.0,8.6,38.0,0,疫病前兆
Day06-01:40,6,1,40,19.2,70.3,5.1,155.0,17.0,38.7,0,疫病前兆
Day06-01:41,6,1,41,19.8,71.5,3.8,223.0,12.5,38.2,0,疫病前兆
Day06-01:42,6,1,42,19.9,72.1,4.5,133.0,0.1,38.8,0,疫病前兆
Day06-01:43,6,1,43,20.1,69.8,4.0,186.0,12.5,38.6,0,疫病前兆
Day06-01:44,6,1,44,20.8,70.9,7.2,139.0,5.3,38.3,0,疫病前兆
Day06-01:45,6,1,45,20.4,71.3,5.3,277.0,8.5,38.8,0,疫病前兆
Day06-01:46,6,1,46,19.8,70.0,3.7,253.0,5.0,40.7,0,疫病前兆
Day06-01:47,6,1,47,20.4,69.2,4.7,249.0,2.3,41.0,0,疫病前兆
Day06-01:48,6,1,48,20.1,68.8,3.6,158.0,15.8,38.1,0,疫病前兆
Day06-01:49,6,1,49,19.6,69.0,5.6,82.0,18.5,41.0,0,疫病前兆
Day06-01:50,6,1,50,19.1,71.1,6.7,143.0,5.7,38.5,0,疫病前兆
Day06-01:51,6,1,51,20.0,70.0,6.5,260.0,1.9,39.1,0,疫病前兆
Day06-01:52,6,1,52,20.0,68.3,5.8,214.0,11.8,37.5,0,疫病前兆
Day06-01:53,6,1,53,19.9,71.3,6.3,147.0,10.7,40.8,0,疫病前兆
Day06-01:54,6,1,54,19.9,70.6,5.9,229.0,2.8,38.3,0,疫病前兆
Day06-01:55,6,1,55,19.7,71.4,4.9,164.0,8.7,38.5,0,疫病前兆
Day06-01:56,6,1,56,20.1,69.4,6.6,171.0,10.4,40.6,0,疫病前兆
Day06-01:57,6,1,57,19.5,69.2,5.8,171.0,15.4,38.5,0,疫病前兆
Day06-01:58,6,1,58,19.6,71.1,3.5,171.0,6.7,41.4,0,疫病前兆
Day06-01:59,6,1,59,19.9,72.3,3.5,219.0,12.2,38.5,0,疫病前兆
Day06-02:00,6,2,0,20.6,69.4,5.1,312.0,18.7,40.8,0,疫病前兆
Day06-02:01,6,2,1,21.1,70.1,3.6,303.0,6.0,38.5,0,疫病前兆
Day06-02:02,6,2,2,20.5,68.5,3.8,218.0,15.5,38.4,0,疫病前兆
Day06-02:03,6,2,3,20.2,69.4,4.6,320.0,5.1,38.2,0,疫病前兆
Day06-02:04,6,2,4,20.2,70.1,3.8,243.0,0.7,38.8,0,疫病前兆
Day06-02:05,6,2,5,20.7,70.7,3.8,172.0,17.1,38.4,0,疫病前兆
Day06-02:06,6,2,6,20.2,69.8,6.4,231.0,10.5,40.6,0,疫病前兆
Day06-02:07,6,2,7,19.9,69.6,5.3,211.0,14.4,38.9,0,疫病前兆
Day06-02:08,6,2,8,20.5,71.1,5.0,314.0,4.8,38.2,0,疫病前兆
Day06-02:09,6,2,9,20.9,69.3,2.1,309.0,4.6,38.9,0,疫病前兆
Day06-02:10,6,2,10,20.5,70.6,5.1,197.0,0,39.0,0,疫病前兆
Day06-02:11,6,2,11,20.7,70.0,3.6,326.0,13.7,38.4,0,疫病前兆
Day06-02:12,6,2,12,20.5,70.0,3.7,276.0,4.4,41.3,0,疫病前兆
Day06-02:13,6,2,13,20.6,69.5,3.8,312.0,7.7,38.7,0,疫病前兆
Day06-02:14,6,2,14,20.5,66.2,7.2,266.0,5.3,38.4,0,疫病前兆
Day06-02:15,6,2,15,21.0,68.5,3.9,351.0,2.1,38.6,0,疫病前兆
Day06-02:16,6,2,16,20.1,69.2,6.2,214.0,6.2,38.5,0,疫病前兆
Day06-02:17,6,2,17,20.4,67.2,6.2,237.0,16.8,41.4,0,疫病前兆
Day06-02:18,6,2,18,20.5,69.7,3.6,228.0,3.7,40.5,0,疫病前兆
Day06-02:19,6,2,19,20.6,68.1,3.7,300.0,2.4,38.5,0,疫病前兆
Day06-02:20,6,2,20,20.9,68.0,6.8,261.0,9.8,41.4,0,疫病前兆
Day06-02:21,6,2,21,20.3,70.0,5.3,145.0,4.1,38.7,0,疫病前兆
Day06-02:22,6,2,22,20.4,69.4,3.3,279.0,11.2,40.7,0,疫病前兆
Day06-02:23,6,2,23,20.7,69.2,6.7,212.0,6.8,38.3,0,疫病前兆
Day06-02:24,6,2,24,20.6,68.9,6.9,288.0,8.7,38.6,0,疫病前兆
Day06-02:25,6,2,25,20.2,69.5,7.3,200.0,8.3,38.5,0,疫病前兆
Day06-02:26,6,2,26,20.4,68.7,2.2,321.0,13.3,38.4,0,疫病前兆
Day06-02:27,6,2,27,20.0,69.9,7.6,207.0,7.1,40.4,0,疫病前兆
Day06-02:28,6,2,28,20.2,68.4,4.3,269.0,8.9,38.6,0,疫病前兆
Day06-02:29,6,2,29,20.6,67.6,5.0,238.0,11.6,40.3,0,疫病前兆
Day06-02:30,6,2,30,20.3,68.1,2.8,234.0,6.2,38.3,0,疫病前兆
Day06-02:31,6,2,31,19.8,69.3,7.7,289.0,9.1,38.4,0,疫病前兆
Day06-02:32,6,2,32,20.6,69.5,5.8,302.0,9.5,38.1,0,疫病前兆
Day06-02:33,6,2,33,20.1,67.8,3.1,301.0,0.6,38.2,0,疫病前兆
Day06-02:34,6,2,34,20.5,68.1,5.0,313.0,2.7,38.9,0,疫病前兆
Day06-02:35,6,2,35,20.4,68.7,6.0,250.0,1.7,38.4,0,疫病前兆
Day06-02:36,6,2,36,20.7,68.4,4.9,113.0,3.3,39.0,0,疫病前兆
Day06-02:37,6,2,37,20.1,68.9,8.0,276.0,13.4,40.4,0,疫病前兆
Day06-02:38,6,2,38,20.9,71.5,7.9,135.0,6.9,41.1,0,疫病前兆
Day06-02:39,6,2,39,20.5,67.2,6.4,315.0,0,38.9,0,疫病前兆
Day06-02:40,6,2,40,20.0,69.3,6.4,305.0,7.1,39.0,0,疫病前兆
Day06-02:41,6,2,41,20.4,71.6,7.3,286.0,9.3,39.0,0,疫病前兆
Day06-02:42,6,2,42,20.5,71.4,3.4,233.0,9.1,38.5,0,疫病前兆
Day06-02:43,6,2,43,20.4,68.9,5.9,175.0,2.1,38.3,0,疫病前兆
Day06-02:44,6,2,44,20.2,68.3,7.8,310.0,8.5,40.6,0,疫病前兆
Day06-02:45,6,2,45,20.7,68.0,9.2,315.0,11.7,38.5,0,疫病前兆
Day06-02:46,6,2,46,19.9,69.0,4.0,325.0,13.6,38.9,0,疫病前兆
Day06-02:47,6,2,47,20.7,69.1,6.8,281.0,9.9,41.5,0,疫病前兆
Day06-02:48,6,2,48,20.4,70.6,4.7,207.0,8.2,38.6,0,疫病前兆
Day06-02:49,6,2,49,20.1,69.4,3.8,248.0,6.2,41.1,0,疫病前兆
Day06-02:50,6,2,50,20.4,68.0,5.6,229.0,16.1,38.7,0,疫病前兆
Day06-02:51,6,2,51,20.7,69.9,6.0,268.0,0,38.2,0,疫病前兆
Day06-02:52,6,2,52,20.2,67.8,5.8,304.0,12.8,38.5,0,疫病前兆
Day06-02:53,6,2,53,20.5,69.8,4.3,243.0,6.2,38.3,0,疫病前兆
Day06-02:54,6,2,54,20.6,67.7,2.4,260.0,7.5,38.1,0,疫病前兆
Day06-02:55,6,2,55,21.0,70.1,4.5,259.0,9.8,38.8,0,疫病前兆
Day06-02:56,6,2,56,21.1,69.4,4.9,234.0,7.8,38.4,0,疫病前兆
Day06-02:57,6,2,57,20.1,68.4,4.0,233.0,7.9,38.1,0,疫病前兆
Day06-02:58,6,2,58,20.6,68.0,9.0,221.0,5.9,38.2,0,疫病前兆
Day06-02:59,6,2,59,20.9,67.9,4.5,289.0,8.8,40.5,0,疫病前兆
Day06-03:00,6,3,0,21.7,65.6,4.4,286.0,12.9,38.6,0,疫病前兆
Day06-03:01,6,3,1,21.4,67.1,6.0,271.0,6.2,38.4,0,疫病前兆
Day06-03:02,6,3,2,21.1,66.7,4.5,444.0,9.2,38.4,0,疫病前兆
Day06-03:03,6,3,3,21.3,68.6,8.8,269.0,7.9,38.8,0,疫病前兆
Day06-03:04,6,3,4,21.4,68.7,2.9,307.0,8.4,38.8,0,疫病前兆
Day06-03:05,6,3,5,20.8,67.5,5.3,288.0,2.1,38.5,0,疫病前兆
Day06-03:06,6,3,6,21.8,69.0,4.8,329.0,6.1,38.8,0,疫病前兆
Day06-03:07,6,3,7,21.3,67.0,7.4,309.0,2.8,40.7,0,疫病前兆
Day06-03:08,6,3,8,21.2,66.3,8.3,304.0,9.8,38.4,0,疫病前兆
Day06-03:09,6,3,9,21.6,67.8,4.5,375.0,3.8,38.2,0,疫病前兆
Day06-03:10,6,3,10,21.0,68.3,3.9,286.0,13.9,41.4,0,疫病前兆
Day06-03:11,6,3,11,20.7,67.3,5.2,330.0,9.7,37.8,0,疫病前兆
Day06-03:12,6,3,12,20.8,68.1,5.0,393.0,7.3,38.9,0,疫病前兆
Day06-03:13,6,3,13,21.2,67.4,7.1,337.0,5.9,41.0,0,疫病前兆
Day06-03:14,6,3,14,21.4,67.1,4.0,372.0,8.3,38.3,0,疫病前兆
Day06-03:15,6,3,15,21.3,67.7,5.5,296.0,12.0,40.4,0,疫病前兆
Day06-03:16,6,3,16,21.3,68.6,6.8,426.0,6.8,38.6,0,疫病前兆
Day06-03:17,6,3,17,21.2,67.5,4.4,300.0,8.6,38.2,0,疫病前兆
Day06-03:18,6,3,18,21.0,67.7,4.7,365.0,8.4,40.6,0,疫病前兆
Day06-03:19,6,3,19,21.0,68.1,7.2,348.0,6.4,39.1,0,疫病前兆
Day06-03:20,6,3,20,21.6,64.6,4.7,249.0,13.7,40.9,0,疫病前兆
Day06-03:21,6,3,21,21.1,68.1,3.6,319.0,2.5,40.8,0,疫病前兆
Day06-03:22,6,3,22,21.2,66.6,6.3,292.0,6.7,41.0,0,疫病前兆
Day06-03:23,6,3,23,21.9,68.3,5.1,223.0,9.0,38.4,0,疫病前兆
Day06-03:24,6,3,24,21.1,68.1,4.8,270.0,6.8,38.7,0,疫病前兆
Day06-03:25,6,3,25,20.7,66.8,3.6,293.0,17.0,41.3,0,疫病前兆
Day06-03:26,6,3,26,21.2,67.1,8.1,309.0,0.8,38.1,0,疫病前兆
Day06-03:27,6,3,27,21.4,66.2,3.1,315.0,8.6,41.2,0,疫病前兆
Day06-03:28,6,3,28,21.0,68.2,6.7,295.0,4.1,38.1,0,疫病前兆
Day06-03:29,6,3,29,21.0,67.7,3.1,352.0,7.4,38.9,0,疫病前兆
Day06-03:30,6,3,30,21.2,65.8,4.2,388.0,3.7,38.2,0,疫病前兆
Day06-03:31,6,3,31,21.0,67.1,6.5,279.0,7.8,38.8,0,疫病前兆
Day06-03:32,6,3,32,21.5,65.5,6.4,299.0,10.2,41.3,0,疫病前兆
Day06-03:33,6,3,33,21.6,66.6,6.6,334.0,6.0,38.5,0,疫病前兆
Day06-03:34,6,3,34,21.0,67.1,4.9,241.0,11.0,38.3,0,疫病前兆
Day06-03:35,6,3,35,21.2,69.0,3.4,334.0,9.4,38.6,0,疫病前兆
Day06-03:36,6,3,36,21.2,68.2,7.1,278.0,15.2,38.1,0,疫病前兆
Day06-03:37,6,3,37,21.2,67.4,2.3,336.0,8.5,39.3,0,疫病前兆
Day06-03:38,6,3,38,21.6,67.0,4.6,217.0,10.7,38.3,0,疫病前兆
Day06-03:39,6,3,39,20.8,67.9,6.6,294.0,18.8,39.0,0,疫病前兆
Day06-03:40,6,3,40,21.1,66.5,4.8,310.0,10.3,38.3,0,疫病前兆
Day06-03:41,6,3,41,21.0,68.3,6.0,298.0,10.5,38.7,0,疫病前兆
Day06-03:42,6,3,42,21.0,67.1,4.7,314.0,11.1,38.8,0,疫病前兆
Day06-03:43,6,3,43,21.1,66.4,2.9,414.0,18.1,38.4,0,疫病前兆
Day06-03:44,6,3,44,20.7,66.2,6.7,372.0,11.0,38.7,0,疫病前兆
Day06-03:45,6,3,45,21.1,65.9,4.3,339.0,8.3,38.6,0,疫病前兆
Day06-03:46,6,3,46,21.4,66.0,4.3,328.0,16.1,40.3,0,疫病前兆
Day06-03:47,6,3,47,21.1,67.7,3.5,233.0,8.6,38.1,0,疫病前兆
Day06-03:48,6,3,48,21.2,66.4,6.3,277.0,6.4,38.8,0,疫病前兆
Day06-03:49,6,3,49,20.6,68.8,5.4,252.0,12.8,38.3,0,疫病前兆
Day06-03:50,6,3,50,21.3,69.2,3.3,368.0,6.8,38.2,0,疫病前兆
Day06-03:51,6,3,51,20.7,67.9,4.9,288.0,13.7,40.7,0,疫病前兆
Day06-03:52,6,3,52,21.5,65.5,5.6,300.0,6.7,40.9,0,疫病前兆
Day06-03:53,6,3,53,21.1,67.4,6.1,352.0,8.4,38.0,0,疫病前兆
Day06-03:54,6,3,54,21.2,66.3,6.3,351.0,12.5,38.9,0,疫病前兆
Day06-03:55,6,3,55,21.7,68.2,5.2,337.0,7.0,38.9,0,疫病前兆
Day06-03:56,6,3,56,21.1,64.8,4.1,324.0,3.9,40.4,0,疫病前兆
Day06-03:57,6,3,57,21.5,65.9,5.4,397.0,0.7,38.4,0,疫病前兆
Day06-03:58,6,3,58,21.3,67.8,4.5,301.0,2.2,38.1,0,疫病前兆
Day06-03:59,6,3,59,21.5,67.9,1.6,337.0,14.5,41.4,0,疫病前兆
Day06-04:00,6,4,0,22.3,63.9,5.1,409.0,3.7,38.4,0,疫病前兆
Day06-04:01,6,4,1,22.3,65.7,4.9,416.0,4.1,38.6,0,疫病前兆
Day06-04:02,6,4,2,22.7,65.0,3.3,410.0,16.6,38.5,0,疫病前兆
Day06-04:03,6,4,3,21.8,63.6,5.6,396.0,3.9,41.0,0,疫病前兆
Day06-04:04,6,4,4,22.0,66.2,7.4,389.0,1.1,38.5,0,疫病前兆
Day06-04:05,6,4,5,22.0,65.0,6.9,400.0,11.4,37.9,0,疫病前兆
Day06-04:06,6,4,6,21.6,64.4,7.2,454.0,8.3,40.4,0,疫病前兆
Day06-04:07,6,4,7,21.7,64.0,7.1,322.0,6.3,38.8,0,疫病前兆
Day06-04:08,6,4,8,22.3,64.9,5.7,456.0,14.2,38.1,0,疫病前兆
Day06-04:09,6,4,9,21.9,65.4,5.1,350.0,5.5,38.1,0,疫病前兆
Day06-04:10,6,4,10,21.9,64.4,6.4,413.0,14.8,40.5,0,疫病前兆
Day06-04:11,6,4,11,21.5,63.7,8.1,426.0,6.3,38.7,0,疫病前兆
Day06-04:12,6,4,12,22.3,65.5,5.1,411.0,5.7,38.8,0,疫病前兆
Day06-04:13,6,4,13,21.5,64.2,7.1,389.0,9.4,39.2,0,疫病前兆
Day06-04:14,6,4,14,21.9,65.8,6.1,401.0,8.3,38.2,0,疫病前兆
Day06-04:15,6,4,15,22.0,65.5,5.8,402.0,8.7,40.8,0,疫病前兆
Day06-04:16,6,4,16,22.0,65.4,3.1,448.0,9.0,38.4,0,疫病前兆
Day06-04:17,6,4,17,21.6,63.7,6.7,318.0,7.9,39.0,0,疫病前兆
Day06-04:18,6,4,18,22.2,65.0,7.3,392.0,4.8,38.6,0,疫病前兆
Day06-04:19,6,4,19,22.3,64.0,4.8,354.0,16.0,38.0,0,疫病前兆
Day06-04:20,6,4,20,21.6,65.1,5.0,355.0,9.4,41.3,0,疫病前兆
Day06-04:21,6,4,21,21.9,64.4,4.9,388.0,6.0,38.4,0,疫病前兆
Day06-04:22,6,4,22,22.3,64.0,4.2,303.0,9.6,38.0,0,疫病前兆
Day06-04:23,6,4,23,22.3,63.3,4.8,392.0,12.0,38.8,0,疫病前兆
Day06-04:24,6,4,24,22.5,64.5,6.7,472.0,5.3,40.4,0,疫病前兆
Day06-04:25,6,4,25,21.9,64.8,5.4,379.0,8.4,38.6,0,疫病前兆
Day06-04:26,6,4,26,22.0,64.2,5.3,298.0,11.5,38.4,0,疫病前兆
Day06-04:27,6,4,27,22.7,65.9,4.8,366.0,9.5,38.2,0,疫病前兆
Day06-04:28,6,4,28,22.1,65.5,3.8,426.0,1.1,38.0,0,疫病前兆
Day06-04:29,6,4,29,22.5,64.9,4.9,430.0,2.8,38.4,0,疫病前兆
Day06-04:30,6,4,30,22.6,64.7,5.9,387.0,19.3,38.6,0,疫病前兆
Day06-04:31,6,4,31,22.2,64.1,7.5,429.0,12.4,38.8,0,疫病前兆
Day06-04:32,6,4,32,21.7,65.3,5.7,409.0,15.3,38.8,0,疫病前兆
Day06-04:33,6,4,33,22.1,64.4,3.9,312.0,7.3,38.8,0,疫病前兆
Day06-04:34,6,4,34,21.7,63.6,5.3,363.0,6.1,38.2,0,疫病前兆
Day06-04:35,6,4,35,22.1,63.1,5.1,374.0,11.0,38.6,0,疫病前兆
Day06-04:36,6,4,36,22.1,64.7,7.2,413.0,7.1,38.5,0,疫病前兆
Day06-04:37,6,4,37,21.7,66.1,4.9,377.0,3.1,38.7,0,疫病前兆
Day06-04:38,6,4,38,21.7,65.1,6.5,407.0,12.8,40.5,0,疫病前兆
Day06-04:39,6,4,39,22.4,65.3,5.2,399.0,10.1,38.1,0,疫病前兆
Day06-04:40,6,4,40,22.0,64.7,5.1,361.0,4.6,38.6,0,疫病前兆
Day06-04:41,6,4,41,22.1,65.9,4.4,299.0,4.9,41.4,0,疫病前兆
Day06-04:42,6,4,42,22.1,66.0,5.6,391.0,12.3,38.3,0,疫病前兆
Day06-04:43,6,4,43,22.1,65.5,5.0,382.0,4.8,41.4,0,疫病前兆
Day06-04:44,6,4,44,22.1,64.1,6.5,516.0,6.0,38.6,0,疫病前兆
Day06-04:45,6,4,45,22.0,64.8,6.1,400.0,0,40.9,0,疫病前兆
Day06-04:46,6,4,46,22.0,63.7,3.7,488.0,2.2,38.2,0,疫病前兆
Day06-04:47,6,4,47,22.0,66.7,3.1,430.0,9.5,41.4,0,疫病前兆
Day06-04:48,6,4,48,21.9,65.8,5.6,310.0,8.2,38.8,0,疫病前兆
Day06-04:49,6,4,49,22.0,65.6,4.0,397.0,3.2,40.3,0,疫病前兆
Day06-04:50,6,4,50,22.6,64.8,5.8,410.0,11.4,38.3,0,疫病前兆
Day06-04:51,6,4,51,21.9,66.4,7.0,453.0,12.7,40.6,0,疫病前兆
Day06-04:52,6,4,52,21.9,66.3,3.8,415.0,1.9,38.7,0,疫病前兆
Day06-04:53,6,4,53,22.2,64.5,5.1,414.0,18.7,38.3,0,疫病前兆
Day06-04:54,6,4,54,22.0,65.1,7.1,320.0,10.1,38.4,0,疫病前兆
Day06-04:55,6,4,55,22.2,63.9,6.4,413.0,8.3,38.7,0,疫病前兆
Day06-04:56,6,4,56,22.2,64.4,4.0,415.0,16.3,40.9,0,疫病前兆
Day06-04:57,6,4,57,22.2,64.4,8.5,371.0,0,40.8,0,疫病前兆
Day06-04:58,6,4,58,22.5,65.3,2.3,411.0,9.7,38.4,0,疫病前兆
Day06-04:59,6,4,59,22.1,66.2,6.6,420.0,7.8,38.5,0,疫病前兆
Day06-05:00,6,5,0,22.7,61.1,8.6,570.0,12.6,38.6,0,疫病前兆
Day06-05:01,6,5,1,23.0,62.7,7.0,486.0,7.5,40.8,0,疫病前兆
Day06-05:02,6,5,2,22.6,64.1,6.8,519.0,14.0,38.6,0,疫病前兆
Day06-05:03,6,5,3,22.9,62.4,5.0,550.0,10.5,38.2,0,疫病前兆
Day06-05:04,6,5,4,22.7,64.4,3.5,481.0,0,38.5,0,疫病前兆
Day06-05:05,6,5,5,22.5,63.9,7.0,482.0,2.7,38.3,0,疫病前兆
Day06-05:06,6,5,6,22.9,62.0,4.2,475.0,12.3,40.7,0,疫病前兆
Day06-05:07,6,5,7,22.3,61.9,5.8,523.0,0,38.7,0,疫病前兆
Day06-05:08,6,5,8,22.4,64.4,8.7,558.0,10.2,38.3,0,疫病前兆
Day06-05:09,6,5,9,23.0,60.7,4.6,490.0,9.2,39.1,0,疫病前兆
Day06-05:10,6,5,10,22.3,62.4,5.9,512.0,8.3,39.0,0,疫病前兆
Day06-05:11,6,5,11,23.0,65.0,5.1,562.0,10.8,38.6,0,疫病前兆
Day06-05:12,6,5,12,22.4,61.5,5.3,571.0,10.1,38.1,0,疫病前兆
Day06-05:13,6,5,13,22.5,63.8,7.1,407.0,14.4,38.5,0,疫病前兆
Day06-05:14,6,5,14,23.3,62.6,5.5,458.0,3.9,38.3,0,疫病前兆
Day06-05:15,6,5,15,22.4,62.8,3.0,557.0,12.7,38.4,0,疫病前兆
Day06-05:16,6,5,16,22.8,63.6,7.5,530.0,7.0,38.4,0,疫病前兆
Day06-05:17,6,5,17,22.9,62.1,7.2,394.0,7.2,38.5,0,疫病前兆
Day06-05:18,6,5,18,22.8,63.3,7.2,456.0,3.6,40.5,0,疫病前兆
Day06-05:19,6,5,19,22.7,62.8,3.9,450.0,3.2,38.2,0,疫病前兆
Day06-05:20,6,5,20,22.5,62.8,7.8,531.0,6.7,38.6,0,疫病前兆
Day06-05:21,6,5,21,23.3,63.6,4.7,395.0,2.5,38.7,0,疫病前兆
Day06-05:22,6,5,22,22.0,60.8,6.4,525.0,14.1,40.8,0,疫病前兆
Day06-05:23,6,5,23,22.8,63.0,3.3,463.0,0,40.5,0,疫病前兆
Day06-05:24,6,5,24,22.8,62.1,6.8,465.0,14.5,40.6,0,疫病前兆
Day06-05:25,6,5,25,22.6,62.0,6.0,499.0,15.0,38.0,0,疫病前兆
Day06-05:26,6,5,26,22.6,63.7,3.8,536.0,8.6,41.2,0,疫病前兆
Day06-05:27,6,5,27,22.8,64.4,4.2,500.0,10.8,38.3,0,疫病前兆
Day06-05:28,6,5,28,23.1,63.4,5.6,377.0,3.3,38.3,0,疫病前兆
Day06-05:29,6,5,29,23.3,62.7,4.2,432.0,15.1,38.7,0,疫病前兆
Day06-05:30,6,5,30,22.6,64.6,7.5,545.0,10.8,38.3,0,疫病前兆
Day06-05:31,6,5,31,22.7,63.7,5.4,451.0,8.8,41.1,0,疫病前兆
Day06-05:32,6,5,32,22.6,64.2,8.2,466.0,4.6,38.6,0,疫病前兆
Day06-05:33,6,5,33,22.9,63.3,6.6,487.0,7.5,40.4,0,疫病前兆
Day06-05:34,6,5,34,22.8,64.1,4.0,508.0,12.1,38.8,0,疫病前兆
Day06-05:35,6,5,35,23.0,61.8,8.4,467.0,0.2,38.8,0,疫病前兆
Day06-05:36,6,5,36,23.2,63.6,6.9,534.0,16.0,38.4,0,疫病前兆
Day06-05:37,6,5,37,23.1,61.5,7.5,518.0,16.7,40.9,0,疫病前兆
Day06-05:38,6,5,38,22.8,63.8,4.1,474.0,7.9,41.4,0,疫病前兆
Day06-05:39,6,5,39,22.9,62.7,7.3,600.0,5.5,38.1,0,疫病前兆
Day06-05:40,6,5,40,23.2,63.4,5.2,428.0,10.1,38.5,0,疫病前兆
Day06-05:41,6,5,41,22.6,62.8,9.5,476.0,1.5,38.2,0,疫病前兆
Day06-05:42,6,5,42,22.8,62.3,6.0,489.0,7.6,38.3,0,疫病前兆
Day06-05:43,6,5,43,22.6,65.6,6.1,540.0,0,39.1,0,疫病前兆
Day06-05:44,6,5,44,22.9,62.0,7.1,519.0,10.9,38.4,0,疫病前兆
Day06-05:45,6,5,45,22.7,63.8,5.6,388.0,7.6,38.4,0,疫病前兆
Day06-05:46,6,5,46,23.0,62.9,6.1,506.0,11.1,39.0,0,疫病前兆
Day06-05:47,6,5,47,22.0,63.3,4.2,525.0,6.8,40.6,0,疫病前兆
Day06-05:48,6,5,48,23.2,62.7,5.4,575.0,11.9,38.6,0,疫病前兆
Day06-05:49,6,5,49,22.2,62.7,5.1,561.0,12.7,38.9,0,疫病前兆
Day06-05:50,6,5,50,23.2,62.5,4.1,505.0,0,38.5,0,疫病前兆
Day06-05:51,6,5,51,22.8,61.2,5.2,556.0,21.7,38.4,0,疫病前兆
Day06-05:52,6,5,52,22.6,62.4,8.5,561.0,13.6,40.8,0,疫病前兆
Day06-05:53,6,5,53,23.1,62.3,6.3,520.0,9.2,41.4,0,疫病前兆
Day06-05:54,6,5,54,22.5,62.7,6.3,548.0,10.0,38.2,0,疫病前兆
Day06-05:55,6,5,55,22.7,62.1,5.4,539.0,2.6,41.1,0,疫病前兆
Day06-05:56,6,5,56,23.1,63.2,7.3,538.0,3.6,40.6,0,疫病前兆
Day06-05:57,6,5,57,23.4,61.8,5.8,412.0,0.2,38.4,0,疫病前兆
Day06-05:58,6,5,58,22.4,61.8,4.5,518.0,14.5,41.1,0,疫病前兆
Day06-05:59,6,5,59,22.8,63.6,6.1,521.0,8.8,37.9,0,疫病前兆
Day06-06:00,6,6,0,23.6,59.7,7.0,520.0,36.6,38.6,0,疫病前兆
Day06-06:01,6,6,1,23.5,61.1,6.1,575.0,32.9,41.4,0,疫病前兆
Day06-06:02,6,6,2,23.6,60.8,5.4,570.0,36.0,38.9,0,疫病前兆
Day06-06:03,6,6,3,24.0,61.3,7.0,602.0,38.2,37.9,0,疫病前兆
Day06-06:04,6,6,4,23.5,61.1,4.1,524.0,29.5,38.6,0,疫病前兆
Day06-06:05,6,6,5,23.2,59.9,7.1,604.0,38.7,40.5,0,疫病前兆
Day06-06:06,6,6,6,23.7,61.4,6.9,625.0,27.6,38.3,0,疫病前兆
Day06-06:07,6,6,7,23.1,61.5,6.8,677.0,37.9,38.6,0,疫病前兆
Day06-06:08,6,6,8,23.6,60.1,6.6,582.0,29.0,38.2,0,疫病前兆
Day06-06:09,6,6,9,24.0,60.6,3.8,528.0,42.5,41.4,0,疫病前兆
Day06-06:10,6,6,10,24.1,62.8,5.2,637.0,34.6,38.9,0,疫病前兆
Day06-06:11,6,6,11,23.3,60.8,6.2,553.0,35.4,38.7,0,疫病前兆
Day06-06:12,6,6,12,23.7,60.0,5.1,606.0,30.7,40.4,0,疫病前兆
Day06-06:13,6,6,13,23.6,61.7,6.1,589.0,31.9,38.5,0,疫病前兆
Day06-06:14,6,6,14,23.8,62.2,9.2,625.0,37.2,38.9,0,疫病前兆
Day06-06:15,6,6,15,23.6,63.0,6.0,566.0,38.6,40.3,0,疫病前兆
Day06-06:16,6,6,16,23.4,62.9,7.5,617.0,32.0,41.5,0,疫病前兆
Day06-06:17,6,6,17,23.4,61.2,9.4,616.0,45.0,38.7,0,疫病前兆
Day06-06:18,6,6,18,23.5,61.4,5.0,634.0,31.5,40.3,0,疫病前兆
Day06-06:19,6,6,19,23.4,62.6,7.8,636.0,38.2,40.3,0,疫病前兆
Day06-06:20,6,6,20,23.8,61.1,6.4,543.0,40.4,41.3,0,疫病前兆
Day06-06:21,6,6,21,23.6,62.0,9.7,569.0,36.8,38.7,0,疫病前兆
Day06-06:22,6,6,22,22.9,63.1,5.2,534.0,39.4,38.4,0,疫病前兆
Day06-06:23,6,6,23,23.8,61.8,6.2,653.0,41.2,38.9,0,疫病前兆
Day06-06:24,6,6,24,23.3,61.9,8.4,556.0,35.4,40.6,0,疫病前兆
Day06-06:25,6,6,25,23.7,62.1,6.5,656.0,29.4,38.5,0,疫病前兆
Day06-06:26,6,6,26,23.4,59.8,6.4,568.0,40.1,38.5,0,疫病前兆
Day06-06:27,6,6,27,23.5,61.8,6.1,644.0,35.4,41.0,0,疫病前兆
Day06-06:28,6,6,28,23.8,62.1,7.0,538.0,37.1,38.8,0,疫病前兆
Day06-06:29,6,6,29,23.5,61.9,5.8,424.0,35.8,41.3,0,疫病前兆
Day06-06:30,6,6,30,23.8,59.7,5.8,461.0,31.6,37.9,0,疫病前兆
Day06-06:31,6,6,31,23.6,61.0,4.7,534.0,30.9,38.5,0,疫病前兆
Day06-06:32,6,6,32,23.7,61.4,4.0,681.0,28.4,38.4,0,疫病前兆
Day06-06:33,6,6,33,23.3,61.0,4.8,579.0,40.0,38.3,0,疫病前兆
Day06-06:34,6,6,34,23.3,61.3,4.2,602.0,35.3,40.3,0,疫病前兆
Day06-06:35,6,6,35,22.9,61.0,5.4,554.0,41.4,38.3,0,疫病前兆
Day06-06:36,6,6,36,23.8,61.7,8.0,625.0,36.1,38.4,0,疫病前兆
Day06-06:37,6,6,37,24.0,61.1,5.9,584.0,35.0,38.5,0,疫病前兆
Day06-06:38,6,6,38,23.7,62.5,6.7,629.0,40.7,38.8,0,疫病前兆
Day06-06:39,6,6,39,23.7,59.5,5.1,603.0,32.6,38.2,0,疫病前兆
Day06-06:40,6,6,40,23.4,61.9,7.1,655.0,35.2,40.7,0,疫病前兆
Day06-06:41,6,6,41,23.7,62.7,5.9,615.0,40.6,40.9,0,疫病前兆
Day06-06:42,6,6,42,23.9,59.6,8.1,623.0,30.0,38.5,0,疫病前兆
Day06-06:43,6,6,43,23.4,62.6,5.4,588.0,34.0,40.6,0,疫病前兆
Day06-06:44,6,6,44,23.3,61.3,7.4,576.0,34.1,41.3,0,疫病前兆
Day06-06:45,6,6,45,23.6,60.1,5.4,552.0,32.7,37.9,0,疫病前兆
Day06-06:46,6,6,46,23.7,61.6,6.4,521.0,38.4,41.3,0,疫病前兆
Day06-06:47,6,6,47,23.2,60.3,5.5,581.0,34.7,38.4,0,疫病前兆
Day06-06:48,6,6,48,23.2,60.8,5.0,594.0,34.7,41.3,0,疫病前兆
Day06-06:49,6,6,49,23.4,61.7,6.3,652.0,29.7,38.7,0,疫病前兆
Day06-06:50,6,6,50,23.5,59.9,7.3,584.0,31.1,41.1,0,疫病前兆
Day06-06:51,6,6,51,23.1,61.4,6.4,583.0,42.5,40.6,0,疫病前兆
Day06-06:52,6,6,52,23.1,62.4,7.2,556.0,37.5,41.1,0,疫病前兆
Day06-06:53,6,6,53,23.4,60.1,5.9,716.0,32.9,38.2,0,疫病前兆
Day06-06:54,6,6,54,23.5,60.6,7.4,603.0,28.6,39.0,0,疫病前兆
Day06-06:55,6,6,55,23.5,59.9,8.7,697.0,28.1,40.9,0,疫病前兆
Day06-06:56,6,6,56,23.7,62.1,8.5,528.0,36.5,38.4,0,疫病前兆
Day06-06:57,6,6,57,24.3,60.7,8.6,615.0,34.2,38.6,0,疫病前兆
Day06-06:58,6,6,58,22.9,62.6,3.6,638.0,27.4,38.9,0,疫病前兆
Day06-06:59,6,6,59,24.0,61.3,5.8,654.0,31.6,38.7,0,疫病前兆
Day06-07:00,6,7,0,23.3,58.7,7.1,718.0,43.5,41.2,1544.0,疫病前兆
Day06-07:01,6,7,1,23.9,58.5,9.3,726.0,56.0,38.2,1568.0,疫病前兆
Day06-07:02,6,7,2,24.9,59.4,8.3,721.0,50.0,38.8,1662.0,疫病前兆
Day06-07:03,6,7,3,24.1,58.8,4.8,679.0,47.1,38.5,1472.0,疫病前兆
Day06-07:04,6,7,4,24.3,59.9,7.3,659.0,46.0,38.6,1603.0,疫病前兆
Day06-07:05,6,7,5,24.6,61.6,7.3,771.0,52.0,38.1,1604.0,疫病前兆
Day06-07:06,6,7,6,24.0,59.7,7.7,636.0,47.8,38.3,1501.0,疫病前兆
Day06-07:07,6,7,7,24.3,61.0,8.2,685.0,54.0,38.3,1629.0,疫病前兆
Day06-07:08,6,7,8,24.2,59.2,6.9,713.0,48.8,38.4,1555.0,疫病前兆
Day06-07:09,6,7,9,24.1,59.1,7.7,604.0,52.9,38.0,1684.0,疫病前兆
Day06-07:10,6,7,10,24.6,58.5,8.2,738.0,49.4,41.0,1368.0,疫病前兆
Day06-07:11,6,7,11,24.7,59.3,6.3,674.0,41.0,38.0,1526.0,疫病前兆
Day06-07:12,6,7,12,24.0,57.9,7.0,648.0,55.9,38.4,1506.0,疫病前兆
Day06-07:13,6,7,13,24.2,58.0,6.5,761.0,48.9,38.3,1486.0,疫病前兆
Day06-07:14,6,7,14,24.3,59.0,8.8,774.0,51.4,41.4,1512.0,疫病前兆
Day06-07:15,6,7,15,23.9,58.4,8.8,754.0,57.6,38.6,1217.0,疫病前兆
Day06-07:16,6,7,16,24.2,60.4,8.5,792.0,53.9,38.5,1754.0,疫病前兆
Day06-07:17,6,7,17,23.9,59.7,6.9,730.0,44.7,39.0,1613.0,疫病前兆
Day06-07:18,6,7,18,24.3,57.1,7.4,701.0,44.5,38.8,1510.0,疫病前兆
Day06-07:19,6,7,19,23.9,58.4,7.8,737.0,54.5,39.0,1516.0,疫病前兆
Day06-07:20,6,7,20,24.3,59.8,9.5,667.0,49.2,38.8,1605.0,疫病前兆
Day06-07:21,6,7,21,24.6,59.6,6.7,643.0,50.9,40.7,1674.0,疫病前兆
Day06-07:22,6,7,22,24.1,59.3,6.1,657.0,35.5,40.4,1477.0,疫病前兆
Day06-07:23,6,7,23,24.1,59.2,11.1,642.0,45.7,41.1,1633.0,疫病前兆
Day06-07:24,6,7,24,24.3,59.1,7.0,697.0,50.0,41.4,1692.0,疫病前兆
Day06-07:25,6,7,25,24.0,60.5,9.0,689.0,50.0,38.4,1658.0,疫病前兆
Day06-07:26,6,7,26,23.9,58.6,7.7,729.0,41.9,38.1,1873.0,疫病前兆
Day06-07:27,6,7,27,24.4,57.4,7.7,749.0,50.4,41.3,1449.0,疫病前兆
Day06-07:28,6,7,28,24.0,59.3,6.6,647.0,41.7,38.4,1734.0,疫病前兆
Day06-07:29,6,7,29,24.2,61.7,4.0,620.0,40.9,38.9,1725.0,疫病前兆
Day06-07:30,6,7,30,24.3,59.4,5.4,700.0,49.6,38.7,1636.0,疫病前兆
Day06-07:31,6,7,31,24.1,56.8,4.2,710.0,47.6,38.6,1485.0,疫病前兆
Day06-07:32,6,7,32,24.1,59.8,6.3,679.0,56.8,40.4,1543.0,疫病前兆
Day06-07:33,6,7,33,24.5,59.0,6.2,690.0,50.0,38.3,1499.0,疫病前兆
Day06-07:34,6,7,34,24.0,59.2,4.8,681.0,52.6,39.0,1596.0,疫病前兆
Day06-07:35,6,7,35,23.9,59.2,7.6,706.0,56.4,40.7,1634.0,疫病前兆
Day06-07:36,6,7,36,23.9,59.2,7.3,723.0,50.3,38.8,1604.0,疫病前兆
Day06-07:37,6,7,37,24.3,59.3,6.3,670.0,51.1,38.0,1608.0,疫病前兆
Day06-07:38,6,7,38,23.3,58.9,7.3,722.0,45.6,40.9,1523.0,疫病前兆
Day06-07:39,6,7,39,24.0,60.1,4.8,731.0,41.2,38.5,1730.0,疫病前兆
Day06-07:40,6,7,40,24.4,59.2,4.4,734.0,51.3,38.7,1709.0,疫病前兆
Day06-07:41,6,7,41,24.1,58.9,7.7,649.0,52.6,38.7,1345.0,疫病前兆
Day06-07:42,6,7,42,23.8,59.3,6.2,749.0,52.9,38.8,1696.0,疫病前兆
Day06-07:43,6,7,43,24.4,57.7,7.6,742.0,42.9,38.2,1563.0,疫病前兆
Day06-07:44,6,7,44,24.4,57.9,7.8,760.0,41.6,38.8,1474.0,疫病前兆
Day06-07:45,6,7,45,24.1,59.6,5.4,688.0,48.6,38.1,1550.0,疫病前兆
Day06-07:46,6,7,46,24.3,59.6,12.2,635.0,44.7,38.9,1501.0,疫病前兆
Day06-07:47,6,7,47,24.5,59.2,8.7,721.0,43.0,38.4,1508.0,疫病前兆
Day06-07:48,6,7,48,24.1,57.9,8.8,704.0,41.4,41.2,1610.0,疫病前兆
Day06-07:49,6,7,49,24.3,60.3,10.8,685.0,47.6,38.2,1643.0,疫病前兆
Day06-07:50,6,7,50,24.3,59.0,8.5,696.0,42.7,40.9,1752.0,疫病前兆
Day06-07:51,6,7,51,23.4,61.3,7.2,759.0,50.8,38.5,1538.0,疫病前兆
Day06-07:52,6,7,52,23.8,59.4,7.6,730.0,56.9,38.4,1495.0,疫病前兆
Day06-07:53,6,7,53,24.5,59.8,9.5,709.0,46.8,38.4,1499.0,疫病前兆
Day06-07:54,6,7,54,23.7,60.9,8.8,672.0,52.6,38.7,1658.0,疫病前兆
Day06-07:55,6,7,55,24.1,59.2,7.3,705.0,46.5,38.6,1465.0,疫病前兆
Day06-07:56,6,7,56,24.4,60.4,6.9,691.0,50.0,41.2,1670.0,疫病前兆
Day06-07:57,6,7,57,24.1,59.5,10.1,746.0,52.0,38.7,1549.0,疫病前兆
Day06-07:58,6,7,58,24.5,58.7,5.1,759.0,54.1,40.3,1593.0,疫病前兆
Day06-07:59,6,7,59,24.2,60.3,9.3,732.0,51.4,40.6,1367.0,疫病前兆
Day06-08:00,6,8,0,24.9,57.7,10.0,787.0,50.7,40.7,0,疫病前兆
Day06-08:01,6,8,1,24.8,57.1,10.2,726.0,61.0,38.2,0,疫病前兆
Day06-08:02,6,8,2,24.8,55.8,9.2,888.0,47.4,41.1,0,疫病前兆
Day06-08:03,6,8,3,24.4,57.9,7.0,817.0,39.5,39.2,0,疫病前兆
Day06-08:04,6,8,4,24.0,60.0,8.2,825.0,53.8,38.8,0,疫病前兆
Day06-08:05,6,8,5,24.7,58.5,5.1,810.0,53.0,38.3,0,疫病前兆
Day06-08:06,6,8,6,24.4,56.6,11.5,850.0,48.4,38.6,0,疫病前兆
Day06-08:07,6,8,7,24.8,56.9,10.1,820.0,54.9,40.6,0,疫病前兆
Day06-08:08,6,8,8,24.4,55.4,8.1,729.0,54.5,37.9,0,疫病前兆
Day06-08:09,6,8,9,25.0,57.5,8.8,813.0,60.4,41.3,0,疫病前兆
Day06-08:10,6,8,10,24.5,59.3,7.1,683.0,44.2,38.4,0,疫病前兆
Day06-08:11,6,8,11,24.7,56.4,8.7,894.0,51.9,38.8,0,疫病前兆
Day06-08:12,6,8,12,24.9,59.1,8.2,807.0,45.9,38.4,0,疫病前兆
Day06-08:13,6,8,13,24.2,57.1,8.8,933.0,52.4,38.1,0,疫病前兆
Day06-08:14,6,8,14,24.8,57.6,8.4,758.0,55.7,41.4,0,疫病前兆
Day06-08:15,6,8,15,24.1,59.0,7.9,807.0,41.3,39.0,0,疫病前兆
Day06-08:16,6,8,16,24.8,58.8,10.2,727.0,44.0,38.5,0,疫病前兆
Day06-08:17,6,8,17,24.5,56.5,7.9,839.0,48.1,38.7,0,疫病前兆
Day06-08:18,6,8,18,25.0,59.2,6.5,831.0,48.2,41.4,0,疫病前兆
Day06-08:19,6,8,19,25.5,58.4,9.4,770.0,44.4,38.5,0,疫病前兆
Day06-08:20,6,8,20,25.0,57.4,7.7,690.0,52.4,40.9,0,疫病前兆
Day06-08:21,6,8,21,24.4,58.1,7.7,753.0,44.1,38.6,0,疫病前兆
Day06-08:22,6,8,22,24.2,57.1,7.9,862.0,48.8,37.8,0,疫病前兆
Day06-08:23,6,8,23,24.7,57.2,9.2,797.0,45.0,38.8,0,疫病前兆
Day06-08:24,6,8,24,24.2,58.1,8.7,752.0,49.3,40.8,0,疫病前兆
Day06-08:25,6,8,25,24.2,57.1,4.9,791.0,55.5,40.3,0,疫病前兆
Day06-08:26,6,8,26,24.6,59.4,7.7,799.0,44.0,38.9,0,疫病前兆
Day06-08:27,6,8,27,24.2,59.6,5.0,834.0,48.6,38.5,0,疫病前兆
Day06-08:28,6,8,28,24.6,57.9,8.9,867.0,48.8,39.1,0,疫病前兆
Day06-08:29,6,8,29,24.5,56.5,9.0,812.0,48.8,41.1,0,疫病前兆
Day06-08:30,6,8,30,25.0,58.6,7.2,860.0,47.1,40.8,0,疫病前兆
Day06-08:31,6,8,31,24.8,59.6,7.8,828.0,56.0,40.8,0,疫病前兆
Day06-08:32,6,8,32,24.7,57.7,7.2,786.0,53.0,38.5,0,疫病前兆
Day06-08:33,6,8,33,24.4,56.8,8.5,737.0,44.8,38.8,0,疫病前兆
Day06-08:34,6,8,34,24.6,58.8,10.9,769.0,52.0,38.5,0,疫病前兆
Day06-08:35,6,8,35,25.1,58.5,7.4,812.0,42.6,38.5,0,疫病前兆
Day06-08:36,6,8,36,24.5,59.5,8.9,803.0,56.9,38.4,0,疫病前兆
Day06-08:37,6,8,37,24.4,58.5,9.4,819.0,57.3,38.3,0,疫病前兆
Day06-08:38,6,8,38,24.4,57.2,8.0,797.0,47.4,38.8,0,疫病前兆
Day06-08:39,6,8,39,24.4,56.5,6.1,809.0,50.7,38.7,0,疫病前兆
Day06-08:40,6,8,40,24.6,57.5,6.3,725.0,49.0,40.4,0,疫病前兆
Day06-08:41,6,8,41,24.6,58.1,9.1,812.0,46.3,38.7,0,疫病前兆
Day06-08:42,6,8,42,24.6,59.4,5.5,759.0,51.6,38.5,0,疫病前兆
Day06-08:43,6,8,43,24.4,58.4,6.6,862.0,51.3,38.0,0,疫病前兆
Day06-08:44,6,8,44,24.2,57.6,9.5,793.0,40.0,38.8,0,疫病前兆
Day06-08:45,6,8,45,24.2,57.7,4.7,826.0,57.1,40.8,0,疫病前兆
Day06-08:46,6,8,46,24.2,58.7,8.5,874.0,40.2,38.7,0,疫病前兆
Day06-08:47,6,8,47,24.7,58.2,7.3,723.0,46.4,38.5,0,疫病前兆
Day06-08:48,6,8,48,24.7,59.7,5.7,812.0,53.9,41.4,0,疫病前兆
Day06-08:49,6,8,49,24.6,58.3,5.5,861.0,51.0,38.2,0,疫病前兆
Day06-08:50,6,8,50,24.6,60.4,9.5,813.0,41.6,39.2,0,疫病前兆
Day06-08:51,6,8,51,24.4,57.8,8.4,758.0,50.0,38.7,0,疫病前兆
Day06-08:52,6,8,52,24.7,56.8,5.7,794.0,45.3,40.5,0,疫病前兆
Day06-08:53,6,8,53,24.8,59.0,4.4,840.0,51.3,38.4,0,疫病前兆
Day06-08:54,6,8,54,24.6,57.4,9.7,694.0,48.0,38.6,0,疫病前兆
Day06-08:55,6,8,55,24.6,56.3,8.0,835.0,52.1,38.5,0,疫病前兆
Day06-08:56,6,8,56,24.8,58.7,8.9,758.0,55.2,40.4,0,疫病前兆
Day06-08:57,6,8,57,24.1,56.6,8.9,783.0,43.0,38.5,0,疫病前兆
Day06-08:58,6,8,58,24.6,58.9,7.5,768.0,49.0,40.3,0,疫病前兆
Day06-08:59,6,8,59,24.7,58.2,5.5,835.0,50.5,40.9,0,疫病前兆
Day06-09:00,6,9,0,24.7,57.1,9.3,832.0,35.3,40.5,0,疫病前兆
Day06-09:01,6,9,1,24.8,56.1,11.6,856.0,44.0,40.9,0,疫病前兆
Day06-09:02,6,9,2,25.3,56.6,8.1,880.0,33.9,41.0,0,疫病前兆
Day06-09:03,6,9,3,24.6,54.8,10.9,793.0,34.8,38.7,0,疫病前兆
Day06-09:04,6,9,4,24.7,56.3,8.2,926.0,34.1,38.4,0,疫病前兆
Day06-09:05,6,9,5,24.4,57.8,10.9,826.0,38.9,38.5,0,疫病前兆
Day06-09:06,6,9,6,25.1,57.2,7.1,854.0,33.4,38.7,0,疫病前兆
Day06-09:07,6,9,7,24.8,59.9,7.8,804.0,31.4,38.6,0,疫病前兆
Day06-09:08,6,9,8,24.9,56.5,11.6,934.0,34.6,38.3,0,疫病前兆
Day06-09:09,6,9,9,25.7,57.1,9.1,926.0,43.2,38.9,0,疫病前兆
Day06-09:10,6,9,10,24.8,57.2,8.5,871.0,38.0,41.2,0,疫病前兆
Day06-09:11,6,9,11,24.7,57.6,9.3,901.0,33.9,38.4,0,疫病前兆
Day06-09:12,6,9,12,24.7,56.0,7.3,905.0,36.4,38.7,0,疫病前兆
Day06-09:13,6,9,13,24.7,58.3,7.1,912.0,32.9,38.9,0,疫病前兆
Day06-09:14,6,9,14,25.0,56.1,8.1,855.0,40.2,38.5,0,疫病前兆
Day06-09:15,6,9,15,25.0,57.5,7.6,886.0,41.6,38.4,0,疫病前兆
Day06-09:16,6,9,16,25.7,57.6,9.0,784.0,30.9,38.5,0,疫病前兆
Day06-09:17,6,9,17,24.8,56.3,8.1,901.0,29.5,38.0,0,疫病前兆
Day06-09:18,6,9,18,25.1,57.9,8.4,815.0,28.4,41.0,0,疫病前兆
Day06-09:19,6,9,19,24.5,58.5,9.5,903.0,35.7,38.6,0,疫病前兆
Day06-09:20,6,9,20,24.8,57.8,11.1,835.0,39.0,38.8,0,疫病前兆
Day06-09:21,6,9,21,25.4,56.7,5.1,930.0,35.7,41.2,0,疫病前兆
Day06-09:22,6,9,22,24.8,57.6,10.1,1002.0,25.1,38.3,0,疫病前兆
Day06-09:23,6,9,23,24.9,56.6,8.5,848.0,37.9,38.2,0,疫病前兆
Day06-09:24,6,9,24,25.4,57.9,9.8,847.0,39.8,38.4,0,疫病前兆
Day06-09:25,6,9,25,24.9,56.6,10.5,932.0,32.7,38.4,0,疫病前兆
Day06-09:26,6,9,26,24.9,56.7,9.5,922.0,37.1,38.7,0,疫病前兆
Day06-09:27,6,9,27,25.4,56.2,8.3,899.0,28.3,38.6,0,疫病前兆
Day06-09:28,6,9,28,25.3,57.0,9.4,906.0,35.4,38.3,0,疫病前兆
Day06-09:29,6,9,29,25.2,57.1,8.2,902.0,44.7,41.1,0,疫病前兆
Day06-09:30,6,9,30,25.0,56.8,10.0,848.0,38.0,41.1,0,疫病前兆
Day06-09:31,6,9,31,24.8,57.4,10.4,818.0,34.5,38.8,0,疫病前兆
Day06-09:32,6,9,32,24.8,58.0,7.5,857.0,37.9,38.8,0,疫病前兆
Day06-09:33,6,9,33,25.2,57.9,10.2,885.0,32.9,40.6,0,疫病前兆
Day06-09:34,6,9,34,24.7,54.9,8.1,963.0,35.9,41.2,0,疫病前兆
Day06-09:35,6,9,35,24.6,56.9,7.9,920.0,30.9,38.9,0,疫病前兆
Day06-09:36,6,9,36,25.0,57.8,7.5,903.0,35.5,38.7,0,疫病前兆
Day06-09:37,6,9,37,24.7,57.5,8.9,888.0,37.2,37.8,0,疫病前兆
Day06-09:38,6,9,38,25.1,57.1,9.8,879.0,38.5,38.3,0,疫病前兆
Day06-09:39,6,9,39,25.1,56.8,6.5,883.0,30.9,41.3,0,疫病前兆
Day06-09:40,6,9,40,24.9,57.0,7.3,933.0,40.1,40.9,0,疫病前兆
Day06-09:41,6,9,41,24.9,57.1,7.4,889.0,38.3,38.6,0,疫病前兆
Day06-09:42,6,9,42,25.1,57.1,9.7,881.0,34.1,38.6,0,疫病前兆
Day06-09:43,6,9,43,25.5,58.8,9.4,801.0,37.2,40.9,0,疫病前兆
Day06-09:44,6,9,44,24.9,58.7,8.9,849.0,39.0,38.1,0,疫病前兆
Day06-09:45,6,9,45,24.9,56.1,9.2,909.0,36.0,40.7,0,疫病前兆
Day06-09:46,6,9,46,25.0,58.9,8.4,883.0,30.4,38.7,0,疫病前兆
Day06-09:47,6,9,47,24.8,56.2,9.7,904.0,29.5,38.6,0,疫病前兆
Day06-09:48,6,9,48,24.3,56.7,7.6,846.0,34.5,40.4,0,疫病前兆
Day06-09:49,6,9,49,25.4,57.0,5.9,854.0,35.9,38.7,0,疫病前兆
Day06-09:50,6,9,50,24.8,58.3,10.1,855.0,38.0,40.4,0,疫病前兆
Day06-09:51,6,9,51,24.7,59.2,7.9,837.0,33.9,40.3,0,疫病前兆
Day06-09:52,6,9,52,24.8,57.7,9.0,927.0,40.4,40.9,0,疫病前兆
Day06-09:53,6,9,53,25.1,57.5,8.9,809.0,36.9,38.7,0,疫病前兆
Day06-09:54,6,9,54,25.1,58.7,7.9,826.0,40.6,40.5,0,疫病前兆
Day06-09:55,6,9,55,24.9,56.8,12.3,836.0,35.2,40.7,0,疫病前兆
Day06-09:56,6,9,56,25.1,55.3,7.7,805.0,37.2,38.2,0,疫病前兆
Day06-09:57,6,9,57,24.5,58.2,7.4,885.0,30.2,38.6,0,疫病前兆
Day06-09:58,6,9,58,24.7,58.8,9.5,768.0,35.9,38.9,0,疫病前兆
Day06-09:59,6,9,59,25.4,57.5,6.6,849.0,29.3,38.8,0,疫病前兆
Day06-10:00,6,10,0,25.2,56.6,7.1,967.0,43.8,38.7,0,疫病前兆
Day06-10:01,6,10,1,24.0,58.9,9.9,1043.0,37.5,41.0,0,疫病前兆
Day06-10:02,6,10,2,25.4,56.8,12.9,873.0,38.2,38.7,0,疫病前兆
Day06-10:03,6,10,3,24.7,56.9,12.3,975.0,33.0,38.4,0,疫病前兆
Day06-10:04,6,10,4,25.2,56.7,9.9,972.0,30.7,38.9,0,疫病前兆
Day06-10:05,6,10,5,25.0,57.9,9.6,972.0,39.5,39.2,0,疫病前兆
Day06-10:06,6,10,6,25.3,57.3,10.5,995.0,36.1,38.2,0,疫病前兆
Day06-10:07,6,10,7,24.8,56.6,7.4,913.0,34.9,38.4,0,疫病前兆
Day06-10:08,6,10,8,24.6,58.5,10.6,1045.0,38.3,40.5,0,疫病前兆
Day06-10:09,6,10,9,24.6,57.1,7.1,953.0,27.8,38.3,0,疫病前兆
Day06-10:10,6,10,10,24.8,56.8,11.5,799.0,38.1,38.6,0,疫病前兆
Day06-10:11,6,10,11,24.6,57.3,11.1,936.0,40.1,40.4,0,疫病前兆
Day06-10:12,6,10,12,25.2,56.9,8.6,983.0,37.3,38.3,0,疫病前兆
Day06-10:13,6,10,13,25.3,56.0,7.9,972.0,34.4,38.4,0,疫病前兆
Day06-10:14,6,10,14,24.7,56.3,10.0,959.0,40.1,38.5,0,疫病前兆
Day06-10:15,6,10,15,25.0,57.1,10.8,967.0,32.5,39.0,0,疫病前兆
Day06-10:16,6,10,16,24.5,56.3,10.7,873.0,38.4,38.2,0,疫病前兆
Day06-10:17,6,10,17,25.3,54.4,6.5,883.0,31.5,40.3,0,疫病前兆
Day06-10:18,6,10,18,24.9,55.8,8.2,976.0,36.6,38.9,0,疫病前兆
Day06-10:19,6,10,19,25.3,58.2,11.1,883.0,31.6,40.4,0,疫病前兆
Day06-10:20,6,10,20,24.7,55.6,10.1,1046.0,36.4,41.2,0,疫病前兆
Day06-10:21,6,10,21,24.9,56.7,10.8,975.0,31.0,38.6,0,疫病前兆
Day06-10:22,6,10,22,24.3,57.3,10.5,934.0,42.2,38.5,0,疫病前兆
Day06-10:23,6,10,23,24.6,56.5,8.9,960.0,31.2,40.7,0,疫病前兆
Day06-10:24,6,10,24,25.5,56.2,8.6,923.0,37.1,38.5,0,疫病前兆
Day06-10:25,6,10,25,25.2,57.6,10.0,998.0,36.0,38.1,0,疫病前兆
Day06-10:26,6,10,26,25.2,58.7,13.5,895.0,30.9,38.9,0,疫病前兆
Day06-10:27,6,10,27,24.8,58.7,10.4,967.0,38.1,38.7,0,疫病前兆
Day06-10:28,6,10,28,25.4,55.5,8.1,923.0,37.3,38.1,0,疫病前兆
Day06-10:29,6,10,29,24.6,57.5,12.6,930.0,33.0,41.2,0,疫病前兆
Day06-10:30,6,10,30,25.1,56.6,8.7,977.0,41.4,41.5,0,疫病前兆
Day06-10:31,6,10,31,25.4,56.3,11.3,857.0,36.0,38.9,0,疫病前兆
Day06-10:32,6,10,32,25.2,56.9,12.6,930.0,36.7,40.5,0,疫病前兆
Day06-10:33,6,10,33,24.9,57.0,9.5,961.0,36.1,40.6,0,疫病前兆
Day06-10:34,6,10,34,24.6,57.4,11.0,906.0,39.9,38.1,0,疫病前兆
Day06-10:35,6,10,35,25.0,56.9,9.2,878.0,27.6,38.5,0,疫病前兆
Day06-10:36,6,10,36,25.3,56.1,6.1,962.0,38.9,38.0,0,疫病前兆
Day06-10:37,6,10,37,24.9,56.6,9.8,1047.0,40.5,41.1,0,疫病前兆
Day06-10:38,6,10,38,24.9,55.3,9.6,953.0,33.1,38.9,0,疫病前兆
Day06-10:39,6,10,39,25.0,56.9,7.4,971.0,31.2,38.4,0,疫病前兆
Day06-10:40,6,10,40,25.4,56.4,9.8,1061.0,29.0,38.6,0,疫病前兆
Day06-10:41,6,10,41,25.4,57.0,8.4,980.0,29.4,38.3,0,疫病前兆
Day06-10:42,6,10,42,25.0,57.4,8.7,919.0,35.5,38.4,0,疫病前兆
Day06-10:43,6,10,43,24.6,55.1,7.0,880.0,33.7,41.4,0,疫病前兆
Day06-10:44,6,10,44,25.0,58.3,6.7,875.0,27.8,38.3,0,疫病前兆
Day06-10:45,6,10,45,24.9,56.4,8.9,987.0,33.8,40.9,0,疫病前兆
Day06-10:46,6,10,46,24.5,57.8,8.9,940.0,37.8,41.2,0,疫病前兆
Day06-10:47,6,10,47,24.6,58.7,12.8,972.0,31.3,40.7,0,疫病前兆
Day06-10:48,6,10,48,24.8,55.6,8.3,939.0,38.6,38.8,0,疫病前兆
Day06-10:49,6,10,49,24.5,56.2,9.4,957.0,29.5,38.2,0,疫病前兆
Day06-10:50,6,10,50,24.7,55.2,9.7,909.0,37.1,40.4,0,疫病前兆
Day06-10:51,6,10,51,24.9,57.2,6.8,1038.0,45.2,38.3,0,疫病前兆
Day06-10:52,6,10,52,25.1,56.4,10.7,938.0,37.7,38.4,0,疫病前兆
Day06-10:53,6,10,53,24.8,56.7,10.5,824.0,36.6,38.8,0,疫病前兆
Day06-10:54,6,10,54,25.5,56.8,9.3,1002.0,42.6,38.5,0,疫病前兆
Day06-10:55,6,10,55,25.5,57.4,10.7,930.0,37.6,38.4,0,疫病前兆
Day06-10:56,6,10,56,25.0,56.9,8.4,984.0,36.4,39.0,0,疫病前兆
Day06-10:57,6,10,57,24.6,56.2,10.5,958.0,29.6,38.6,0,疫病前兆
Day06-10:58,6,10,58,25.2,56.1,7.0,882.0,35.6,40.4,0,疫病前兆
Day06-10:59,6,10,59,24.7,57.6,8.4,942.0,36.4,40.6,0,疫病前兆
Day06-11:00,6,11,0,24.8,58.5,8.7,966.0,30.7,38.3,0,疫病前兆
Day06-11:01,6,11,1,24.8,57.5,7.3,1004.0,28.9,38.5,0,疫病前兆
Day06-11:02,6,11,2,24.8,56.8,9.1,1013.0,27.3,38.9,0,疫病前兆
Day06-11:03,6,11,3,24.7,57.3,11.2,1033.0,31.5,40.3,0,疫病前兆
Day06-11:04,6,11,4,25.0,56.9,12.3,1003.0,35.3,38.2,0,疫病前兆
Day06-11:05,6,11,5,24.7,55.8,10.3,1039.0,35.1,38.1,0,疫病前兆
Day06-11:06,6,11,6,24.4,56.0,11.2,945.0,39.2,41.4,0,疫病前兆
Day06-11:07,6,11,7,24.8,57.8,12.3,1020.0,38.7,39.4,0,疫病前兆
Day06-11:08,6,11,8,25.0,57.1,8.5,1013.0,42.6,38.4,0,疫病前兆
Day06-11:09,6,11,9,24.4,57.9,10.6,1016.0,33.5,41.1,0,疫病前兆
Day06-11:10,6,11,10,25.0,57.3,11.6,989.0,34.6,40.5,0,疫病前兆
Day06-11:11,6,11,11,25.4,57.1,8.2,1082.0,33.8,38.3,0,疫病前兆
Day06-11:12,6,11,12,25.4,56.1,10.7,1057.0,36.8,38.0,0,疫病前兆
Day06-11:13,6,11,13,25.3,55.6,11.1,953.0,39.8,41.1,0,疫病前兆
Day06-11:14,6,11,14,25.3,57.1,11.4,957.0,29.2,38.5,0,疫病前兆
Day06-11:15,6,11,15,24.6,56.0,12.6,1046.0,35.9,41.5,0,疫病前兆
Day06-11:16,6,11,16,24.9,57.4,10.1,957.0,38.7,40.5,0,疫病前兆
Day06-11:17,6,11,17,24.4,57.1,12.6,995.0,37.6,40.4,0,疫病前兆
Day06-11:18,6,11,18,24.9,57.9,9.7,929.0,37.4,38.7,0,疫病前兆
Day06-11:19,6,11,19,24.4,57.5,9.3,978.0,37.2,41.0,0,疫病前兆
Day06-11:20,6,11,20,24.9,56.4,7.4,1004.0,32.9,38.2,0,疫病前兆
Day06-11:21,6,11,21,24.7,58.7,9.9,1060.0,34.6,38.4,0,疫病前兆
Day06-11:22,6,11,22,24.8,58.3,8.9,966.0,32.0,38.6,0,疫病前兆
Day06-11:23,6,11,23,24.4,56.5,11.7,947.0,43.0,38.8,0,疫病前兆
Day06-11:24,6,11,24,25.6,58.3,9.8,968.0,27.2,38.6,0,疫病前兆
Day06-11:25,6,11,25,25.1,56.9,10.2,1011.0,37.1,41.1,0,疫病前兆
Day06-11:26,6,11,26,25.2,58.4,11.1,1026.0,32.9,38.8,0,疫病前兆
Day06-11:27,6,11,27,25.5,56.7,10.1,980.0,32.0,38.5,0,疫病前兆
Day06-11:28,6,11,28,25.3,57.9,10.5,923.0,33.6,38.5,0,疫病前兆
Day06-11:29,6,11,29,25.0,57.6,9.5,975.0,38.0,38.4,0,疫病前兆
Day06-11:30,6,11,30,24.8,57.2,9.6,954.0,33.8,38.7,0,疫病前兆
Day06-11:31,6,11,31,24.1,56.0,12.1,950.0,35.5,40.6,0,疫病前兆
Day06-11:32,6,11,32,25.0,57.5,8.3,995.0,36.5,38.4,0,疫病前兆
Day06-11:33,6,11,33,25.0,58.3,11.0,1020.0,45.1,38.2,0,疫病前兆
Day06-11:34,6,11,34,24.9,56.9,7.9,904.0,40.5,40.9,0,疫病前兆
Day06-11:35,6,11,35,24.7,58.3,10.3,980.0,43.9,39.0,0,疫病前兆
Day06-11:36,6,11,36,25.1,59.6,11.6,999.0,35.9,40.7,0,疫病前兆
Day06-11:37,6,11,37,24.5,57.2,11.1,963.0,39.4,38.9,0,疫病前兆
Day06-11:38,6,11,38,25.0,57.0,12.1,986.0,42.2,38.7,0,疫病前兆
Day06-11:39,6,11,39,25.2,58.1,9.9,1015.0,37.9,41.0,0,疫病前兆
Day06-11:40,6,11,40,24.5,58.2,6.7,1102.0,36.2,38.9,0,疫病前兆
Day06-11:41,6,11,41,25.4,56.2,10.1,984.0,32.5,38.9,0,疫病前兆
Day06-11:42,6,11,42,25.0,57.3,7.2,983.0,37.3,38.9,0,疫病前兆
Day06-11:43,6,11,43,25.0,58.0,12.4,974.0,34.4,38.5,0,疫病前兆
Day06-11:44,6,11,44,25.1,57.1,9.3,971.0,42.8,40.7,0,疫病前兆
Day06-11:45,6,11,45,25.0,55.8,11.0,1017.0,33.2,38.5,0,疫病前兆
Day06-11:46,6,11,46,25.0,58.2,10.4,954.0,35.2,38.4,0,疫病前兆
Day06-11:47,6,11,47,24.7,56.2,8.4,1014.0,40.5,41.1,0,疫病前兆
Day06-11:48,6,11,48,24.5,56.2,10.0,1035.0,32.9,38.6,0,疫病前兆
Day06-11:49,6,11,49,24.8,57.5,13.6,1047.0,36.5,38.6,0,疫病前兆
Day06-11:50,6,11,50,24.4,55.9,10.2,1013.0,32.3,38.3,0,疫病前兆
Day06-11:51,6,11,51,24.4,58.9,10.7,1007.0,34.0,41.4,0,疫病前兆
Day06-11:52,6,11,52,25.0,56.3,9.7,1023.0,37.9,39.4,0,疫病前兆
Day06-11:53,6,11,53,25.3,57.6,9.2,974.0,41.1,38.6,0,疫病前兆
Day06-11:54,6,11,54,24.8,56.0,9.6,973.0,46.0,41.4,0,疫病前兆
Day06-11:55,6,11,55,25.1,61.4,12.3,923.0,38.2,38.2,0,疫病前兆
Day06-11:56,6,11,56,25.1,56.5,9.0,1002.0,31.3,38.1,0,疫病前兆
Day06-11:57,6,11,57,24.9,58.3,11.4,993.0,29.1,40.4,0,疫病前兆
Day06-11:58,6,11,58,24.5,58.0,9.5,984.0,31.0,38.6,0,疫病前兆
Day06-11:59,6,11,59,24.5,59.0,7.0,952.0,29.4,41.4,0,疫病前兆
Day06-12:00,6,12,0,24.8,58.7,9.8,1079.0,51.5,40.5,1504.0,疫病前兆
Day06-12:01,6,12,1,24.6,58.5,8.3,959.0,42.1,41.2,1640.0,疫病前兆
Day06-12:02,6,12,2,24.4,58.7,12.1,1011.0,54.9,38.7,1523.0,疫病前兆
Day06-12:03,6,12,3,24.6,58.4,10.2,1023.0,43.5,40.7,1590.0,疫病前兆
Day06-12:04,6,12,4,24.6,57.0,10.4,982.0,51.8,38.8,1580.0,疫病前兆
Day06-12:05,6,12,5,25.0,57.9,11.7,969.0,53.5,38.9,1457.0,疫病前兆
Day06-12:06,6,12,6,24.5,57.8,12.5,1012.0,49.1,38.0,1521.0,疫病前兆
Day06-12:07,6,12,7,24.3,58.3,9.0,978.0,51.1,38.3,1513.0,疫病前兆
Day06-12:08,6,12,8,24.3,58.4,11.5,1032.0,51.0,38.2,1543.0,疫病前兆
Day06-12:09,6,12,9,24.9,57.6,11.1,968.0,42.9,38.3,1557.0,疫病前兆
Day06-12:10,6,12,10,24.4,59.7,11.3,938.0,55.7,38.6,1651.0,疫病前兆
Day06-12:11,6,12,11,24.4,57.1,10.4,1059.0,45.1,41.2,1386.0,疫病前兆
Day06-12:12,6,12,12,24.2,57.6,10.4,953.0,53.1,41.2,1616.0,疫病前兆
Day06-12:13,6,12,13,24.3,58.5,11.1,1008.0,56.9,38.7,1539.0,疫病前兆
Day06-12:14,6,12,14,24.1,57.6,6.4,1038.0,51.9,40.4,1445.0,疫病前兆
Day06-12:15,6,12,15,25.3,57.5,8.4,1140.0,55.0,39.1,1722.0,疫病前兆
Day06-12:16,6,12,16,24.5,58.9,12.6,1012.0,42.1,41.0,1659.0,疫病前兆
Day06-12:17,6,12,17,24.4,57.0,11.5,1074.0,40.5,40.5,1645.0,疫病前兆
Day06-12:18,6,12,18,25.0,57.8,11.0,930.0,48.2,41.1,1505.0,疫病前兆
Day06-12:19,6,12,19,24.5,58.7,9.4,999.0,52.9,38.5,1768.0,疫病前兆
Day06-12:20,6,12,20,24.4,58.8,11.7,975.0,51.0,40.3,1649.0,疫病前兆
Day06-12:21,6,12,21,24.4,57.4,10.7,1051.0,43.1,38.8,1474.0,疫病前兆
Day06-12:22,6,12,22,24.6,58.3,11.5,1043.0,56.3,40.7,1720.0,疫病前兆
Day06-12:23,6,12,23,24.6,58.1,10.1,979.0,48.1,38.7,1511.0,疫病前兆
Day06-12:24,6,12,24,24.8,57.6,8.7,982.0,34.0,39.0,1771.0,疫病前兆
Day06-12:25,6,12,25,24.8,57.7,8.8,1036.0,45.6,39.1,1550.0,疫病前兆
Day06-12:26,6,12,26,25.2,57.8,9.3,962.0,57.0,41.4,1693.0,疫病前兆
Day06-12:27,6,12,27,24.8,57.9,12.6,991.0,39.5,38.1,1500.0,疫病前兆
Day06-12:28,6,12,28,24.3,57.4,9.8,977.0,47.9,38.8,1410.0,疫病前兆
Day06-12:29,6,12,29,24.4,58.8,12.1,982.0,49.9,38.6,1558.0,疫病前兆
Day06-12:30,6,12,30,24.7,59.8,10.4,972.0,43.1,38.6,1745.0,疫病前兆
Day06-12:31,6,12,31,24.5,58.6,7.3,998.0,45.0,41.4,1517.0,疫病前兆
Day06-12:32,6,12,32,24.4,57.6,12.0,1097.0,57.5,38.7,1821.0,疫病前兆
Day06-12:33,6,12,33,24.7,58.0,9.1,1034.0,55.1,38.3,1454.0,疫病前兆
Day06-12:34,6,12,34,24.6,57.3,9.4,1121.0,48.3,40.7,1520.0,疫病前兆
Day06-12:35,6,12,35,23.8,56.5,10.7,980.0,49.8,41.0,1662.0,疫病前兆
Day06-12:36,6,12,36,24.6,59.9,10.4,1043.0,47.0,41.5,1750.0,疫病前兆
Day06-12:37,6,12,37,24.8,57.8,12.7,1050.0,48.2,38.5,1530.0,疫病前兆
Day06-12:38,6,12,38,24.4,58.8,8.7,988.0,53.0,41.1,1674.0,疫病前兆
Day06-12:39,6,12,39,24.8,57.6,10.7,1118.0,42.2,39.0,1602.0,疫病前兆
Day06-12:40,6,12,40,24.6,59.4,10.2,1020.0,54.5,38.6,1683.0,疫病前兆
Day06-12:41,6,12,41,24.9,59.9,11.2,921.0,50.1,39.1,1727.0,疫病前兆
Day06-12:42,6,12,42,24.7,59.5,11.4,1077.0,47.8,38.4,1513.0,疫病前兆
Day06-12:43,6,12,43,24.6,56.3,8.9,1015.0,41.4,38.3,1644.0,疫病前兆
Day06-12:44,6,12,44,24.7,57.5,9.5,987.0,46.6,38.1,1714.0,疫病前兆
Day06-12:45,6,12,45,24.6,56.2,12.1,1063.0,57.0,38.5,1381.0,疫病前兆
Day06-12:46,6,12,46,24.3,58.1,9.0,1020.0,50.4,38.5,1729.0,疫病前兆
Day06-12:47,6,12,47,24.3,57.7,10.1,1069.0,43.1,38.4,1526.0,疫病前兆
Day06-12:48,6,12,48,24.5,57.5,8.1,1001.0,56.8,38.2,1607.0,疫病前兆
Day06-12:49,6,12,49,24.9,58.9,11.9,981.0,43.4,38.7,1615.0,疫病前兆
Day06-12:50,6,12,50,24.2,57.0,10.8,1039.0,44.4,40.7,1780.0,疫病前兆
Day06-12:51,6,12,51,24.7,57.8,13.1,1052.0,44.1,41.2,1688.0,疫病前兆
Day06-12:52,6,12,52,24.9,58.0,9.8,940.0,54.3,37.9,1695.0,疫病前兆
Day06-12:53,6,12,53,24.8,57.4,10.7,1035.0,54.8,38.2,1645.0,疫病前兆
Day06-12:54,6,12,54,24.5,59.2,11.3,1057.0,56.0,38.3,1526.0,疫病前兆
Day06-12:55,6,12,55,24.8,58.7,8.4,1038.0,45.5,38.7,1483.0,疫病前兆
Day06-12:56,6,12,56,25.0,57.9,10.4,1132.0,43.1,38.6,1654.0,疫病前兆
Day06-12:57,6,12,57,25.1,58.7,11.1,1065.0,56.4,38.5,1633.0,疫病前兆
Day06-12:58,6,12,58,24.8,58.0,9.0,990.0,53.3,40.9,1600.0,疫病前兆
Day06-12:59,6,12,59,24.4,58.9,13.7,955.0,49.8,38.3,1716.0,疫病前兆
Day06-13:00,6,13,0,24.2,58.4,9.9,982.0,51.2,39.1,0,疫病前兆
Day06-13:01,6,13,1,24.1,58.8,11.9,1055.0,49.9,38.9,0,疫病前兆
Day06-13:02,6,13,2,24.5,59.0,8.0,979.0,37.9,38.9,0,疫病前兆
Day06-13:03,6,13,3,24.1,59.7,12.0,944.0,53.7,40.6,0,疫病前兆
Day06-13:04,6,13,4,23.9,61.0,7.8,941.0,41.5,38.7,0,疫病前兆
Day06-13:05,6,13,5,24.3,59.2,10.5,991.0,44.7,38.5,0,疫病前兆
Day06-13:06,6,13,6,23.8,60.2,8.4,961.0,51.3,38.6,0,疫病前兆
Day06-13:07,6,13,7,23.8,59.4,10.2,997.0,52.2,38.1,0,疫病前兆
Day06-13:08,6,13,8,24.0,58.4,11.3,1019.0,47.1,38.2,0,疫病前兆
Day06-13:09,6,13,9,23.7,59.5,10.7,1008.0,54.7,38.5,0,疫病前兆
Day06-13:10,6,13,10,23.9,60.3,11.1,985.0,48.9,38.4,0,疫病前兆
Day06-13:11,6,13,11,24.0,60.2,10.6,1049.0,54.1,38.7,0,疫病前兆
Day06-13:12,6,13,12,24.0,58.2,8.1,1006.0,53.4,38.6,0,疫病前兆
Day06-13:13,6,13,13,24.2,59.0,9.4,945.0,44.7,40.6,0,疫病前兆
Day06-13:14,6,13,14,24.4,59.2,10.0,939.0,44.6,40.9,0,疫病前兆
Day06-13:15,6,13,15,24.1,60.9,11.0,931.0,44.8,38.4,0,疫病前兆
Day06-13:16,6,13,16,24.0,59.2,12.9,996.0,52.6,41.3,0,疫病前兆
Day06-13:17,6,13,17,23.9,60.1,10.5,998.0,52.8,38.5,0,疫病前兆
Day06-13:18,6,13,18,23.8,59.6,10.1,969.0,36.3,38.6,0,疫病前兆
Day06-13:19,6,13,19,24.4,58.8,11.9,969.0,47.9,40.4,0,疫病前兆
Day06-13:20,6,13,20,24.0,59.4,11.5,1092.0,58.9,38.6,0,疫病前兆
Day06-13:21,6,13,21,24.1,59.9,10.6,1066.0,41.4,38.1,0,疫病前兆
Day06-13:22,6,13,22,23.4,60.0,12.5,937.0,52.9,38.6,0,疫病前兆
Day06-13:23,6,13,23,24.0,60.3,10.9,1032.0,62.0,38.4,0,疫病前兆
Day06-13:24,6,13,24,24.2,58.7,7.5,942.0,47.7,38.0,0,疫病前兆
Day06-13:25,6,13,25,23.7,59.0,12.2,1069.0,42.3,41.0,0,疫病前兆
Day06-13:26,6,13,26,23.8,57.9,11.1,961.0,54.4,38.5,0,疫病前兆
Day06-13:27,6,13,27,24.6,58.1,13.0,1044.0,46.5,38.7,0,疫病前兆
Day06-13:28,6,13,28,23.7,57.9,13.5,1031.0,46.1,40.3,0,疫病前兆
Day06-13:29,6,13,29,23.9,60.2,9.3,980.0,37.4,38.6,0,疫病前兆
Day06-13:30,6,13,30,24.3,58.7,12.0,943.0,50.0,40.7,0,疫病前兆
Day06-13:31,6,13,31,23.8,59.6,12.6,1032.0,47.7,40.8,0,疫病前兆
Day06-13:32,6,13,32,24.0,58.4,13.7,1046.0,55.0,40.8,0,疫病前兆
Day06-13:33,6,13,33,24.1,61.5,9.7,1001.0,40.0,39.3,0,疫病前兆
Day06-13:34,6,13,34,23.5,60.2,13.2,1031.0,59.5,38.6,0,疫病前兆
Day06-13:35,6,13,35,24.1,59.8,9.8,1041.0,44.6,40.8,0,疫病前兆
Day06-13:36,6,13,36,24.2,60.4,11.1,959.0,38.3,41.3,0,疫病前兆
Day06-13:37,6,13,37,23.9,58.2,8.7,981.0,48.6,38.9,0,疫病前兆
Day06-13:38,6,13,38,24.3,60.2,11.1,970.0,49.0,38.4,0,疫病前兆
Day06-13:39,6,13,39,23.9,59.8,11.8,930.0,51.8,41.5,0,疫病前兆
Day06-13:40,6,13,40,24.0,59.2,12.8,988.0,50.9,38.3,0,疫病前兆
Day06-13:41,6,13,41,24.3,58.7,11.3,1037.0,45.8,38.3,0,疫病前兆
Day06-13:42,6,13,42,24.3,59.5,9.4,931.0,42.0,40.5,0,疫病前兆
Day06-13:43,6,13,43,24.2,59.1,9.5,1119.0,51.6,38.3,0,疫病前兆
Day06-13:44,6,13,44,24.3,60.0,12.3,923.0,48.6,38.4,0,疫病前兆
Day06-13:45,6,13,45,23.7,62.1,11.5,970.0,45.1,40.4,0,疫病前兆
Day06-13:46,6,13,46,24.2,58.5,13.0,929.0,56.2,38.5,0,疫病前兆
Day06-13:47,6,13,47,23.8,60.8,9.3,1056.0,51.6,38.6,0,疫病前兆
Day06-13:48,6,13,48,24.2,59.1,12.7,1010.0,52.6,38.6,0,疫病前兆
Day06-13:49,6,13,49,24.2,59.4,11.2,1017.0,44.5,38.8,0,疫病前兆
Day06-13:50,6,13,50,24.5,59.4,9.1,1048.0,50.5,38.1,0,疫病前兆
Day06-13:51,6,13,51,24.1,59.8,9.6,984.0,41.6,39.0,0,疫病前兆
Day06-13:52,6,13,52,24.1,57.7,9.6,1046.0,58.0,38.8,0,疫病前兆
Day06-13:53,6,13,53,23.7,59.3,9.9,934.0,51.5,37.8,0,疫病前兆
Day06-13:54,6,13,54,24.2,59.3,10.5,947.0,41.4,38.8,0,疫病前兆
Day06-13:55,6,13,55,23.9,59.4,14.2,973.0,50.2,38.6,0,疫病前兆
Day06-13:56,6,13,56,24.2,58.8,11.5,984.0,47.5,38.9,0,疫病前兆
Day06-13:57,6,13,57,24.1,59.8,10.9,1050.0,49.9,38.8,0,疫病前兆
Day06-13:58,6,13,58,24.2,58.6,11.1,975.0,48.0,39.2,0,疫病前兆
Day06-13:59,6,13,59,24.2,60.1,14.0,963.0,51.3,38.6,0,疫病前兆
Day06-14:00,6,14,0,23.1,60.5,12.6,965.0,34.6,40.5,0,疫病前兆
Day06-14:01,6,14,1,24.0,61.3,9.0,1036.0,43.9,38.9,0,疫病前兆
Day06-14:02,6,14,2,23.9,60.8,11.2,972.0,34.8,38.7,0,疫病前兆
Day06-14:03,6,14,3,23.2,61.2,13.2,900.0,41.6,40.4,0,疫病前兆
Day06-14:04,6,14,4,23.3,60.5,12.8,876.0,49.7,38.7,0,疫病前兆
Day06-14:05,6,14,5,23.2,59.8,12.2,987.0,32.5,40.9,0,疫病前兆
Day06-14:06,6,14,6,23.0,61.0,12.5,877.0,32.8,38.3,0,疫病前兆
Day06-14:07,6,14,7,22.9,60.1,12.0,966.0,37.4,38.2,0,疫病前兆
Day06-14:08,6,14,8,23.6,59.1,11.3,849.0,38.5,38.5,0,疫病前兆
Day06-14:09,6,14,9,23.4,60.3,10.1,955.0,32.8,41.2,0,疫病前兆
Day06-14:10,6,14,10,23.6,60.3,13.0,912.0,46.7,38.5,0,疫病前兆
Day06-14:11,6,14,11,22.9,60.7,10.9,949.0,36.1,38.5,0,疫病前兆
Day06-14:12,6,14,12,23.2,61.7,9.3,1027.0,38.0,38.2,0,疫病前兆
Day06-14:13,6,14,13,23.6,61.5,11.7,980.0,26.7,38.6,0,疫病前兆
Day06-14:14,6,14,14,23.5,62.2,12.5,1076.0,35.0,38.5,0,疫病前兆
Day06-14:15,6,14,15,23.3,61.9,13.1,924.0,42.7,38.5,0,疫病前兆
Day06-14:16,6,14,16,23.7,61.0,10.7,895.0,41.5,38.8,0,疫病前兆
Day06-14:17,6,14,17,23.2,62.4,8.7,826.0,29.8,41.0,0,疫病前兆
Day06-14:18,6,14,18,23.4,62.2,11.5,915.0,32.2,40.6,0,疫病前兆
Day06-14:19,6,14,19,23.5,60.2,10.1,919.0,43.8,38.5,0,疫病前兆
Day06-14:20,6,14,20,23.0,61.0,14.6,960.0,39.3,38.4,0,疫病前兆
Day06-14:21,6,14,21,23.4,61.0,9.5,917.0,29.9,38.4,0,疫病前兆
Day06-14:22,6,14,22,23.6,60.5,10.1,953.0,35.9,38.8,0,疫病前兆
Day06-14:23,6,14,23,23.2,60.3,11.5,913.0,32.3,38.1,0,疫病前兆
Day06-14:24,6,14,24,23.6,61.8,10.8,970.0,35.6,40.9,0,疫病前兆
Day06-14:25,6,14,25,23.8,60.8,10.7,918.0,35.0,38.1,0,疫病前兆
Day06-14:26,6,14,26,22.9,60.5,8.7,924.0,32.7,38.7,0,疫病前兆
Day06-14:27,6,14,27,23.3,61.3,10.9,919.0,23.9,38.7,0,疫病前兆
Day06-14:28,6,14,28,23.7,63.6,10.4,898.0,35.9,40.6,0,疫病前兆
Day06-14:29,6,14,29,23.4,60.1,9.3,935.0,35.2,38.1,0,疫病前兆
Day06-14:30,6,14,30,23.8,60.5,10.9,999.0,34.8,38.4,0,疫病前兆
Day06-14:31,6,14,31,23.4,60.6,11.9,967.0,33.6,40.6,0,疫病前兆
Day06-14:32,6,14,32,22.9,61.4,12.8,961.0,34.6,38.5,0,疫病前兆
Day06-14:33,6,14,33,23.6,61.1,10.5,1053.0,32.2,40.6,0,疫病前兆
Day06-14:34,6,14,34,23.3,62.2,8.5,952.0,34.2,38.6,0,疫病前兆
Day06-14:35,6,14,35,23.6,59.3,9.3,979.0,37.5,39.2,0,疫病前兆
Day06-14:36,6,14,36,23.8,62.8,11.8,944.0,31.7,38.4,0,疫病前兆
Day06-14:37,6,14,37,23.5,61.1,11.8,1024.0,31.4,38.3,0,疫病前兆
Day06-14:38,6,14,38,24.2,60.9,9.9,886.0,34.4,39.2,0,疫病前兆
Day06-14:39,6,14,39,23.7,59.6,10.8,960.0,35.2,38.3,0,疫病前兆
Day06-14:40,6,14,40,23.5,62.9,12.7,982.0,41.6,38.7,0,疫病前兆
Day06-14:41,6,14,41,23.4,59.3,10.4,928.0,42.8,38.8,0,疫病前兆
Day06-14:42,6,14,42,23.4,59.8,12.6,915.0,29.6,38.5,0,疫病前兆
Day06-14:43,6,14,43,23.2,60.8,9.2,946.0,29.5,41.1,0,疫病前兆
Day06-14:44,6,14,44,23.9,61.1,12.3,900.0,28.1,38.6,0,疫病前兆
Day06-14:45,6,14,45,23.5,61.4,13.9,975.0,31.2,41.1,0,疫病前兆
Day06-14:46,6,14,46,23.7,61.0,10.4,927.0,32.0,41.4,0,疫病前兆
Day06-14:47,6,14,47,24.0,60.8,11.2,953.0,33.8,38.4,0,疫病前兆
Day06-14:48,6,14,48,22.8,62.1,9.7,946.0,32.1,38.2,0,疫病前兆
Day06-14:49,6,14,49,23.6,60.6,10.0,995.0,35.3,38.5,0,疫病前兆
Day06-14:50,6,14,50,23.3,60.6,11.6,943.0,34.2,38.8,0,疫病前兆
Day06-14:51,6,14,51,23.8,60.1,9.8,892.0,35.5,40.4,0,疫病前兆
Day06-14:52,6,14,52,23.4,60.3,7.5,997.0,32.7,38.0,0,疫病前兆
Day06-14:53,6,14,53,23.2,61.9,9.7,862.0,37.4,38.4,0,疫病前兆
Day06-14:54,6,14,54,23.7,59.7,10.6,904.0,25.8,41.3,0,疫病前兆
Day06-14:55,6,14,55,23.7,62.0,7.0,956.0,34.9,38.0,0,疫病前兆
Day06-14:56,6,14,56,23.7,61.9,11.1,912.0,34.0,38.6,0,疫病前兆
Day06-14:57,6,14,57,23.9,60.5,9.9,967.0,30.7,38.7,0,疫病前兆
Day06-14:58,6,14,58,23.7,62.5,9.6,877.0,39.8,38.2,0,疫病前兆
Day06-14:59,6,14,59,23.5,63.8,9.8,897.0,28.1,38.6,0,疫病前兆
Day06-15:00,6,15,0,23.1,62.7,10.6,859.0,38.9,40.9,0,疫病前兆
Day06-15:01,6,15,1,23.1,63.0,7.5,941.0,40.3,38.5,0,疫病前兆
Day06-15:02,6,15,2,22.5,60.9,13.3,909.0,33.5,38.7,0,疫病前兆
Day06-15:03,6,15,3,22.6,63.4,11.5,811.0,43.8,38.9,0,疫病前兆
Day06-15:04,6,15,4,22.7,63.4,14.0,863.0,31.9,38.5,0,疫病前兆
Day06-15:05,6,15,5,23.0,64.0,9.9,865.0,30.7,38.9,0,疫病前兆
Day06-15:06,6,15,6,22.8,63.2,12.2,927.0,35.7,38.4,0,疫病前兆
Day06-15:07,6,15,7,22.8,62.8,10.7,771.0,31.1,41.3,0,疫病前兆
Day06-15:08,6,15,8,22.3,62.7,11.6,896.0,36.5,38.6,0,疫病前兆
Day06-15:09,6,15,9,22.6,63.1,12.7,863.0,36.8,38.2,0,疫病前兆
Day06-15:10,6,15,10,22.9,62.1,12.3,840.0,30.4,38.4,0,疫病前兆
Day06-15:11,6,15,11,22.7,62.4,9.2,922.0,39.9,40.3,0,疫病前兆
Day06-15:12,6,15,12,23.2,61.9,9.3,855.0,35.7,38.3,0,疫病前兆
Day06-15:13,6,15,13,22.9,63.1,10.9,848.0,31.7,39.2,0,疫病前兆
Day06-15:14,6,15,14,22.9,62.4,12.6,926.0,30.5,41.0,0,疫病前兆
Day06-15:15,6,15,15,22.3,63.8,13.4,859.0,30.1,38.4,0,疫病前兆
Day06-15:16,6,15,16,22.6,63.7,9.3,817.0,36.0,38.8,0,疫病前兆
Day06-15:17,6,15,17,23.0,64.3,10.0,845.0,27.9,38.7,0,疫病前兆
Day06-15:18,6,15,18,22.6,63.7,11.4,885.0,33.7,38.5,0,疫病前兆
Day06-15:19,6,15,19,22.3,63.2,10.9,881.0,29.0,38.9,0,疫病前兆
Day06-15:20,6,15,20,22.8,62.2,8.4,804.0,32.9,38.5,0,疫病前兆
Day06-15:21,6,15,21,22.6,63.2,10.0,871.0,36.6,41.2,0,疫病前兆
Day06-15:22,6,15,22,23.0,64.2,9.2,825.0,38.2,38.1,0,疫病前兆
Day06-15:23,6,15,23,23.4,62.5,9.2,867.0,29.0,40.5,0,疫病前兆
Day06-15:24,6,15,24,23.0,63.0,10.3,916.0,24.3,41.3,0,疫病前兆
Day06-15:25,6,15,25,23.6,63.6,8.6,833.0,43.3,38.7,0,疫病前兆
Day06-15:26,6,15,26,23.0,62.2,12.9,811.0,39.4,38.7,0,疫病前兆
Day06-15:27,6,15,27,22.6,62.0,8.8,912.0,40.1,38.4,0,疫病前兆
Day06-15:28,6,15,28,22.2,62.6,11.8,778.0,51.9,37.9,0,疫病前兆
Day06-15:29,6,15,29,22.8,62.9,8.4,868.0,36.1,38.9,0,疫病前兆
Day06-15:30,6,15,30,22.8,61.8,7.3,908.0,33.9,38.1,0,疫病前兆
Day06-15:31,6,15,31,22.8,63.3,10.9,943.0,32.1,38.5,0,疫病前兆
Day06-15:32,6,15,32,22.6,61.9,9.9,861.0,29.6,38.3,0,疫病前兆
Day06-15:33,6,15,33,22.9,63.3,14.5,910.0,37.9,38.6,0,疫病前兆
Day06-15:34,6,15,34,22.3,63.2,6.8,868.0,37.0,38.4,0,疫病前兆
Day06-15:35,6,15,35,22.6,65.0,11.3,957.0,28.5,38.7,0,疫病前兆
Day06-15:36,6,15,36,23.0,62.3,10.1,885.0,37.5,38.6,0,疫病前兆
Day06-15:37,6,15,37,22.6,64.4,9.3,999.0,43.8,40.4,0,疫病前兆
Day06-15:38,6,15,38,22.4,63.6,8.8,906.0,37.9,38.7,0,疫病前兆
Day06-15:39,6,15,39,23.1,62.3,10.7,1061.0,36.4,38.9,0,疫病前兆
Day06-15:40,6,15,40,23.1,63.0,11.5,896.0,38.0,38.1,0,疫病前兆
Day06-15:41,6,15,41,23.3,63.8,11.4,949.0,32.0,38.1,0,疫病前兆
Day06-15:42,6,15,42,22.8,64.5,11.3,850.0,35.7,38.3,0,疫病前兆
Day06-15:43,6,15,43,22.9,62.1,12.6,817.0,34.0,38.6,0,疫病前兆
Day06-15:44,6,15,44,22.5,63.9,8.9,867.0,33.3,40.4,0,疫病前兆
Day06-15:45,6,15,45,22.2,63.1,12.6,890.0,41.9,41.3,0,疫病前兆
Day06-15:46,6,15,46,22.9,63.3,12.5,836.0,39.9,40.4,0,疫病前兆
Day06-15:47,6,15,47,22.8,62.4,10.8,900.0,35.6,39.2,0,疫病前兆
Day06-15:48,6,15,48,23.0,63.5,11.6,1034.0,44.3,38.5,0,疫病前兆
Day06-15:49,6,15,49,22.9,62.1,11.6,911.0,31.0,41.1,0,疫病前兆
Day06-15:50,6,15,50,22.6,64.5,12.6,912.0,33.1,38.3,0,疫病前兆
Day06-15:51,6,15,51,22.6,62.5,11.7,880.0,29.9,38.8,0,疫病前兆
Day06-15:52,6,15,52,23.0,62.1,11.3,889.0,32.3,38.8,0,疫病前兆
Day06-15:53,6,15,53,22.8,61.7,9.6,897.0,35.5,38.7,0,疫病前兆
Day06-15:54,6,15,54,23.5,64.6,7.6,873.0,36.9,38.7,0,疫病前兆
Day06-15:55,6,15,55,22.7,61.6,8.2,847.0,49.1,37.9,0,疫病前兆
Day06-15:56,6,15,56,22.9,63.8,7.5,927.0,33.2,40.8,0,疫病前兆
Day06-15:57,6,15,57,23.3,62.2,12.5,846.0,34.5,38.6,0,疫病前兆
Day06-15:58,6,15,58,22.8,62.4,12.3,901.0,38.5,38.7,0,疫病前兆
Day06-15:59,6,15,59,22.5,63.4,9.7,874.0,29.5,38.6,0,疫病前兆
Day06-16:00,6,16,0,22.1,64.7,9.5,764.0,42.2,41.4,0,疫病前兆
Day06-16:01,6,16,1,21.7,64.8,9.5,769.0,30.2,39.3,0,疫病前兆
Day06-16:02,6,16,2,22.3,64.8,9.0,700.0,36.1,38.3,0,疫病前兆
Day06-16:03,6,16,3,22.1,64.3,11.7,748.0,39.9,39.0,0,疫病前兆
Day06-16:04,6,16,4,22.0,65.3,11.2,791.0,32.9,38.7,0,疫病前兆
Day06-16:05,6,16,5,22.3,66.3,10.9,839.0,37.6,40.8,0,疫病前兆
Day06-16:06,6,16,6,21.5,63.1,11.7,822.0,39.1,38.1,0,疫病前兆
Day06-16:07,6,16,7,22.0,64.4,13.7,814.0,27.2,38.2,0,疫病前兆
Day06-16:08,6,16,8,21.7,66.0,9.3,722.0,32.7,38.7,0,疫病前兆
Day06-16:09,6,16,9,21.8,64.8,10.4,842.0,32.7,38.6,0,疫病前兆
Day06-16:10,6,16,10,21.5,65.8,13.5,838.0,37.4,38.7,0,疫病前兆
Day06-16:11,6,16,11,22.6,64.9,10.5,842.0,36.3,38.5,0,疫病前兆
Day06-16:12,6,16,12,22.6,64.7,11.2,824.0,35.6,38.8,0,疫病前兆
Day06-16:13,6,16,13,21.9,65.1,9.9,866.0,43.1,38.4,0,疫病前兆
Day06-16:14,6,16,14,21.7,64.8,10.6,786.0,31.4,38.6,0,疫病前兆
Day06-16:15,6,16,15,22.0,66.4,9.2,857.0,34.6,41.0,0,疫病前兆
Day06-16:16,6,16,16,22.3,65.9,8.6,774.0,31.8,41.4,0,疫病前兆
Day06-16:17,6,16,17,21.9,65.3,9.7,808.0,31.3,40.7,0,疫病前兆
Day06-16:18,6,16,18,21.9,65.5,10.5,709.0,37.4,38.6,0,疫病前兆
Day06-16:19,6,16,19,22.8,65.1,9.1,835.0,36.7,40.6,0,疫病前兆
Day06-16:20,6,16,20,22.7,65.3,10.3,831.0,31.1,38.3,0,疫病前兆
Day06-16:21,6,16,21,21.9,65.2,13.5,832.0,25.6,38.5,0,疫病前兆
Day06-16:22,6,16,22,22.1,64.3,10.5,805.0,31.3,38.7,0,疫病前兆
Day06-16:23,6,16,23,21.9,65.0,12.7,764.0,28.0,40.7,0,疫病前兆
Day06-16:24,6,16,24,21.8,65.9,8.8,754.0,32.6,38.1,0,疫病前兆
Day06-16:25,6,16,25,21.8,63.7,8.8,776.0,30.7,38.8,0,疫病前兆
Day06-16:26,6,16,26,21.9,64.6,9.4,770.0,45.5,38.6,0,疫病前兆
Day06-16:27,6,16,27,22.2,66.9,10.5,765.0,28.7,38.5,0,疫病前兆
Day06-16:28,6,16,28,22.5,65.4,10.4,750.0,39.6,40.4,0,疫病前兆
Day06-16:29,6,16,29,22.1,67.3,11.0,780.0,38.1,41.2,0,疫病前兆
Day06-16:30,6,16,30,22.4,64.2,9.6,801.0,36.3,38.7,0,疫病前兆
Day06-16:31,6,16,31,22.1,65.1,9.1,842.0,30.4,40.7,0,疫病前兆
Day06-16:32,6,16,32,21.8,64.7,10.2,746.0,43.0,41.2,0,疫病前兆
Day06-16:33,6,16,33,21.7,64.0,13.1,875.0,42.8,38.4,0,疫病前兆
Day06-16:34,6,16,34,21.9,66.2,10.3,812.0,39.6,38.4,0,疫病前兆
Day06-16:35,6,16,35,22.4,65.0,12.2,806.0,42.1,38.3,0,疫病前兆
Day06-16:36,6,16,36,22.0,66.0,10.1,742.0,34.5,38.5,0,疫病前兆
Day06-16:37,6,16,37,22.2,64.8,9.3,750.0,46.7,41.1,0,疫病前兆
Day06-16:38,6,16,38,22.3,65.7,10.5,758.0,35.6,40.7,0,疫病前兆
Day06-16:39,6,16,39,22.2,64.6,10.7,875.0,26.3,38.0,0,疫病前兆
Day06-16:40,6,16,40,21.8,64.8,11.6,835.0,35.7,38.7,0,疫病前兆
Day06-16:41,6,16,41,21.7,65.1,12.4,785.0,36.8,38.2,0,疫病前兆
Day06-16:42,6,16,42,22.1,63.8,12.4,714.0,37.1,40.5,0,疫病前兆
Day06-16:43,6,16,43,22.7,64.6,9.9,823.0,31.8,38.6,0,疫病前兆
Day06-16:44,6,16,44,22.0,64.5,12.6,806.0,35.8,38.7,0,疫病前兆
Day06-16:45,6,16,45,22.0,64.0,8.4,755.0,38.5,38.2,0,疫病前兆
Day06-16:46,6,16,46,22.3,64.3,12.3,713.0,37.8,38.9,0,疫病前兆
Day06-16:47,6,16,47,22.2,65.1,9.2,724.0,43.1,39.0,0,疫病前兆
Day06-16:48,6,16,48,22.1,65.5,13.6,749.0,45.5,38.3,0,疫病前兆
Day06-16:49,6,16,49,22.3,64.1,9.7,778.0,31.8,38.3,0,疫病前兆
Day06-16:50,6,16,50,22.3,65.0,9.8,830.0,40.5,39.0,0,疫病前兆
Day06-16:51,6,16,51,22.3,65.2,9.2,800.0,39.1,38.1,0,疫病前兆
Day06-16:52,6,16,52,21.3,64.7,8.4,925.0,41.5,38.2,0,疫病前兆
Day06-16:53,6,16,53,21.8,63.0,10.9,757.0,41.0,38.3,0,疫病前兆
Day06-16:54,6,16,54,21.7,64.8,8.7,863.0,33.6,38.5,0,疫病前兆
Day06-16:55,6,16,55,22.1,65.1,9.5,823.0,37.3,38.4,0,疫病前兆
Day06-16:56,6,16,56,22.2,63.4,12.0,751.0,37.5,40.4,0,疫病前兆
Day06-16:57,6,16,57,21.5,66.7,12.2,822.0,40.4,38.1,0,疫病前兆
Day06-16:58,6,16,58,21.7,64.2,11.2,799.0,30.9,38.6,0,疫病前兆
Day06-16:59,6,16,59,22.5,64.1,8.3,797.0,40.1,39.0,0,疫病前兆
Day06-17:00,6,17,0,22.1,66.2,9.0,663.0,50.1,38.3,1555.0,疫病前兆
Day06-17:01,6,17,1,21.6,65.7,9.8,752.0,45.7,38.3,1444.0,疫病前兆
Day06-17:02,6,17,2,21.3,68.4,11.6,715.0,52.4,38.6,1601.0,疫病前兆
Day06-17:03,6,17,3,21.1,67.7,8.2,627.0,61.8,38.5,1495.0,疫病前兆
Day06-17:04,6,17,4,21.6,67.8,9.0,744.0,48.1,38.3,1420.0,疫病前兆
Day06-17:05,6,17,5,20.9,66.2,12.5,722.0,49.5,38.1,1408.0,疫病前兆
Day06-17:06,6,17,6,21.0,69.6,9.2,721.0,51.0,38.6,1563.0,疫病前兆
Day06-17:07,6,17,7,20.6,66.3,13.0,736.0,52.6,38.3,1670.0,疫病前兆
Day06-17:08,6,17,8,20.9,66.0,12.1,836.0,48.9,38.8,1575.0,疫病前兆
Day06-17:09,6,17,9,21.0,67.0,9.2,640.0,46.8,38.7,1515.0,疫病前兆
Day06-17:10,6,17,10,20.9,66.3,10.1,768.0,53.3,38.4,1468.0,疫病前兆
Day06-17:11,6,17,11,21.1,68.2,10.2,669.0,51.8,38.4,1566.0,疫病前兆
Day06-17:12,6,17,12,20.8,67.8,11.7,755.0,50.7,38.2,1820.0,疫病前兆
Day06-17:13,6,17,13,21.6,67.2,9.6,765.0,51.5,40.8,1681.0,疫病前兆
Day06-17:14,6,17,14,21.0,66.9,8.6,602.0,44.0,40.8,1502.0,疫病前兆
Day06-17:15,6,17,15,21.6,65.7,11.0,706.0,50.7,38.7,1522.0,疫病前兆
Day06-17:16,6,17,16,21.7,67.6,12.2,766.0,44.4,38.3,1632.0,疫病前兆
Day06-17:17,6,17,17,21.0,68.7,6.6,815.0,44.4,38.4,1451.0,疫病前兆
Day06-17:18,6,17,18,20.8,67.5,8.2,767.0,46.1,41.2,1539.0,疫病前兆
Day06-17:19,6,17,19,21.1,66.0,10.2,778.0,47.8,38.1,1572.0,疫病前兆
Day06-17:20,6,17,20,21.5,66.2,8.4,686.0,47.1,41.4,1682.0,疫病前兆
Day06-17:21,6,17,21,21.2,67.6,13.3,676.0,55.6,40.4,1442.0,疫病前兆
Day06-17:22,6,17,22,21.5,66.1,11.8,821.0,46.5,38.4,1450.0,疫病前兆
Day06-17:23,6,17,23,21.5,66.6,8.7,722.0,47.3,40.4,1514.0,疫病前兆
Day06-17:24,6,17,24,21.3,67.6,10.5,673.0,51.2,40.5,1664.0,疫病前兆
Day06-17:25,6,17,25,21.1,65.6,9.3,720.0,54.5,38.1,1659.0,疫病前兆
Day06-17:26,6,17,26,21.5,68.6,10.8,719.0,48.4,41.5,1662.0,疫病前兆
Day06-17:27,6,17,27,21.4,65.9,8.7,677.0,46.8,38.8,1443.0,疫病前兆
Day06-17:28,6,17,28,21.2,65.9,8.4,699.0,53.7,38.4,1581.0,疫病前兆
Day06-17:29,6,17,29,21.4,65.4,10.3,753.0,49.9,38.3,1682.0,疫病前兆
Day06-17:30,6,17,30,21.4,67.3,11.6,518.0,48.5,38.8,1617.0,疫病前兆
Day06-17:31,6,17,31,21.5,69.3,7.8,697.0,48.7,40.9,1551.0,疫病前兆
Day06-17:32,6,17,32,20.9,67.9,11.7,702.0,39.4,40.7,1716.0,疫病前兆
Day06-17:33,6,17,33,21.7,66.6,8.3,827.0,44.4,38.4,1735.0,疫病前兆
Day06-17:34,6,17,34,20.8,68.0,10.4,712.0,53.9,40.9,1683.0,疫病前兆
Day06-17:35,6,17,35,21.1,66.4,10.9,698.0,48.1,41.3,1549.0,疫病前兆
Day06-17:36,6,17,36,20.9,66.0,9.5,667.0,50.9,38.8,1561.0,疫病前兆
Day06-17:37,6,17,37,21.1,66.4,9.4,760.0,51.1,40.7,1519.0,疫病前兆
Day06-17:38,6,17,38,21.4,68.1,11.3,684.0,41.3,38.3,1653.0,疫病前兆
Day06-17:39,6,17,39,20.3,69.7,9.9,623.0,44.8,41.0,1575.0,疫病前兆
Day06-17:40,6,17,40,21.1,68.2,8.7,730.0,44.8,40.9,1520.0,疫病前兆
Day06-17:41,6,17,41,21.1,67.3,10.9,673.0,48.5,40.7,1512.0,疫病前兆
Day06-17:42,6,17,42,21.3,67.2,9.1,737.0,50.7,37.8,1446.0,疫病前兆
Day06-17:43,6,17,43,21.4,65.5,10.0,656.0,37.6,38.2,1545.0,疫病前兆
Day06-17:44,6,17,44,21.0,66.1,10.0,670.0,50.3,38.6,1539.0,疫病前兆
Day06-17:45,6,17,45,21.1,67.8,9.2,691.0,54.3,40.8,1556.0,疫病前兆
Day06-17:46,6,17,46,21.4,69.0,10.9,686.0,57.3,38.4,1563.0,疫病前兆
Day06-17:47,6,17,47,21.0,68.1,9.1,655.0,55.1,41.4,1479.0,疫病前兆
Day06-17:48,6,17,48,21.4,65.6,8.0,674.0,48.5,38.4,1558.0,疫病前兆
Day06-17:49,6,17,49,21.3,66.4,10.6,632.0,47.9,40.4,1669.0,疫病前兆
Day06-17:50,6,17,50,21.6,67.7,10.4,707.0,45.9,38.7,1638.0,疫病前兆
Day06-17:51,6,17,51,20.9,67.2,10.9,687.0,57.5,38.7,1494.0,疫病前兆
Day06-17:52,6,17,52,21.0,65.8,11.2,673.0,56.4,38.8,1570.0,疫病前兆
Day06-17:53,6,17,53,20.9,66.5,10.9,729.0,43.6,41.3,1426.0,疫病前兆
Day06-17:54,6,17,54,20.9,68.1,14.0,664.0,40.8,38.9,1505.0,疫病前兆
Day06-17:55,6,17,55,21.4,66.2,9.6,759.0,56.4,41.0,1660.0,疫病前兆
Day06-17:56,6,17,56,20.9,67.6,9.8,720.0,56.0,40.6,1794.0,疫病前兆
Day06-17:57,6,17,57,21.5,66.8,11.1,733.0,49.7,38.5,1507.0,疫病前兆
Day06-17:58,6,17,58,21.3,67.2,9.0,692.0,47.5,38.4,1583.0,疫病前兆
Day06-17:59,6,17,59,21.2,65.4,11.2,654.0,49.0,40.6,1539.0,疫病前兆
Day06-18:00,6,18,0,20.5,67.9,8.4,630.0,55.9,38.2,0,疫病前兆
Day06-18:01,6,18,1,20.7,69.2,9.9,574.0,44.6,40.8,0,疫病前兆
Day06-18:02,6,18,2,20.4,70.9,10.0,517.0,46.9,40.9,0,疫病前兆
Day06-18:03,6,18,3,20.2,68.0,5.8,565.0,49.2,41.1,0,疫病前兆
Day06-18:04,6,18,4,20.7,69.3,8.9,611.0,43.1,38.1,0,疫病前兆
Day06-18:05,6,18,5,20.5,68.3,10.2,567.0,46.1,41.5,0,疫病前兆
Day06-18:06,6,18,6,20.6,69.5,9.4,662.0,44.2,38.2,0,疫病前兆
Day06-18:07,6,18,7,20.2,67.4,7.3,733.0,51.3,38.6,0,疫病前兆
Day06-18:08,6,18,8,20.0,69.5,7.9,621.0,49.4,38.1,0,疫病前兆
Day06-18:09,6,18,9,20.6,70.2,9.5,684.0,51.1,38.0,0,疫病前兆
Day06-18:10,6,18,10,20.7,69.6,9.1,645.0,49.9,38.4,0,疫病前兆
Day06-18:11,6,18,11,20.4,69.3,7.8,561.0,54.8,38.8,0,疫病前兆
Day06-18:12,6,18,12,20.8,70.8,10.5,523.0,61.3,38.7,0,疫病前兆
Day06-18:13,6,18,13,20.9,70.6,10.5,554.0,47.9,40.4,0,疫病前兆
Day06-18:14,6,18,14,20.1,69.8,8.8,700.0,44.0,38.6,0,疫病前兆
Day06-18:15,6,18,15,20.5,67.9,9.0,479.0,51.0,38.6,0,疫病前兆
Day06-18:16,6,18,16,20.7,70.6,6.4,566.0,42.8,38.6,0,疫病前兆
Day06-18:17,6,18,17,20.3,68.8,9.4,465.0,44.7,38.2,0,疫病前兆
Day06-18:18,6,18,18,20.9,70.9,8.9,652.0,52.0,38.4,0,疫病前兆
Day06-18:19,6,18,19,20.6,69.0,11.0,607.0,47.3,38.0,0,疫病前兆
Day06-18:20,6,18,20,20.7,67.4,11.2,600.0,48.5,37.7,0,疫病前兆
Day06-18:21,6,18,21,20.3,69.3,7.4,578.0,49.2,40.5,0,疫病前兆
Day06-18:22,6,18,22,20.7,67.8,9.3,663.0,56.4,40.9,0,疫病前兆
Day06-18:23,6,18,23,20.5,68.4,5.9,536.0,50.9,38.7,0,疫病前兆
Day06-18:24,6,18,24,20.3,69.2,8.3,583.0,55.0,38.4,0,疫病前兆
Day06-18:25,6,18,25,20.8,69.8,10.7,574.0,50.8,38.0,0,疫病前兆
Day06-18:26,6,18,26,20.8,69.8,9.3,605.0,55.2,38.5,0,疫病前兆
Day06-18:27,6,18,27,20.4,71.3,11.3,623.0,51.0,40.4,0,疫病前兆
Day06-18:28,6,18,28,20.5,67.7,8.8,603.0,43.1,38.6,0,疫病前兆
Day06-18:29,6,18,29,20.4,69.3,9.9,567.0,42.3,38.5,0,疫病前兆
Day06-18:30,6,18,30,20.1,69.9,10.1,671.0,47.0,41.1,0,疫病前兆
Day06-18:31,6,18,31,20.4,68.6,9.8,574.0,60.3,38.7,0,疫病前兆
Day06-18:32,6,18,32,20.7,69.4,8.6,514.0,47.2,39.0,0,疫病前兆
Day06-18:33,6,18,33,20.3,69.3,8.0,574.0,44.2,38.5,0,疫病前兆
Day06-18:34,6,18,34,20.6,67.9,11.8,598.0,43.1,38.4,0,疫病前兆
Day06-18:35,6,18,35,20.7,68.3,10.8,614.0,55.7,40.5,0,疫病前兆
Day06-18:36,6,18,36,20.7,67.5,8.6,544.0,54.3,40.8,0,疫病前兆
Day06-18:37,6,18,37,20.4,67.4,8.5,650.0,43.8,38.4,0,疫病前兆
Day06-18:38,6,18,38,20.9,69.8,9.3,624.0,57.5,38.6,0,疫病前兆
Day06-18:39,6,18,39,20.9,67.2,7.8,576.0,47.9,40.8,0,疫病前兆
Day06-18:40,6,18,40,20.4,68.5,8.8,542.0,54.7,37.7,0,疫病前兆
Day06-18:41,6,18,41,20.8,69.9,12.1,616.0,43.9,39.1,0,疫病前兆
Day06-18:42,6,18,42,20.3,69.6,11.4,593.0,58.7,38.6,0,疫病前兆
Day06-18:43,6,18,43,20.9,70.6,8.6,552.0,47.5,38.5,0,疫病前兆
Day06-18:44,6,18,44,20.2,68.2,8.5,521.0,49.7,38.4,0,疫病前兆
Day06-18:45,6,18,45,20.2,70.2,10.4,574.0,46.6,38.6,0,疫病前兆
Day06-18:46,6,18,46,20.3,68.6,8.0,638.0,45.6,37.9,0,疫病前兆
Day06-18:47,6,18,47,20.4,69.3,8.9,549.0,54.0,38.6,0,疫病前兆
Day06-18:48,6,18,48,20.5,68.0,7.4,669.0,49.8,38.3,0,疫病前兆
Day06-18:49,6,18,49,20.7,68.3,7.4,562.0,46.7,38.8,0,疫病前兆
Day06-18:50,6,18,50,20.3,66.5,10.8,653.0,44.7,38.5,0,疫病前兆
Day06-18:51,6,18,51,20.5,69.7,10.2,625.0,45.9,38.7,0,疫病前兆
Day06-18:52,6,18,52,20.7,67.6,8.4,548.0,46.5,40.4,0,疫病前兆
Day06-18:53,6,18,53,20.5,68.1,8.8,595.0,51.0,38.4,0,疫病前兆
Day06-18:54,6,18,54,20.4,70.0,8.3,625.0,50.3,41.0,0,疫病前兆
Day06-18:55,6,18,55,20.6,69.2,9.1,571.0,54.8,38.2,0,疫病前兆
Day06-18:56,6,18,56,20.1,69.2,8.3,565.0,46.0,41.2,0,疫病前兆
Day06-18:57,6,18,57,20.5,69.5,8.9,634.0,49.6,38.9,0,疫病前兆
Day06-18:58,6,18,58,20.7,70.2,10.1,607.0,41.7,38.2,0,疫病前兆
Day06-18:59,6,18,59,20.6,67.7,7.4,560.0,60.4,38.7,0,疫病前兆
Day06-19:00,6,19,0,19.9,70.0,5.6,467.0,4.6,38.4,0,疫病前兆
Day06-19:01,6,19,1,20.4,69.9,10.5,503.0,4.3,40.6,0,疫病前兆
Day06-19:02,6,19,2,19.6,72.1,7.8,449.0,9.4,41.1,0,疫病前兆
Day06-19:03,6,19,3,19.5,71.4,7.0,567.0,6.4,40.8,0,疫病前兆
Day06-19:04,6,19,4,19.9,70.0,8.5,383.0,14.2,38.3,0,疫病前兆
Day06-19:05,6,19,5,19.5,71.4,8.5,513.0,10.8,41.0,0,疫病前兆
Day06-19:06,6,19,6,19.5,70.2,8.4,487.0,13.0,38.6,0,疫病前兆
Day06-19:07,6,19,7,20.2,69.2,9.3,511.0,2.9,40.7,0,疫病前兆
Day06-19:08,6,19,8,19.9,71.1,7.8,562.0,9.4,41.3,0,疫病前兆
Day06-19:09,6,19,9,20.1,72.9,7.8,582.0,8.0,38.9,0,疫病前兆
Day06-19:10,6,19,10,19.8,69.5,5.9,503.0,4.7,39.4,0,疫病前兆
Day06-19:11,6,19,11,19.4,70.9,6.5,466.0,10.6,38.4,0,疫病前兆
Day06-19:12,6,19,12,19.6,71.9,10.8,516.0,2.5,38.3,0,疫病前兆
Day06-19:13,6,19,13,19.8,71.6,6.9,519.0,9.9,39.4,0,疫病前兆
Day06-19:14,6,19,14,19.9,71.3,4.8,504.0,8.0,38.7,0,疫病前兆
Day06-19:15,6,19,15,20.2,69.6,6.4,538.0,6.7,38.0,0,疫病前兆
Day06-19:16,6,19,16,20.2,71.7,7.2,529.0,17.9,39.1,0,疫病前兆
Day06-19:17,6,19,17,19.6,70.5,10.0,494.0,3.7,38.5,0,疫病前兆
Day06-19:18,6,19,18,20.0,72.2,10.9,490.0,23.2,40.6,0,疫病前兆
Day06-19:19,6,19,19,20.6,70.9,9.6,521.0,16.3,37.9,0,疫病前兆
Day06-19:20,6,19,20,19.8,70.8,7.3,544.0,10.2,38.6,0,疫病前兆
Day06-19:21,6,19,21,19.7,71.1,9.0,541.0,9.6,41.4,0,疫病前兆
Day06-19:22,6,19,22,19.7,70.3,7.8,543.0,6.8,38.9,0,疫病前兆
Day06-19:23,6,19,23,20.1,71.5,9.8,498.0,9.6,38.6,0,疫病前兆
Day06-19:24,6,19,24,19.8,72.2,5.1,509.0,4.9,40.4,0,疫病前兆
Day06-19:25,6,19,25,20.0,70.1,10.2,533.0,0,38.4,0,疫病前兆
Day06-19:26,6,19,26,20.0,70.5,9.2,464.0,6.8,41.2,0,疫病前兆
Day06-19:27,6,19,27,20.0,70.3,8.2,428.0,0.5,38.7,0,疫病前兆
Day06-19:28,6,19,28,20.0,69.4,7.9,472.0,10.9,38.5,0,疫病前兆
Day06-19:29,6,19,29,19.6,69.7,8.0,521.0,0,41.2,0,疫病前兆
Day06-19:30,6,19,30,20.3,71.5,9.7,478.0,4.2,38.9,0,疫病前兆
Day06-19:31,6,19,31,19.8,70.0,11.3,490.0,9.0,38.0,0,疫病前兆
Day06-19:32,6,19,32,20.1,71.5,8.6,438.0,14.0,38.6,0,疫病前兆
Day06-19:33,6,19,33,19.6,71.8,8.7,458.0,5.1,38.5,0,疫病前兆
Day06-19:34,6,19,34,19.7,70.2,6.4,476.0,1.3,37.9,0,疫病前兆
Day06-19:35,6,19,35,20.0,69.8,7.8,512.0,5.9,40.5,0,疫病前兆
Day06-19:36,6,19,36,19.8,70.9,7.0,543.0,0,38.1,0,疫病前兆
Day06-19:37,6,19,37,20.4,71.6,13.5,525.0,8.1,38.7,0,疫病前兆
Day06-19:38,6,19,38,19.5,72.8,7.6,501.0,16.7,38.5,0,疫病前兆
Day06-19:39,6,19,39,20.4,68.5,8.4,485.0,5.5,38.3,0,疫病前兆
Day06-19:40,6,19,40,20.7,70.4,8.8,467.0,13.1,38.2,0,疫病前兆
Day06-19:41,6,19,41,20.1,70.4,9.4,481.0,3.9,38.4,0,疫病前兆
Day06-19:42,6,19,42,19.3,72.3,10.9,561.0,14.6,41.5,0,疫病前兆
Day06-19:43,6,19,43,20.3,71.6,6.8,513.0,14.5,38.3,0,疫病前兆
Day06-19:44,6,19,44,20.1,71.0,6.7,459.0,13.6,38.8,0,疫病前兆
Day06-19:45,6,19,45,20.5,72.4,8.1,515.0,4.5,38.3,0,疫病前兆
Day06-19:46,6,19,46,20.0,72.5,8.4,542.0,6.5,39.0,0,疫病前兆
Day06-19:47,6,19,47,20.0,71.0,10.6,523.0,11.7,38.9,0,疫病前兆
Day06-19:48,6,19,48,19.4,69.6,9.4,404.0,13.4,38.4,0,疫病前兆
Day06-19:49,6,19,49,20.2,69.7,9.7,493.0,6.9,39.3,0,疫病前兆
Day06-19:50,6,19,50,20.1,71.5,9.1,475.0,7.7,38.7,0,疫病前兆
Day06-19:51,6,19,51,20.0,70.5,9.3,472.0,9.4,40.3,0,疫病前兆
Day06-19:52,6,19,52,20.2,70.4,7.6,545.0,5.0,38.3,0,疫病前兆
Day06-19:53,6,19,53,19.7,72.2,5.5,554.0,14.9,41.0,0,疫病前兆
Day06-19:54,6,19,54,19.8,70.0,8.2,511.0,8.4,37.8,0,疫病前兆
Day06-19:55,6,19,55,20.2,71.4,8.2,567.0,14.2,40.5,0,疫病前兆
Day06-19:56,6,19,56,20.1,69.3,7.7,463.0,3.8,38.7,0,疫病前兆
Day06-19:57,6,19,57,20.0,71.3,7.5,466.0,16.6,38.5,0,疫病前兆
Day06-19:58,6,19,58,20.1,71.9,10.4,505.0,10.8,39.3,0,疫病前兆
Day06-19:59,6,19,59,20.1,70.4,8.5,487.0,9.2,38.1,0,疫病前兆
Day06-20:00,6,20,0,19.6,72.7,8.9,351.0,14.5,38.6,0,疫病前兆
Day06-20:01,6,20,1,19.3,72.9,6.7,459.0,5.8,38.8,0,疫病前兆
Day06-20:02,6,20,2,18.8,73.0,7.9,399.0,10.3,41.0,0,疫病前兆
Day06-20:03,6,20,3,18.9,70.6,6.9,436.0,11.6,38.3,0,疫病前兆
Day06-20:04,6,20,4,19.3,72.2,8.5,313.0,1.8,41.3,0,疫病前兆
Day06-20:05,6,20,5,19.9,71.2,8.5,453.0,9.5,38.2,0,疫病前兆
Day06-20:06,6,20,6,20.0,71.1,6.7,437.0,7.0,38.6,0,疫病前兆
Day06-20:07,6,20,7,18.8,70.0,8.6,389.0,12.8,38.7,0,疫病前兆
Day06-20:08,6,20,8,19.2,71.7,7.2,393.0,6.5,40.6,0,疫病前兆
Day06-20:09,6,20,9,19.6,71.6,7.1,369.0,16.2,38.3,0,疫病前兆
Day06-20:10,6,20,10,19.2,70.2,9.3,428.0,2.7,38.1,0,疫病前兆
Day06-20:11,6,20,11,19.0,71.0,8.2,443.0,3.3,38.5,0,疫病前兆
Day06-20:12,6,20,12,19.5,72.3,7.0,340.0,7.5,40.5,0,疫病前兆
Day06-20:13,6,20,13,19.4,72.8,8.0,395.0,12.7,38.2,0,疫病前兆
Day06-20:14,6,20,14,19.4,71.8,8.8,411.0,8.4,41.4,0,疫病前兆
Day06-20:15,6,20,15,19.4,73.3,5.9,489.0,8.3,38.3,0,疫病前兆
Day06-20:16,6,20,16,19.3,72.6,8.5,372.0,1.3,37.9,0,疫病前兆
Day06-20:17,6,20,17,19.1,73.4,8.8,416.0,3.3,38.1,0,疫病前兆
Day06-20:18,6,20,18,19.7,71.0,7.4,416.0,10.5,38.3,0,疫病前兆
Day06-20:19,6,20,19,19.3,73.3,7.9,377.0,2.7,41.0,0,疫病前兆
Day06-20:20,6,20,20,19.0,70.8,8.8,384.0,9.9,38.2,0,疫病前兆
Day06-20:21,6,20,21,18.9,71.3,7.4,447.0,5.7,38.6,0,疫病前兆
Day06-20:22,6,20,22,19.5,71.5,8.5,309.0,11.6,41.2,0,疫病前兆
Day06-20:23,6,20,23,19.8,71.3,8.7,372.0,8.3,38.8,0,疫病前兆
Day06-20:24,6,20,24,19.4,72.9,7.6,347.0,4.4,41.5,0,疫病前兆
Day06-20:25,6,20,25,19.7,71.9,6.5,420.0,12.0,38.5,0,疫病前兆
Day06-20:26,6,20,26,19.7,73.2,8.9,419.0,6.9,41.1,0,疫病前兆
Day06-20:27,6,20,27,19.8,72.5,8.8,322.0,11.6,40.4,0,疫病前兆
Day06-20:28,6,20,28,19.3,71.3,5.5,466.0,14.3,38.7,0,疫病前兆
Day06-20:29,6,20,29,19.2,70.8,8.4,277.0,10.4,38.5,0,疫病前兆
Day06-20:30,6,20,30,19.5,72.9,7.8,374.0,7.9,38.7,0,疫病前兆
Day06-20:31,6,20,31,19.6,73.0,7.5,369.0,1.2,38.3,0,疫病前兆
Day06-20:32,6,20,32,19.4,71.1,11.3,392.0,11.0,39.0,0,疫病前兆
Day06-20:33,6,20,33,19.7,69.4,6.6,375.0,5.7,41.3,0,疫病前兆
Day06-20:34,6,20,34,19.6,71.8,8.8,458.0,6.1,41.1,0,疫病前兆
Day06-20:35,6,20,35,19.5,72.8,7.0,353.0,11.0,40.7,0,疫病前兆
Day06-20:36,6,20,36,19.4,71.5,8.5,461.0,3.4,38.3,0,疫病前兆
Day06-20:37,6,20,37,19.3,70.7,11.4,357.0,2.2,38.3,0,疫病前兆
Day06-20:38,6,20,38,19.7,74.1,8.1,372.0,9.0,41.2,0,疫病前兆
Day06-20:39,6,20,39,19.2,72.1,7.4,397.0,11.9,38.2,0,疫病前兆
Day06-20:40,6,20,40,19.4,72.9,7.5,364.0,11.4,38.3,0,疫病前兆
Day06-20:41,6,20,41,19.2,73.7,7.0,382.0,0,40.8,0,疫病前兆
Day06-20:42,6,20,42,18.9,72.5,8.2,440.0,8.0,37.7,0,疫病前兆
Day06-20:43,6,20,43,19.8,71.8,7.4,398.0,4.3,38.6,0,疫病前兆
Day06-20:44,6,20,44,19.4,73.0,9.0,426.0,5.9,38.4,0,疫病前兆
Day06-20:45,6,20,45,18.9,73.2,7.6,423.0,9.5,40.6,0,疫病前兆
Day06-20:46,6,20,46,19.7,72.8,7.6,484.0,14.6,37.7,0,疫病前兆
Day06-20:47,6,20,47,19.5,71.3,8.1,356.0,3.6,40.3,0,疫病前兆
Day06-20:48,6,20,48,18.9,71.1,6.3,386.0,17.5,38.1,0,疫病前兆
Day06-20:49,6,20,49,19.6,73.4,11.2,499.0,5.1,38.7,0,疫病前兆
Day06-20:50,6,20,50,18.9,74.3,7.8,396.0,17.9,41.4,0,疫病前兆
Day06-20:51,6,20,51,19.3,73.9,5.5,406.0,8.5,41.0,0,疫病前兆
Day06-20:52,6,20,52,18.9,72.6,7.3,364.0,16.6,39.0,0,疫病前兆
Day06-20:53,6,20,53,19.4,73.4,6.7,369.0,4.5,41.0,0,疫病前兆
Day06-20:54,6,20,54,19.2,72.5,5.4,448.0,3.9,38.5,0,疫病前兆
Day06-20:55,6,20,55,19.6,72.5,8.6,399.0,0,37.8,0,疫病前兆
Day06-20:56,6,20,56,19.0,72.0,8.4,389.0,7.6,38.4,0,疫病前兆
Day06-20:57,6,20,57,19.2,72.4,8.5,357.0,0,41.1,0,疫病前兆
Day06-20:58,6,20,58,19.1,69.5,8.4,350.0,5.9,40.9,0,疫病前兆
Day06-20:59,6,20,59,18.9,72.8,7.9,304.0,11.0,40.9,0,疫病前兆
Day06-21:00,6,21,0,19.3,71.0,8.5,265.0,14.9,38.4,0,疫病前兆
Day06-21:01,6,21,1,19.7,72.9,5.4,319.0,13.4,40.3,0,疫病前兆
Day06-21:02,6,21,2,18.7,73.0,8.0,271.0,2.5,38.5,0,疫病前兆
Day06-21:03,6,21,3,19.0,74.5,6.9,313.0,11.0,38.3,0,疫病前兆
Day06-21:04,6,21,4,19.1,71.8,6.9,240.0,5.9,40.5,0,疫病前兆
Day06-21:05,6,21,5,19.4,71.9,5.2,375.0,8.0,38.6,0,疫病前兆
Day06-21:06,6,21,6,19.4,71.2,6.8,329.0,0,38.4,0,疫病前兆
Day06-21:07,6,21,7,19.0,74.1,9.3,331.0,6.4,38.4,0,疫病前兆
Day06-21:08,6,21,8,19.2,73.3,6.6,352.0,3.1,38.2,0,疫病前兆
Day06-21:09,6,21,9,19.3,73.6,8.6,391.0,7.0,38.3,0,疫病前兆
Day06-21:10,6,21,10,18.6,72.0,6.2,264.0,7.1,40.8,0,疫病前兆
Day06-21:11,6,21,11,19.0,73.5,6.9,296.0,8.6,40.4,0,疫病前兆
Day06-21:12,6,21,12,18.9,71.5,8.4,393.0,4.2,38.1,0,疫病前兆
Day06-21:13,6,21,13,19.1,72.4,5.4,296.0,9.4,41.1,0,疫病前兆
Day06-21:14,6,21,14,19.1,72.4,7.8,266.0,6.1,39.1,0,疫病前兆
Day06-21:15,6,21,15,19.4,72.9,9.4,321.0,1.7,38.7,0,疫病前兆
Day06-21:16,6,21,16,19.1,73.3,6.4,197.0,0.1,40.5,0,疫病前兆
Day06-21:17,6,21,17,19.2,70.4,9.1,394.0,8.7,41.2,0,疫病前兆
Day06-21:18,6,21,18,19.4,71.8,5.1,256.0,7.0,38.2,0,疫病前兆
Day06-21:19,6,21,19,19.4,73.5,5.0,287.0,14.6,40.6,0,疫病前兆
Day06-21:20,6,21,20,19.0,72.0,5.4,375.0,10.8,38.7,0,疫病前兆
Day06-21:21,6,21,21,19.3,70.7,8.6,235.0,13.3,41.3,0,疫病前兆
Day06-21:22,6,21,22,19.2,73.5,5.3,289.0,14.4,38.5,0,疫病前兆
Day06-21:23,6,21,23,19.5,70.9,7.6,265.0,11.7,38.4,0,疫病前兆
Day06-21:24,6,21,24,18.7,73.9,8.1,195.0,12.3,38.1,0,疫病前兆
Day06-21:25,6,21,25,18.8,73.8,6.3,360.0,10.3,38.6,0,疫病前兆
Day06-21:26,6,21,26,18.6,74.3,5.3,304.0,9.3,38.5,0,疫病前兆
Day06-21:27,6,21,27,19.3,71.9,9.6,307.0,16.3,38.7,0,疫病前兆
Day06-21:28,6,21,28,19.0,74.7,4.5,288.0,10.6,40.6,0,疫病前兆
Day06-21:29,6,21,29,19.0,73.0,5.5,364.0,8.0,41.3,0,疫病前兆
Day06-21:30,6,21,30,19.0,71.5,6.9,279.0,17.8,38.7,0,疫病前兆
Day06-21:31,6,21,31,19.6,72.3,8.3,330.0,5.9,38.6,0,疫病前兆
Day06-21:32,6,21,32,18.8,72.3,8.0,325.0,11.8,37.9,0,疫病前兆
Day06-21:33,6,21,33,19.0,72.5,7.3,269.0,4.0,38.6,0,疫病前兆
Day06-21:34,6,21,34,19.8,72.8,4.5,257.0,10.4,38.5,0,疫病前兆
Day06-21:35,6,21,35,19.0,74.2,6.4,363.0,2.5,38.5,0,疫病前兆
Day06-21:36,6,21,36,19.5,74.3,8.9,266.0,5.8,38.0,0,疫病前兆
Day06-21:37,6,21,37,19.4,70.3,11.1,337.0,0.8,38.1,0,疫病前兆
Day06-21:38,6,21,38,19.2,70.7,6.9,261.0,9.8,40.6,0,疫病前兆
Day06-21:39,6,21,39,19.0,72.4,7.0,335.0,3.1,38.4,0,疫病前兆
Day06-21:40,6,21,40,18.9,72.1,9.8,226.0,8.2,38.9,0,疫病前兆
Day06-21:41,6,21,41,19.1,73.8,7.9,307.0,6.0,40.5,0,疫病前兆
Day06-21:42,6,21,42,18.8,73.0,10.0,297.0,11.5,38.3,0,疫病前兆
Day06-21:43,6,21,43,18.9,73.2,7.2,262.0,10.6,38.6,0,疫病前兆
Day06-21:44,6,21,44,19.4,72.9,8.4,291.0,3.9,38.1,0,疫病前兆
Day06-21:45,6,21,45,19.3,72.4,7.0,244.0,12.7,38.4,0,疫病前兆
Day06-21:46,6,21,46,19.4,74.2,9.0,257.0,1.9,38.6,0,疫病前兆
Day06-21:47,6,21,47,19.0,73.7,6.3,325.0,3.7,39.1,0,疫病前兆
Day06-21:48,6,21,48,18.9,73.2,7.7,334.0,0,40.7,0,疫病前兆
Day06-21:49,6,21,49,18.9,72.0,7.8,276.0,6.8,38.4,0,疫病前兆
Day06-21:50,6,21,50,18.5,72.8,5.7,350.0,5.6,38.5,0,疫病前兆
Day06-21:51,6,21,51,18.8,72.6,7.3,301.0,9.5,38.5,0,疫病前兆
Day06-21:52,6,21,52,19.1,72.1,6.5,314.0,5.8,41.0,0,疫病前兆
Day06-21:53,6,21,53,18.6,73.4,7.4,363.0,4.2,38.4,0,疫病前兆
Day06-21:54,6,21,54,18.9,72.2,6.2,329.0,15.0,41.0,0,疫病前兆
Day06-21:55,6,21,55,18.6,73.0,8.4,301.0,14.2,38.6,0,疫病前兆
Day06-21:56,6,21,56,19.4,73.0,6.5,263.0,11.9,38.5,0,疫病前兆
Day06-21:57,6,21,57,19.0,73.8,8.2,395.0,1.6,38.4,0,疫病前兆
Day06-21:58,6,21,58,20.0,72.7,6.9,332.0,8.2,38.3,0,疫病前兆
Day06-21:59,6,21,59,18.9,74.1,7.1,365.0,5.9,38.4,0,疫病前兆
Day06-22:00,6,22,0,19.1,75.2,7.8,275.0,3.1,41.1,0,疫病前兆
Day06-22:01,6,22,1,19.1,72.6,6.5,198.0,5.4,38.2,0,疫病前兆
Day06-22:02,6,22,2,18.8,74.0,6.6,280.0,5.7,38.2,0,疫病前兆
Day06-22:03,6,22,3,19.4,71.4,7.7,171.0,7.6,38.7,0,疫病前兆
Day06-22:04,6,22,4,18.7,74.5,4.5,222.0,8.5,37.7,0,疫病前兆
Day06-22:05,6,22,5,19.3,72.0,8.0,207.0,5.4,40.7,0,疫病前兆
Day06-22:06,6,22,6,18.9,73.3,6.3,185.0,1.0,38.5,0,疫病前兆
Day06-22:07,6,22,7,18.9,74.1,8.8,263.0,8.9,37.8,0,疫病前兆
Day06-22:08,6,22,8,19.2,73.5,5.4,214.0,3.7,38.7,0,疫病前兆
Day06-22:09,6,22,9,19.4,71.4,10.6,199.0,0,38.4,0,疫病前兆
Day06-22:10,6,22,10,19.1,73.6,7.3,218.0,6.9,41.4,0,疫病前兆
Day06-22:11,6,22,11,18.8,72.4,5.1,283.0,5.9,40.5,0,疫病前兆
Day06-22:12,6,22,12,19.2,72.1,8.0,230.0,11.6,41.4,0,疫病前兆
Day06-22:13,6,22,13,18.9,71.6,6.6,212.0,5.4,40.7,0,疫病前兆
Day06-22:14,6,22,14,18.8,73.7,6.4,249.0,6.4,41.2,0,疫病前兆
Day06-22:15,6,22,15,19.1,74.1,8.7,159.0,10.4,40.4,0,疫病前兆
Day06-22:16,6,22,16,19.4,72.4,6.2,199.0,16.4,38.7,0,疫病前兆
Day06-22:17,6,22,17,18.9,73.3,6.6,234.0,2.5,38.5,0,疫病前兆
Day06-22:18,6,22,18,19.1,73.6,5.7,221.0,1.5,37.9,0,疫病前兆
Day06-22:19,6,22,19,19.4,72.2,4.3,197.0,7.9,38.7,0,疫病前兆
Day06-22:20,6,22,20,19.0,73.7,8.3,235.0,14.7,40.5,0,疫病前兆
Day06-22:21,6,22,21,18.7,73.1,5.7,285.0,2.3,38.5,0,疫病前兆
Day06-22:22,6,22,22,18.7,72.1,5.0,312.0,0,38.7,0,疫病前兆
Day06-22:23,6,22,23,19.2,73.5,7.2,274.0,12.3,38.4,0,疫病前兆
Day06-22:24,6,22,24,18.9,73.1,4.6,175.0,10.6,38.6,0,疫病前兆
Day06-22:25,6,22,25,18.9,72.6,6.6,261.0,0,41.5,0,疫病前兆
Day06-22:26,6,22,26,18.9,75.0,4.8,224.0,5.1,38.4,0,疫病前兆
Day06-22:27,6,22,27,19.4,74.1,10.4,281.0,13.7,40.9,0,疫病前兆
Day06-22:28,6,22,28,18.6,72.0,8.8,162.0,0,41.4,0,疫病前兆
Day06-22:29,6,22,29,19.2,73.1,7.1,207.0,9.8,41.0,0,疫病前兆
Day06-22:30,6,22,30,18.8,73.0,4.6,176.0,16.1,38.5,0,疫病前兆
Day06-22:31,6,22,31,18.3,72.9,9.6,209.0,14.4,38.7,0,疫病前兆
Day06-22:32,6,22,32,19.0,73.3,7.0,204.0,2.7,38.5,0,疫病前兆
Day06-22:33,6,22,33,18.8,73.0,6.9,169.0,13.0,38.3,0,疫病前兆
Day06-22:34,6,22,34,18.4,73.0,4.5,185.0,0,38.1,0,疫病前兆
Day06-22:35,6,22,35,18.7,72.9,4.9,212.0,13.8,39.0,0,疫病前兆
Day06-22:36,6,22,36,18.9,72.5,5.4,283.0,11.7,38.3,0,疫病前兆
Day06-22:37,6,22,37,18.3,73.2,6.3,234.0,7.1,38.7,0,疫病前兆
Day06-22:38,6,22,38,19.1,72.9,9.3,295.0,7.2,38.9,0,疫病前兆
Day06-22:39,6,22,39,19.0,69.8,6.9,279.0,17.4,38.8,0,疫病前兆
Day06-22:40,6,22,40,18.7,73.7,5.7,342.0,22.5,41.3,0,疫病前兆
Day06-22:41,6,22,41,19.0,73.1,9.5,271.0,1.3,41.2,0,疫病前兆
Day06-22:42,6,22,42,19.2,74.1,8.0,281.0,14.7,38.4,0,疫病前兆
Day06-22:43,6,22,43,19.4,74.5,6.9,291.0,9.9,38.1,0,疫病前兆
Day06-22:44,6,22,44,18.7,73.8,5.3,251.0,16.5,38.9,0,疫病前兆
Day06-22:45,6,22,45,19.0,71.9,5.2,256.0,0,40.4,0,疫病前兆
Day06-22:46,6,22,46,18.9,72.8,8.1,350.0,7.9,38.3,0,疫病前兆
Day06-22:47,6,22,47,18.6,72.0,9.6,341.0,11.3,38.2,0,疫病前兆
Day06-22:48,6,22,48,19.1,71.7,4.5,307.0,20.5,40.7,0,疫病前兆
Day06-22:49,6,22,49,19.3,72.2,7.8,291.0,6.5,38.3,0,疫病前兆
Day06-22:50,6,22,50,19.0,74.7,5.7,267.0,12.6,38.6,0,疫病前兆
Day06-22:51,6,22,51,18.6,73.7,8.0,224.0,2.8,38.4,0,疫病前兆
Day06-22:52,6,22,52,18.5,71.5,9.1,225.0,1.7,38.6,0,疫病前兆
Day06-22:53,6,22,53,19.0,72.2,8.4,245.0,20.7,40.8,0,疫病前兆
Day06-22:54,6,22,54,18.8,73.3,7.8,311.0,9.2,40.4,0,疫病前兆
Day06-22:55,6,22,55,18.4,72.6,5.9,216.0,6.5,38.2,0,疫病前兆
Day06-22:56,6,22,56,19.3,73.2,6.0,254.0,16.2,39.0,0,疫病前兆
Day06-22:57,6,22,57,18.9,72.8,8.8,367.0,11.1,38.7,0,疫病前兆
Day06-22:58,6,22,58,19.1,73.2,7.2,240.0,0,40.4,0,疫病前兆
Day06-22:59,6,22,59,19.0,71.8,7.6,266.0,9.2,38.2,0,疫病前兆
Day06-23:00,6,23,0,19.2,71.5,4.1,245.0,3.5,38.7,0,疫病前兆
Day06-23:01,6,23,1,19.6,72.5,4.4,282.0,7.6,38.3,0,疫病前兆
Day06-23:02,6,23,2,19.0,71.3,7.6,128.0,0.6,41.0,0,疫病前兆
Day06-23:03,6,23,3,19.0,73.0,4.0,155.0,6.1,38.3,0,疫病前兆
Day06-23:04,6,23,4,18.8,73.8,4.2,255.0,12.1,38.3,0,疫病前兆
Day06-23:05,6,23,5,19.3,72.9,3.4,244.0,4.7,38.1,0,疫病前兆
Day06-23:06,6,23,6,19.3,72.3,7.4,212.0,0.8,38.5,0,疫病前兆
Day06-23:07,6,23,7,19.3,72.9,5.4,235.0,2.6,38.3,0,疫病前兆
Day06-23:08,6,23,8,19.5,73.0,5.1,327.0,9.0,40.8,0,疫病前兆
Day06-23:09,6,23,9,18.8,73.6,5.3,206.0,9.5,40.4,0,疫病前兆
Day06-23:10,6,23,10,18.7,73.8,4.9,283.0,5.5,38.6,0,疫病前兆
Day06-23:11,6,23,11,19.0,73.0,4.3,279.0,0.1,38.2,0,疫病前兆
Day06-23:12,6,23,12,19.0,70.4,7.5,216.0,0.4,39.1,0,疫病前兆
Day06-23:13,6,23,13,18.8,71.3,4.1,276.0,10.0,40.6,0,疫病前兆
Day06-23:14,6,23,14,19.1,71.1,6.6,282.0,3.1,38.5,0,疫病前兆
Day06-23:15,6,23,15,19.3,70.9,8.1,181.0,1.6,38.2,0,疫病前兆
Day06-23:16,6,23,16,19.2,71.6,4.1,186.0,6.2,38.5,0,疫病前兆
Day06-23:17,6,23,17,18.6,72.8,8.2,280.0,8.7,40.6,0,疫病前兆
Day06-23:18,6,23,18,18.6,73.6,6.4,253.0,0,38.6,0,疫病前兆
Day06-23:19,6,23,19,19.5,73.9,6.4,203.0,8.4,40.7,0,疫病前兆
Day06-23:20,6,23,20,19.1,72.5,7.3,186.0,0,38.2,0,疫病前兆
Day06-23:21,6,23,21,19.0,72.4,6.4,278.0,12.9,38.1,0,疫病前兆
Day06-23:22,6,23,22,18.6,72.9,3.5,195.0,5.1,39.0,0,疫病前兆
Day06-23:23,6,23,23,19.1,72.8,4.2,226.0,11.3,38.0,0,疫病前兆
Day06-23:24,6,23,24,19.4,72.3,5.5,238.0,4.4,38.0,0,疫病前兆
Day06-23:25,6,23,25,19.3,75.1,4.8,158.0,9.2,38.6,0,疫病前兆
Day06-23:26,6,23,26,19.2,71.1,6.1,198.0,9.4,38.4,0,疫病前兆
Day06-23:27,6,23,27,19.9,72.7,1.3,149.0,12.7,40.4,0,疫病前兆
Day06-23:28,6,23,28,19.1,73.5,5.8,296.0,5.3,38.6,0,疫病前兆
Day06-23:29,6,23,29,19.0,73.9,5.3,266.0,3.1,38.5,0,疫病前兆
Day06-23:30,6,23,30,19.1,73.0,8.0,205.0,15.9,38.7,0,疫病前兆
Day06-23:31,6,23,31,19.8,73.9,5.9,201.0,10.5,38.4,0,疫病前兆
Day06-23:32,6,23,32,18.9,72.1,7.2,270.0,1.2,38.8,0,疫病前兆
Day06-23:33,6,23,33,19.1,73.3,5.6,238.0,8.8,38.7,0,疫病前兆
Day06-23:34,6,23,34,19.1,71.5,6.8,255.0,5.2,38.0,0,疫病前兆
Day06-23:35,6,23,35,19.0,72.6,5.3,100.0,9.5,38.3,0,疫病前兆
Day06-23:36,6,23,36,18.8,72.1,3.2,160.0,10.9,38.6,0,疫病前兆
Day06-23:37,6,23,37,19.0,71.1,6.0,206.0,5.8,38.3,0,疫病前兆
Day06-23:38,6,23,38,19.1,72.5,8.5,244.0,7.0,38.8,0,疫病前兆
Day06-23:39,6,23,39,18.8,73.4,6.4,171.0,5.0,40.5,0,疫病前兆
Day06-23:40,6,23,40,19.3,72.6,5.2,242.0,10.4,38.5,0,疫病前兆
Day06-23:41,6,23,41,19.3,72.6,9.0,107.0,10.9,38.5,0,疫病前兆
Day06-23:42,6,23,42,19.3,72.4,6.1,162.0,0.5,41.1,0,疫病前兆
Day06-23:43,6,23,43,19.6,73.7,4.6,318.0,14.5,38.2,0,疫病前兆
Day06-23:44,6,23,44,19.2,73.0,5.3,215.0,16.4,38.0,0,疫病前兆
Day06-23:45,6,23,45,18.9,73.7,5.0,256.0,9.4,38.5,0,疫病前兆
Day06-23:46,6,23,46,19.5,72.2,5.9,172.0,11.3,41.2,0,疫病前兆
Day06-23:47,6,23,47,19.6,71.7,7.9,125.0,13.5,38.2,0,疫病前兆
Day06-23:48,6,23,48,19.2,71.7,5.7,281.0,18.1,40.7,0,疫病前兆
Day06-23:49,6,23,49,19.1,71.4,6.2,254.0,2.5,37.8,0,疫病前兆
Day06-23:50,6,23,50,19.1,72.8,4.0,195.0,11.8,38.3,0,疫病前兆
Day06-23:51,6,23,51,18.8,74.6,7.2,191.0,11.3,38.2,0,疫病前兆
Day06-23:52,6,23,52,18.6,73.5,5.2,286.0,11.2,38.4,0,疫病前兆
Day06-23:53,6,23,53,18.6,73.6,5.0,219.0,3.3,38.2,0,疫病前兆
Day06-23:54,6,23,54,19.0,73.0,4.5,71.0,8.3,41.1,0,疫病前兆
Day06-23:55,6,23,55,18.8,71.7,4.4,216.0,4.1,38.4,0,疫病前兆
Day06-23:56,6,23,56,19.3,72.7,6.5,241.0,8.7,38.6,0,疫病前兆
Day06-23:57,6,23,57,19.2,73.5,8.5,239.0,2.7,40.7,0,疫病前兆
Day06-23:58,6,23,58,18.5,72.6,4.6,104.0,2.4,38.5,0,疫病前兆
Day06-23:59,6,23,59,18.7,73.4,4.1,229.0,8.3,38.6,0,疫病前兆
Day07-00:00,7,0,0,19.2,70.9,3.1,164.0,20.3,37.9,0,正常
Day07-00:01,7,0,1,19.3,71.6,5.2,137.0,14.0,38.2,0,正常
Day07-00:02,7,0,2,19.3,71.0,3.9,174.0,20.0,38.3,0,正常
Day07-00:03,7,0,3,19.0,70.7,6.6,197.0,11.4,38.4,0,正常
Day07-00:04,7,0,4,19.8,71.9,2.9,221.0,16.6,38.7,0,正常
Day07-00:05,7,0,5,19.3,71.9,4.0,249.0,19.6,38.6,0,正常
Day07-00:06,7,0,6,18.8,70.0,6.3,241.0,13.2,38.3,0,正常
Day07-00:07,7,0,7,19.2,71.0,6.4,250.0,15.5,38.5,0,正常
Day07-00:08,7,0,8,19.1,71.2,4.5,211.0,10.8,38.4,0,正常
Day07-00:09,7,0,9,19.5,73.8,6.9,213.0,17.7,38.8,0,正常
Day07-00:10,7,0,10,19.4,71.4,6.6,228.0,11.5,38.4,0,正常
Day07-00:11,7,0,11,19.6,73.0,7.4,208.0,20.0,38.2,0,正常
Day07-00:12,7,0,12,19.6,70.0,5.7,221.0,13.1,39.0,0,正常
Day07-00:13,7,0,13,19.8,71.5,7.2,221.0,20.2,38.6,0,正常
Day07-00:14,7,0,14,20.0,71.8,4.8,218.0,13.7,38.3,0,正常
Day07-00:15,7,0,15,19.2,73.0,2.6,271.0,12.0,38.7,0,正常
Day07-00:16,7,0,16,19.9,71.8,5.7,273.0,6.5,38.3,0,正常
Day07-00:17,7,0,17,19.5,71.4,2.4,271.0,15.3,38.7,0,正常
Day07-00:18,7,0,18,18.9,74.0,2.6,281.0,8.8,38.1,0,正常
Day07-00:19,7,0,19,18.9,70.6,7.0,197.0,10.5,38.9,0,正常
Day07-00:20,7,0,20,19.7,71.4,5.6,115.0,12.1,39.2,0,正常
Day07-00:21,7,0,21,19.1,72.4,5.5,177.0,15.3,38.5,0,正常
Day07-00:22,7,0,22,19.4,72.1,5.3,131.0,9.6,38.4,0,正常
Day07-00:23,7,0,23,19.4,72.7,4.1,218.0,13.2,38.5,0,正常
Day07-00:24,7,0,24,19.1,72.3,6.3,252.0,17.3,38.5,0,正常
Day07-00:25,7,0,25,19.4,71.2,5.9,165.0,16.0,38.6,0,正常
Day07-00:26,7,0,26,19.8,70.7,4.5,203.0,14.6,38.3,0,正常
Day07-00:27,7,0,27,19.6,74.6,8.4,228.0,13.1,38.6,0,正常
Day07-00:28,7,0,28,19.2,72.8,5.7,118.0,17.6,38.2,0,正常
Day07-00:29,7,0,29,20.0,72.1,7.6,216.0,14.1,38.7,0,正常
Day07-00:30,7,0,30,19.2,72.4,5.8,182.0,16.2,39.0,0,正常
Day07-00:31,7,0,31,19.0,72.4,6.5,227.0,15.2,38.3,0,正常
Day07-00:32,7,0,32,19.0,70.9,4.9,194.0,12.3,38.0,0,正常
Day07-00:33,7,0,33,19.4,72.0,5.5,246.0,9.3,38.4,0,正常
Day07-00:34,7,0,34,19.4,71.6,3.7,253.0,15.2,38.3,0,正常
Day07-00:35,7,0,35,19.4,71.1,3.3,169.0,11.8,38.4,0,正常
Day07-00:36,7,0,36,19.7,71.3,6.1,123.0,19.1,37.9,0,正常
Day07-00:37,7,0,37,19.8,71.8,6.4,207.0,10.2,38.3,0,正常
Day07-00:38,7,0,38,19.3,72.3,7.4,104.0,10.5,38.3,0,正常
Day07-00:39,7,0,39,19.8,71.8,4.4,256.0,11.5,38.1,0,正常
Day07-00:40,7,0,40,20.1,71.9,6.0,285.0,18.6,38.3,0,正常
Day07-00:41,7,0,41,19.5,71.1,7.0,309.0,8.0,38.6,0,正常
Day07-00:42,7,0,42,19.1,72.1,8.2,224.0,16.4,38.4,0,正常
Day07-00:43,7,0,43,19.5,72.1,6.0,276.0,12.2,38.6,0,正常
Day07-00:44,7,0,44,19.4,72.3,5.0,269.0,6.6,38.3,0,正常
Day07-00:45,7,0,45,19.1,72.1,2.8,186.0,15.3,38.2,0,正常
Day07-00:46,7,0,46,19.4,73.0,3.6,220.0,14.2,38.5,0,正常
Day07-00:47,7,0,47,19.4,73.7,5.3,297.0,14.8,38.3,0,正常
Day07-00:48,7,0,48,19.8,72.2,5.1,244.0,16.1,38.1,0,正常
Day07-00:49,7,0,49,19.2,72.4,3.1,271.0,15.0,38.3,0,正常
Day07-00:50,7,0,50,19.0,70.9,8.9,118.0,16.2,38.5,0,正常
Day07-00:51,7,0,51,19.9,70.9,4.8,269.0,22.4,37.6,0,正常
Day07-00:52,7,0,52,19.2,73.4,4.8,191.0,7.6,38.9,0,正常
Day07-00:53,7,0,53,19.4,71.6,6.0,162.0,13.6,38.1,0,正常
Day07-00:54,7,0,54,19.5,72.0,6.3,132.0,10.4,38.5,0,正常
Day07-00:55,7,0,55,19.5,72.6,7.3,222.0,16.0,38.5,0,正常
Day07-00:56,7,0,56,19.7,73.5,3.9,143.0,0.2,38.4,0,正常
Day07-00:57,7,0,57,19.9,71.3,7.8,207.0,10.1,38.7,0,正常
Day07-00:58,7,0,58,18.9,70.7,5.0,220.0,9.3,38.2,0,正常
Day07-00:59,7,0,59,19.9,72.5,9.3,225.0,16.5,37.8,0,正常
Day07-01:00,7,1,0,19.8,71.6,6.9,142.0,20.4,38.6,0,正常
Day07-01:01,7,1,1,19.7,70.8,4.3,225.0,17.8,38.7,0,正常
Day07-01:02,7,1,2,19.4,71.9,3.1,234.0,19.9,38.3,0,正常
Day07-01:03,7,1,3,19.6,72.6,6.1,217.0,19.5,38.7,0,正常
Day07-01:04,7,1,4,19.9,70.4,5.9,268.0,4.9,38.2,0,正常
Day07-01:05,7,1,5,19.9,70.3,5.0,142.0,2.5,38.6,0,正常
Day07-01:06,7,1,6,20.4,71.3,4.0,239.0,19.1,38.1,0,正常
Day07-01:07,7,1,7,20.5,70.5,3.8,246.0,19.2,39.3,0,正常
Day07-01:08,7,1,8,19.7,69.4,6.2,192.0,10.0,38.7,0,正常
Day07-01:09,7,1,9,19.9,71.5,2.4,167.0,16.5,38.8,0,正常
Day07-01:10,7,1,10,20.0,72.1,2.7,274.0,14.5,38.4,0,正常
Day07-01:11,7,1,11,20.0,68.9,5.6,278.0,15.1,38.6,0,正常
Day07-01:12,7,1,12,19.4,68.9,5.9,213.0,10.9,38.3,0,正常
Day07-01:13,7,1,13,19.9,71.5,4.1,229.0,17.5,38.6,0,正常
Day07-01:14,7,1,14,20.0,69.9,5.9,274.0,7.7,39.3,0,正常
Day07-01:15,7,1,15,19.9,69.1,3.2,160.0,12.2,38.4,0,正常
Day07-01:16,7,1,16,20.2,71.0,5.7,294.0,14.7,38.4,0,正常
Day07-01:17,7,1,17,19.4,70.1,5.7,281.0,14.9,38.1,0,正常
Day07-01:18,7,1,18,19.5,71.2,4.3,262.0,17.3,38.0,0,正常
Day07-01:19,7,1,19,19.4,72.0,6.4,197.0,21.9,38.4,0,正常
Day07-01:20,7,1,20,19.9,70.9,4.1,266.0,13.5,38.2,0,正常
Day07-01:21,7,1,21,20.5,70.3,4.0,221.0,13.2,38.4,0,正常
Day07-01:22,7,1,22,19.4,70.5,4.6,163.0,15.2,38.9,0,正常
Day07-01:23,7,1,23,20.0,69.8,4.1,156.0,20.8,38.2,0,正常
Day07-01:24,7,1,24,19.9,70.7,6.6,224.0,14.9,38.7,0,正常
Day07-01:25,7,1,25,20.5,71.7,7.6,93.0,8.0,38.6,0,正常
Day07-01:26,7,1,26,20.0,69.2,3.8,264.0,20.0,38.4,0,正常
Day07-01:27,7,1,27,19.7,71.7,6.4,192.0,5.1,38.2,0,正常
Day07-01:28,7,1,28,19.8,71.1,7.6,141.0,6.2,38.1,0,正常
Day07-01:29,7,1,29,20.0,70.4,3.6,316.0,17.3,38.7,0,正常
Day07-01:30,7,1,30,20.1,70.6,3.2,222.0,23.3,39.1,0,正常
Day07-01:31,7,1,31,19.7,73.1,3.3,129.0,8.8,38.1,0,正常
Day07-01:32,7,1,32,19.5,70.9,6.4,238.0,13.5,38.2,0,正常
Day07-01:33,7,1,33,20.1,70.3,6.3,190.0,25.0,38.6,0,正常
Day07-01:34,7,1,34,19.6,69.5,3.4,301.0,13.4,38.3,0,正常
Day07-01:35,7,1,35,20.1,70.1,5.4,109.0,19.7,38.5,0,正常
Day07-01:36,7,1,36,19.4,70.6,1.4,81.0,11.9,38.8,0,正常
Day07-01:37,7,1,37,20.1,70.4,4.0,146.0,19.1,39.0,0,正常
Day07-01:38,7,1,38,20.0,71.7,7.3,176.0,14.0,38.6,0,正常
Day07-01:39,7,1,39,19.7,71.0,4.5,311.0,13.2,38.7,0,正常
Day07-01:40,7,1,40,19.9,70.0,7.2,189.0,22.7,38.2,0,正常
Day07-01:41,7,1,41,19.7,72.1,3.1,225.0,15.1,38.3,0,正常
Day07-01:42,7,1,42,19.9,70.9,5.1,207.0,13.6,38.8,0,正常
Day07-01:43,7,1,43,19.9,70.2,3.5,240.0,18.6,38.2,0,正常
Day07-01:44,7,1,44,19.4,71.3,4.6,208.0,14.5,38.2,0,正常
Day07-01:45,7,1,45,20.3,72.9,8.6,198.0,22.3,38.6,0,正常
Day07-01:46,7,1,46,20.1,71.4,4.8,184.0,15.3,38.2,0,正常
Day07-01:47,7,1,47,19.5,70.3,5.3,267.0,18.9,38.2,0,正常
Day07-01:48,7,1,48,20.0,69.2,4.0,170.0,18.6,38.1,0,正常
Day07-01:49,7,1,49,20.5,71.8,5.3,260.0,10.8,38.6,0,正常
Day07-01:50,7,1,50,20.3,70.7,5.3,238.0,10.6,38.4,0,正常
Day07-01:51,7,1,51,19.8,71.8,5.4,277.0,15.7,38.3,0,正常
Day07-01:52,7,1,52,19.7,69.9,5.9,146.0,10.2,38.5,0,正常
Day07-01:53,7,1,53,20.0,70.2,6.2,200.0,12.9,38.4,0,正常
Day07-01:54,7,1,54,20.1,70.9,5.1,117.0,6.9,38.5,0,正常
Day07-01:55,7,1,55,19.6,70.3,4.5,250.0,12.3,37.6,0,正常
Day07-01:56,7,1,56,20.1,70.2,5.2,198.0,12.5,37.9,0,正常
Day07-01:57,7,1,57,19.6,71.2,6.8,247.0,15.4,38.3,0,正常
Day07-01:58,7,1,58,19.9,70.7,5.8,203.0,19.1,38.5,0,正常
Day07-01:59,7,1,59,19.8,71.3,4.1,172.0,17.8,38.6,0,正常
Day07-02:00,7,2,0,20.5,70.7,5.1,225.0,19.2,38.6,0,正常
Day07-02:01,7,2,1,20.3,69.4,4.6,329.0,9.4,38.8,0,正常
Day07-02:02,7,2,2,20.5,70.3,5.6,290.0,11.1,38.2,0,正常
Day07-02:03,7,2,3,20.5,68.9,4.4,338.0,16.7,38.3,0,正常
Day07-02:04,7,2,4,20.2,70.2,5.4,306.0,14.9,37.9,0,正常
Day07-02:05,7,2,5,20.5,69.1,4.5,246.0,11.5,38.6,0,正常
Day07-02:06,7,2,6,20.5,67.8,5.8,277.0,14.7,38.0,0,正常
Day07-02:07,7,2,7,20.4,69.5,3.6,208.0,28.5,37.8,0,正常
Day07-02:08,7,2,8,20.4,68.7,4.9,249.0,13.7,38.1,0,正常
Day07-02:09,7,2,9,20.8,69.5,6.3,352.0,6.1,38.1,0,正常
Day07-02:10,7,2,10,20.9,70.8,5.5,185.0,23.6,38.5,0,正常
Day07-02:11,7,2,11,20.2,69.4,6.1,284.0,21.3,38.6,0,正常
Day07-02:12,7,2,12,20.1,68.8,5.1,275.0,16.8,39.2,0,正常
Day07-02:13,7,2,13,20.7,70.6,5.8,243.0,11.0,38.4,0,正常
Day07-02:14,7,2,14,20.6,67.4,5.5,229.0,14.0,38.4,0,正常
Day07-02:15,7,2,15,21.1,67.8,3.4,267.0,0.4,38.4,0,正常
Day07-02:16,7,2,16,20.3,68.7,4.2,189.0,20.8,38.5,0,正常
Day07-02:17,7,2,17,20.5,69.7,3.9,263.0,0,38.2,0,正常
Day07-02:18,7,2,18,20.4,70.6,5.3,260.0,16.5,38.3,0,正常
Day07-02:19,7,2,19,21.1,69.7,3.9,257.0,17.8,38.8,0,正常
Day07-02:20,7,2,20,20.6,67.8,4.5,319.0,23.4,38.3,0,正常
Day07-02:21,7,2,21,20.3,68.7,4.1,280.0,14.3,38.5,0,正常
Day07-02:22,7,2,22,20.7,68.6,4.5,150.0,11.9,38.2,0,正常
Day07-02:23,7,2,23,20.2,70.0,3.2,339.0,15.5,38.7,0,正常
Day07-02:24,7,2,24,20.4,69.5,5.8,229.0,10.3,38.8,0,正常
Day07-02:25,7,2,25,20.5,69.3,4.7,239.0,19.6,38.2,0,正常
Day07-02:26,7,2,26,20.6,67.2,6.5,343.0,14.3,38.6,0,正常
Day07-02:27,7,2,27,20.3,67.2,4.4,188.0,14.5,39.2,0,正常
Day07-02:28,7,2,28,20.4,70.3,4.9,235.0,5.6,38.4,0,正常
Day07-02:29,7,2,29,20.7,70.8,1.5,300.0,10.1,38.0,0,正常
Day07-02:30,7,2,30,20.1,69.3,4.0,182.0,11.8,38.1,0,正常
Day07-02:31,7,2,31,20.4,69.0,5.0,307.0,19.8,38.7,0,正常
Day07-02:32,7,2,32,20.2,68.4,5.3,289.0,24.1,38.5,0,正常
Day07-02:33,7,2,33,20.7,69.5,3.6,248.0,15.3,38.8,0,正常
Day07-02:34,7,2,34,20.4,69.4,4.0,278.0,16.2,38.5,0,正常
Day07-02:35,7,2,35,20.0,68.5,6.4,205.0,19.7,38.5,0,正常
Day07-02:36,7,2,36,20.7,69.3,8.3,285.0,18.9,37.9,0,正常
Day07-02:37,7,2,37,20.3,68.5,5.4,186.0,8.0,38.2,0,正常
Day07-02:38,7,2,38,20.8,70.1,4.4,219.0,15.5,38.4,0,正常
Day07-02:39,7,2,39,20.8,70.3,5.8,294.0,20.6,38.7,0,正常
Day07-02:40,7,2,40,20.5,67.8,5.1,231.0,15.3,37.8,0,正常
Day07-02:41,7,2,41,20.7,70.0,2.4,314.0,18.5,38.0,0,正常
Day07-02:42,7,2,42,20.1,68.6,6.7,294.0,17.3,38.3,0,正常
Day07-02:43,7,2,43,19.8,69.7,6.4,289.0,20.2,38.7,0,正常
Day07-02:44,7,2,44,19.8,69.0,3.9,224.0,17.0,38.5,0,正常
Day07-02:45,7,2,45,20.8,68.8,5.1,148.0,14.7,38.5,0,正常
Day07-02:46,7,2,46,20.7,70.3,5.7,204.0,23.1,38.6,0,正常
Day07-02:47,7,2,47,20.6,68.6,5.1,253.0,19.2,38.0,0,正常
Day07-02:48,7,2,48,21.0,69.7,5.5,204.0,16.9,38.5,0,正常
Day07-02:49,7,2,49,20.6,68.0,5.6,310.0,18.5,38.2,0,正常
Day07-02:50,7,2,50,20.6,69.3,3.6,336.0,16.6,39.0,0,正常
Day07-02:51,7,2,51,20.1,69.8,4.9,307.0,12.6,38.3,0,正常
Day07-02:52,7,2,52,20.8,70.3,4.8,214.0,11.8,38.1,0,正常
Day07-02:53,7,2,53,20.5,68.9,2.9,263.0,18.2,38.9,0,正常
Day07-02:54,7,2,54,20.6,68.2,5.0,290.0,13.8,38.7,0,正常
Day07-02:55,7,2,55,20.3,69.4,4.6,261.0,3.8,38.9,0,正常
Day07-02:56,7,2,56,20.5,69.6,4.5,307.0,17.0,38.6,0,正常
Day07-02:57,7,2,57,20.5,68.7,3.8,305.0,11.3,38.6,0,正常
Day07-02:58,7,2,58,20.8,67.9,5.7,306.0,4.3,38.5,0,正常
Day07-02:59,7,2,59,21.0,69.1,5.9,183.0,20.4,39.1,0,正常
Day07-03:00,7,3,0,21.3,68.6,5.5,388.0,16.2,38.9,0,正常
Day07-03:01,7,3,1,21.0,67.2,6.2,412.0,27.1,38.2,0,正常
Day07-03:02,7,3,2,21.2,67.8,5.9,308.0,11.5,38.7,0,正常
Day07-03:03,7,3,3,21.6,66.1,7.0,314.0,17.6,38.5,0,正常
Day07-03:04,7,3,4,21.2,65.8,6.7,418.0,11.2,38.2,0,正常
Day07-03:05,7,3,5,21.3,68.1,5.9,289.0,23.2,38.5,0,正常
Day07-03:06,7,3,6,21.0,66.3,2.7,346.0,11.6,38.6,0,正常
Day07-03:07,7,3,7,21.4,68.4,7.3,260.0,16.7,38.9,0,正常
Day07-03:08,7,3,8,20.7,66.8,5.8,355.0,15.4,38.8,0,正常
Day07-03:09,7,3,9,21.3,68.6,5.7,350.0,19.6,39.2,0,正常
Day07-03:10,7,3,10,21.6,67.3,4.9,268.0,19.6,38.3,0,正常
Day07-03:11,7,3,11,21.3,67.7,5.9,308.0,19.5,38.9,0,正常
Day07-03:12,7,3,12,21.0,67.1,3.5,254.0,24.3,38.5,0,正常
Day07-03:13,7,3,13,21.2,67.7,3.2,292.0,18.1,38.2,0,正常
Day07-03:14,7,3,14,21.3,66.4,7.0,230.0,12.2,38.5,0,正常
Day07-03:15,7,3,15,21.1,66.8,5.1,330.0,7.4,38.5,0,正常
Day07-03:16,7,3,16,21.8,65.5,7.7,369.0,19.4,38.8,0,正常
Day07-03:17,7,3,17,21.5,66.9,6.2,324.0,11.4,38.9,0,正常
Day07-03:18,7,3,18,21.1,64.9,4.9,253.0,8.7,38.4,0,正常
Day07-03:19,7,3,19,20.8,66.2,5.3,346.0,15.8,38.7,0,正常
Day07-03:20,7,3,20,21.1,67.9,3.1,392.0,21.1,38.2,0,正常
Day07-03:21,7,3,21,21.3,67.5,6.0,423.0,16.7,38.6,0,正常
Day07-03:22,7,3,22,21.0,69.9,5.2,274.0,8.8,38.6,0,正常
Day07-03:23,7,3,23,21.0,67.2,6.0,318.0,17.7,38.3,0,正常
Day07-03:24,7,3,24,21.3,66.7,4.4,276.0,19.4,38.7,0,正常
Day07-03:25,7,3,25,20.8,64.9,5.0,400.0,11.9,38.2,0,正常
Day07-03:26,7,3,26,21.4,65.3,6.3,430.0,14.1,38.9,0,正常
Day07-03:27,7,3,27,21.0,65.5,7.2,331.0,24.0,38.9,0,正常
Day07-03:28,7,3,28,21.2,65.8,2.8,272.0,21.3,39.0,0,正常
Day07-03:29,7,3,29,20.9,65.3,6.0,331.0,11.4,38.0,0,正常
Day07-03:30,7,3,30,21.4,66.2,4.1,302.0,17.3,38.6,0,正常
Day07-03:31,7,3,31,21.4,66.1,6.7,265.0,15.1,38.4,0,正常
Day07-03:32,7,3,32,21.7,67.2,6.8,257.0,11.4,39.2,0,正常
Day07-03:33,7,3,33,21.5,67.4,3.4,304.0,11.4,38.3,0,正常
Day07-03:34,7,3,34,21.4,66.4,5.3,323.0,16.2,38.7,0,正常
Day07-03:35,7,3,35,21.4,66.0,3.6,331.0,15.6,38.3,0,正常
Day07-03:36,7,3,36,21.8,66.5,0.6,323.0,18.2,38.6,0,正常
Day07-03:37,7,3,37,21.1,67.2,8.5,348.0,6.2,38.9,0,正常
Day07-03:38,7,3,38,21.4,66.1,6.2,361.0,8.8,38.4,0,正常
Day07-03:39,7,3,39,21.4,67.3,6.6,308.0,8.2,38.0,0,正常
Day07-03:40,7,3,40,21.3,66.5,4.3,316.0,14.5,38.8,0,正常
Day07-03:41,7,3,41,21.1,66.7,3.7,286.0,11.9,38.0,0,正常
Day07-03:42,7,3,42,21.1,68.0,3.8,326.0,8.2,38.8,0,正常
Day07-03:43,7,3,43,20.7,68.6,2.8,310.0,10.6,38.9,0,正常
Day07-03:44,7,3,44,21.5,67.9,5.1,214.0,19.8,38.6,0,正常
Day07-03:45,7,3,45,21.3,66.4,6.2,416.0,15.9,38.3,0,正常
Day07-03:46,7,3,46,21.1,68.3,4.3,339.0,21.2,38.6,0,正常
Day07-03:47,7,3,47,21.8,66.5,3.8,345.0,18.4,38.3,0,正常
Day07-03:48,7,3,48,21.1,66.6,4.6,261.0,15.8,38.2,0,正常
Day07-03:49,7,3,49,20.9,68.4,5.6,275.0,15.4,38.6,0,正常
Day07-03:50,7,3,50,21.0,65.5,4.8,410.0,16.2,38.6,0,正常
Day07-03:51,7,3,51,21.3,68.9,6.2,335.0,9.0,38.5,0,正常
Day07-03:52,7,3,52,21.4,66.4,3.3,243.0,8.0,37.8,0,正常
Day07-03:53,7,3,53,21.3,66.3,3.6,272.0,12.3,38.2,0,正常
Day07-03:54,7,3,54,21.2,65.9,5.1,218.0,17.4,38.8,0,正常
Day07-03:55,7,3,55,21.5,68.0,5.1,250.0,15.8,38.3,0,正常
Day07-03:56,7,3,56,20.7,69.6,5.0,407.0,14.5,38.5,0,正常
Day07-03:57,7,3,57,21.5,68.7,5.9,262.0,17.3,39.3,0,正常
Day07-03:58,7,3,58,21.6,67.2,4.0,284.0,16.8,38.6,0,正常
Day07-03:59,7,3,59,21.1,68.4,4.6,370.0,13.6,38.9,0,正常
Day07-04:00,7,4,0,21.7,66.1,8.7,374.0,16.1,39.1,0,正常
Day07-04:01,7,4,1,21.7,64.5,5.0,389.0,16.7,39.3,0,正常
Day07-04:02,7,4,2,22.4,65.7,6.0,335.0,14.5,38.9,0,正常
Day07-04:03,7,4,3,22.2,63.9,8.2,375.0,12.5,38.4,0,正常
Day07-04:04,7,4,4,21.8,65.3,10.6,450.0,16.3,38.3,0,正常
Day07-04:05,7,4,5,21.7,65.4,4.5,343.0,4.1,38.5,0,正常
Day07-04:06,7,4,6,22.3,65.5,3.9,419.0,13.2,38.1,0,正常
Day07-04:07,7,4,7,21.8,64.7,4.3,366.0,9.6,38.3,0,正常
Day07-04:08,7,4,8,22.1,65.4,5.7,363.0,18.2,38.5,0,正常
Day07-04:09,7,4,9,21.9,65.0,6.7,410.0,17.5,38.3,0,正常
Day07-04:10,7,4,10,21.9,66.0,3.6,421.0,14.1,37.9,0,正常
Day07-04:11,7,4,11,22.7,65.3,8.7,472.0,15.3,38.4,0,正常
Day07-04:12,7,4,12,22.2,64.8,6.4,383.0,14.1,38.4,0,正常
Day07-04:13,7,4,13,21.7,66.1,5.8,361.0,17.3,38.9,0,正常
Day07-04:14,7,4,14,21.6,65.4,5.9,485.0,13.4,38.3,0,正常
Day07-04:15,7,4,15,22.1,65.7,6.4,362.0,14.6,38.2,0,正常
Day07-04:16,7,4,16,22.2,63.5,5.9,447.0,10.1,38.9,0,正常
Day07-04:17,7,4,17,21.9,65.4,5.2,458.0,13.5,38.6,0,正常
Day07-04:18,7,4,18,21.7,65.6,7.1,359.0,9.5,38.5,0,正常
Day07-04:19,7,4,19,22.2,65.6,7.0,388.0,18.6,38.1,0,正常
Day07-04:20,7,4,20,22.0,64.7,8.1,476.0,6.6,38.9,0,正常
Day07-04:21,7,4,21,21.7,66.2,5.6,336.0,13.0,38.9,0,正常
Day07-04:22,7,4,22,22.4,65.7,8.2,353.0,12.0,38.8,0,正常
Day07-04:23,7,4,23,22.1,64.9,5.8,402.0,16.9,38.5,0,正常
Day07-04:24,7,4,24,22.2,64.0,4.6,374.0,17.4,38.7,0,正常
Day07-04:25,7,4,25,22.3,66.4,7.2,361.0,8.5,38.8,0,正常
Day07-04:26,7,4,26,21.8,65.9,7.6,400.0,7.8,38.4,0,正常
Day07-04:27,7,4,27,21.4,63.3,3.1,431.0,14.3,38.3,0,正常
Day07-04:28,7,4,28,22.3,64.8,1.9,374.0,14.7,38.4,0,正常
Day07-04:29,7,4,29,21.7,65.3,7.2,451.0,13.5,38.7,0,正常
Day07-04:30,7,4,30,22.2,64.7,7.1,360.0,19.2,38.5,0,正常
Day07-04:31,7,4,31,21.8,66.2,4.9,444.0,16.9,38.5,0,正常
Day07-04:32,7,4,32,22.2,64.4,6.3,323.0,15.9,38.5,0,正常
Day07-04:33,7,4,33,22.1,64.9,4.8,418.0,10.2,38.5,0,正常
Day07-04:34,7,4,34,22.0,65.7,7.6,472.0,9.7,38.0,0,正常
Day07-04:35,7,4,35,22.3,65.6,4.3,477.0,26.4,38.0,0,正常
Day07-04:36,7,4,36,22.0,65.2,7.4,368.0,3.9,38.5,0,正常
Day07-04:37,7,4,37,22.0,65.2,4.6,412.0,22.5,38.4,0,正常
Day07-04:38,7,4,38,22.6,63.3,6.1,340.0,20.3,38.4,0,正常
Day07-04:39,7,4,39,22.4,65.9,6.2,439.0,12.4,38.2,0,正常
Day07-04:40,7,4,40,21.4,65.4,7.9,389.0,28.8,38.2,0,正常
Day07-04:41,7,4,41,21.7,65.5,1.5,379.0,15.5,38.2,0,正常
Day07-04:42,7,4,42,22.3,66.1,4.0,299.0,22.8,38.8,0,正常
Day07-04:43,7,4,43,22.2,65.6,5.2,488.0,16.4,38.3,0,正常
Day07-04:44,7,4,44,21.8,65.0,4.9,347.0,20.4,38.9,0,正常
Day07-04:45,7,4,45,22.4,65.3,4.9,387.0,14.3,38.3,0,正常
Day07-04:46,7,4,46,22.2,67.1,3.0,401.0,11.3,38.5,0,正常
Day07-04:47,7,4,47,22.0,65.6,5.6,465.0,22.6,37.8,0,正常
Day07-04:48,7,4,48,21.9,63.7,4.4,423.0,22.6,38.3,0,正常
Day07-04:49,7,4,49,22.4,63.5,7.2,350.0,21.6,38.2,0,正常
Day07-04:50,7,4,50,21.9,64.0,5.9,396.0,7.9,39.1,0,正常
Day07-04:51,7,4,51,22.2,64.4,6.9,440.0,21.7,38.5,0,正常
Day07-04:52,7,4,52,22.1,65.1,7.2,378.0,16.5,38.4,0,正常
Day07-04:53,7,4,53,22.0,64.3,7.8,426.0,21.9,37.8,0,正常
Day07-04:54,7,4,54,21.7,63.0,5.3,439.0,15.2,38.0,0,正常
Day07-04:55,7,4,55,22.0,63.8,4.2,315.0,9.0,38.6,0,正常
Day07-04:56,7,4,56,22.2,65.0,5.1,293.0,16.8,38.7,0,正常
Day07-04:57,7,4,57,21.7,63.5,6.4,471.0,16.4,38.8,0,正常
Day07-04:58,7,4,58,22.0,66.2,4.9,411.0,6.4,38.7,0,正常
Day07-04:59,7,4,59,21.2,63.8,5.8,368.0,25.5,38.1,0,正常
Day07-05:00,7,5,0,22.6,64.3,5.9,428.0,9.6,38.3,0,正常
Day07-05:01,7,5,1,22.7,65.3,5.9,497.0,8.3,37.9,0,正常
Day07-05:02,7,5,2,22.1,62.0,5.8,410.0,14.8,38.5,0,正常
Day07-05:03,7,5,3,22.7,62.8,6.3,423.0,13.9,38.8,0,正常
Day07-05:04,7,5,4,23.2,64.3,5.2,500.0,13.9,38.1,0,正常
Day07-05:05,7,5,5,22.8,62.6,5.0,487.0,18.8,38.6,0,正常
Day07-05:06,7,5,6,22.9,64.7,2.1,457.0,15.4,38.9,0,正常
Day07-05:07,7,5,7,22.9,62.8,5.9,500.0,20.3,38.0,0,正常
Day07-05:08,7,5,8,22.7,63.1,5.0,476.0,15.6,38.7,0,正常
Day07-05:09,7,5,9,22.9,61.1,6.4,580.0,21.0,38.9,0,正常
Day07-05:10,7,5,10,22.9,63.6,2.7,569.0,14.0,38.5,0,正常
Day07-05:11,7,5,11,22.4,65.3,5.3,408.0,22.6,39.0,0,正常
Day07-05:12,7,5,12,22.7,62.6,4.1,507.0,13.2,38.6,0,正常
Day07-05:13,7,5,13,22.9,61.6,5.7,497.0,18.1,38.8,0,正常
Day07-05:14,7,5,14,22.7,64.1,4.8,439.0,15.5,38.7,0,正常
Day07-05:15,7,5,15,23.1,62.4,6.3,477.0,20.5,39.0,0,正常
Day07-05:16,7,5,16,22.5,61.9,6.8,432.0,14.3,38.4,0,正常
Day07-05:17,7,5,17,22.6,62.1,5.9,499.0,19.3,38.3,0,正常
Day07-05:18,7,5,18,22.6,62.2,4.8,459.0,23.8,38.3,0,正常
Day07-05:19,7,5,19,22.8,63.9,6.8,497.0,11.2,38.2,0,正常
Day07-05:20,7,5,20,22.7,62.0,5.0,416.0,16.7,38.8,0,正常
Day07-05:21,7,5,21,22.8,62.3,5.1,433.0,13.4,38.6,0,正常
Day07-05:22,7,5,22,23.1,63.2,6.7,511.0,17.0,38.1,0,正常
Day07-05:23,7,5,23,22.9,63.2,3.6,444.0,18.4,38.1,0,正常
Day07-05:24,7,5,24,22.6,62.9,6.6,524.0,9.1,38.3,0,正常
Day07-05:25,7,5,25,22.6,63.3,7.0,523.0,12.3,38.0,0,正常
Day07-05:26,7,5,26,22.5,64.1,6.8,521.0,14.5,37.7,0,正常
Day07-05:27,7,5,27,23.2,60.5,7.3,490.0,10.5,38.6,0,正常
Day07-05:28,7,5,28,22.4,62.5,6.6,525.0,4.0,38.8,0,正常
Day07-05:29,7,5,29,22.5,63.7,4.9,501.0,15.3,38.4,0,正常
Day07-05:30,7,5,30,22.9,60.5,7.9,575.0,21.3,38.3,0,正常
Day07-05:31,7,5,31,22.9,64.4,7.5,520.0,16.5,38.6,0,正常
Day07-05:32,7,5,32,23.4,63.7,7.5,508.0,7.8,38.5,0,正常
Day07-05:33,7,5,33,23.5,62.5,6.1,467.0,13.3,38.4,0,正常
Day07-05:34,7,5,34,22.4,64.2,4.8,411.0,18.7,38.5,0,正常
Day07-05:35,7,5,35,22.5,61.5,4.9,503.0,8.0,38.3,0,正常
Day07-05:36,7,5,36,22.9,63.5,7.5,483.0,15.6,38.5,0,正常
Day07-05:37,7,5,37,22.1,63.1,6.2,537.0,10.4,38.8,0,正常
Day07-05:38,7,5,38,23.0,63.5,5.7,419.0,12.2,38.4,0,正常
Day07-05:39,7,5,39,23.0,63.3,6.7,503.0,14.8,38.1,0,正常
Day07-05:40,7,5,40,23.0,63.2,5.2,520.0,11.7,37.9,0,正常
Day07-05:41,7,5,41,23.1,62.6,4.7,485.0,20.6,38.2,0,正常
Day07-05:42,7,5,42,23.3,64.7,7.1,458.0,16.6,38.0,0,正常
Day07-05:43,7,5,43,23.1,62.8,5.6,531.0,15.6,38.5,0,正常
Day07-05:44,7,5,44,23.0,63.7,4.3,519.0,14.6,38.2,0,正常
Day07-05:45,7,5,45,22.7,62.2,5.2,509.0,16.5,38.9,0,正常
Day07-05:46,7,5,46,22.7,62.7,4.9,579.0,12.6,39.0,0,正常
Day07-05:47,7,5,47,23.0,61.5,5.2,536.0,17.8,38.6,0,正常
Day07-05:48,7,5,48,22.8,63.1,6.2,504.0,21.7,38.4,0,正常
Day07-05:49,7,5,49,22.5,61.6,6.9,472.0,14.8,38.3,0,正常
Day07-05:50,7,5,50,22.9,63.9,4.1,627.0,12.4,38.3,0,正常
Day07-05:51,7,5,51,22.7,62.8,4.2,451.0,18.3,38.1,0,正常
Day07-05:52,7,5,52,22.5,63.5,3.5,468.0,15.8,38.3,0,正常
Day07-05:53,7,5,53,22.3,62.1,5.8,546.0,21.9,38.1,0,正常
Day07-05:54,7,5,54,22.6,62.1,4.4,482.0,11.9,38.7,0,正常
Day07-05:55,7,5,55,22.8,65.2,5.0,517.0,19.3,38.5,0,正常
Day07-05:56,7,5,56,22.7,63.9,4.4,503.0,9.9,38.7,0,正常
Day07-05:57,7,5,57,23.0,63.4,6.6,558.0,11.9,38.5,0,正常
Day07-05:58,7,5,58,22.6,62.1,5.8,427.0,16.2,38.5,0,正常
Day07-05:59,7,5,59,22.9,63.6,5.2,457.0,13.7,38.5,0,正常
Day07-06:00,7,6,0,23.9,62.6,6.2,680.0,68.9,38.6,0,正常
Day07-06:01,7,6,1,23.0,60.6,6.1,486.0,68.6,38.4,0,正常
Day07-06:02,7,6,2,23.2,61.9,8.1,545.0,76.0,38.1,0,正常
Day07-06:03,7,6,3,23.8,61.4,8.1,608.0,66.7,38.8,0,正常
Day07-06:04,7,6,4,23.6,61.6,6.3,683.0,62.8,38.2,0,正常
Day07-06:05,7,6,5,23.4,60.7,8.3,500.0,70.0,38.1,0,正常
Day07-06:06,7,6,6,23.4,61.4,4.9,657.0,61.4,38.5,0,正常
Day07-06:07,7,6,7,23.6,60.7,5.8,635.0,65.4,38.5,0,正常
Day07-06:08,7,6,8,23.8,59.9,5.7,611.0,60.9,38.1,0,正常
Day07-06:09,7,6,9,23.3,59.4,6.3,570.0,66.4,38.8,0,正常
Day07-06:10,7,6,10,23.4,60.2,6.6,529.0,58.0,38.5,0,正常
Day07-06:11,7,6,11,23.6,61.6,8.1,587.0,58.9,38.2,0,正常
Day07-06:12,7,6,12,24.0,61.6,6.4,570.0,71.7,38.7,0,正常
Day07-06:13,7,6,13,23.5,61.1,5.4,580.0,59.0,38.1,0,正常
Day07-06:14,7,6,14,23.4,59.6,3.6,579.0,66.0,38.5,0,正常
Day07-06:15,7,6,15,23.6,60.2,5.4,625.0,61.4,38.1,0,正常
Day07-06:16,7,6,16,23.5,60.5,6.7,538.0,62.4,38.8,0,正常
Day07-06:17,7,6,17,23.7,62.7,5.1,595.0,64.0,38.8,0,正常
Day07-06:18,7,6,18,23.8,61.4,5.9,672.0,66.5,38.3,0,正常
Day07-06:19,7,6,19,23.0,59.2,5.5,656.0,63.0,38.7,0,正常
Day07-06:20,7,6,20,23.1,62.1,7.2,624.0,65.7,38.7,0,正常
Day07-06:21,7,6,21,23.5,59.9,7.8,661.0,72.6,39.0,0,正常
Day07-06:22,7,6,22,23.8,60.3,6.8,634.0,56.6,38.7,0,正常
Day07-06:23,7,6,23,23.1,59.4,8.9,561.0,59.5,38.6,0,正常
Day07-06:24,7,6,24,23.6,60.7,7.1,626.0,70.3,38.5,0,正常
Day07-06:25,7,6,25,23.5,60.5,5.3,671.0,75.8,39.1,0,正常
Day07-06:26,7,6,26,23.9,60.1,6.1,608.0,63.7,38.7,0,正常
Day07-06:27,7,6,27,24.4,60.8,6.8,564.0,69.4,37.6,0,正常
Day07-06:28,7,6,28,23.9,60.9,6.7,582.0,67.8,38.2,0,正常
Day07-06:29,7,6,29,23.6,60.9,4.4,616.0,65.1,38.2,0,正常
Day07-06:30,7,6,30,23.4,60.0,5.0,703.0,64.7,39.0,0,正常
Day07-06:31,7,6,31,23.4,62.2,6.6,630.0,58.3,38.5,0,正常
Day07-06:32,7,6,32,23.2,61.0,5.7,519.0,66.9,38.1,0,正常
Day07-06:33,7,6,33,23.4,60.2,8.2,620.0,66.8,39.3,0,正常
Day07-06:34,7,6,34,23.2,60.0,10.5,619.0,64.2,38.8,0,正常
Day07-06:35,7,6,35,23.3,61.5,8.1,557.0,66.0,38.9,0,正常
Day07-06:36,7,6,36,23.7,60.3,7.2,652.0,61.8,37.8,0,正常
Day07-06:37,7,6,37,23.5,60.9,8.8,566.0,68.9,38.0,0,正常
Day07-06:38,7,6,38,23.7,62.3,7.3,593.0,61.4,38.4,0,正常
Day07-06:39,7,6,39,23.3,62.6,5.6,647.0,64.9,38.4,0,正常
Day07-06:40,7,6,40,23.7,58.2,6.6,538.0,73.7,38.8,0,正常
Day07-06:41,7,6,41,23.4,61.3,7.8,524.0,64.7,38.0,0,正常
Day07-06:42,7,6,42,23.4,61.8,8.1,608.0,64.7,38.9,0,正常
Day07-06:43,7,6,43,23.6,60.1,5.1,595.0,63.3,38.2,0,正常
Day07-06:44,7,6,44,23.2,61.9,5.6,594.0,71.3,38.7,0,正常
Day07-06:45,7,6,45,23.5,60.7,5.5,629.0,57.5,38.5,0,正常
Day07-06:46,7,6,46,23.6,61.1,9.8,558.0,57.2,38.1,0,正常
Day07-06:47,7,6,47,23.1,61.9,6.7,648.0,66.1,38.4,0,正常
Day07-06:48,7,6,48,23.4,60.0,3.0,630.0,65.0,38.4,0,正常
Day07-06:49,7,6,49,24.3,60.4,5.4,625.0,69.6,38.2,0,正常
Day07-06:50,7,6,50,23.6,61.9,7.1,614.0,62.1,38.2,0,正常
Day07-06:51,7,6,51,23.1,61.6,5.1,534.0,67.5,38.6,0,正常
Day07-06:52,7,6,52,23.7,61.0,9.7,692.0,60.3,38.3,0,正常
Day07-06:53,7,6,53,23.7,62.0,6.2,617.0,52.9,38.2,0,正常
Day07-06:54,7,6,54,23.1,62.0,7.6,643.0,64.7,37.8,0,正常
Day07-06:55,7,6,55,23.5,60.8,7.9,622.0,69.4,38.4,0,正常
Day07-06:56,7,6,56,23.6,59.3,8.7,622.0,53.3,38.4,0,正常
Day07-06:57,7,6,57,23.6,60.4,6.6,671.0,72.5,38.3,0,正常
Day07-06:58,7,6,58,23.5,61.2,8.0,546.0,62.4,38.8,0,正常
Day07-06:59,7,6,59,23.4,61.1,9.3,604.0,70.8,38.9,0,正常
Day07-07:00,7,7,0,23.6,59.8,6.8,813.0,86.7,38.5,2021.0,正常
Day07-07:01,7,7,1,23.7,59.4,6.5,679.0,85.1,38.5,2221.0,正常
Day07-07:02,7,7,2,24.2,61.6,7.3,725.0,82.0,38.9,2174.0,正常
Day07-07:03,7,7,3,24.3,59.4,7.6,727.0,92.8,38.7,2224.0,正常
Day07-07:04,7,7,4,24.2,58.5,5.9,730.0,91.8,38.6,2208.0,正常
Day07-07:05,7,7,5,23.8,58.8,5.3,679.0,94.5,38.1,2284.0,正常
Day07-07:06,7,7,6,24.2,58.8,8.0,577.0,99.8,38.5,2351.0,正常
Day07-07:07,7,7,7,23.5,59.0,7.0,666.0,87.3,38.1,2220.0,正常
Day07-07:08,7,7,8,24.0,58.2,7.0,751.0,80.5,38.5,2196.0,正常
Day07-07:09,7,7,9,23.4,58.7,9.5,731.0,94.0,38.8,2260.0,正常
Day07-07:10,7,7,10,23.8,58.0,6.9,639.0,93.1,38.3,2183.0,正常
Day07-07:11,7,7,11,24.2,60.1,6.6,724.0,86.5,39.0,2154.0,正常
Day07-07:12,7,7,12,23.9,58.7,6.7,756.0,92.5,38.9,2215.0,正常
Day07-07:13,7,7,13,24.5,61.4,10.3,763.0,93.4,38.4,2057.0,正常
Day07-07:14,7,7,14,24.0,59.2,7.0,756.0,83.6,38.9,2129.0,正常
Day07-07:15,7,7,15,24.0,59.9,7.7,782.0,99.6,38.3,2001.0,正常
Day07-07:16,7,7,16,24.2,59.1,6.9,737.0,92.7,38.1,2152.0,正常
Day07-07:17,7,7,17,24.2,57.1,5.9,767.0,90.3,38.2,2356.0,正常
Day07-07:18,7,7,18,24.2,58.6,8.4,731.0,88.4,38.1,2323.0,正常
Day07-07:19,7,7,19,24.1,58.8,9.0,745.0,88.4,38.5,2399.0,正常
Day07-07:20,7,7,20,24.1,61.4,7.1,689.0,90.7,38.2,2084.0,正常
Day07-07:21,7,7,21,24.1,62.5,4.7,728.0,96.7,38.8,2143.0,正常
Day07-07:22,7,7,22,24.0,59.8,7.9,685.0,88.1,38.3,2111.0,正常
Day07-07:23,7,7,23,23.9,58.1,5.4,649.0,100,38.3,2407.0,正常
Day07-07:24,7,7,24,24.3,59.4,5.3,709.0,88.2,38.3,2260.0,正常
Day07-07:25,7,7,25,23.8,60.4,6.0,681.0,83.5,38.6,2164.0,正常
Day07-07:26,7,7,26,24.6,58.6,5.4,647.0,94.8,38.5,2174.0,正常
Day07-07:27,7,7,27,24.6,59.4,6.8,703.0,89.8,38.8,1980.0,正常
Day07-07:28,7,7,28,24.2,60.6,5.8,678.0,96.8,38.6,2149.0,正常
Day07-07:29,7,7,29,24.1,60.0,10.8,608.0,89.0,38.6,2218.0,正常
Day07-07:30,7,7,30,24.6,60.2,6.9,652.0,88.3,38.2,2308.0,正常
Day07-07:31,7,7,31,24.0,60.6,5.7,707.0,90.5,38.6,2193.0,正常
Day07-07:32,7,7,32,24.3,58.6,9.0,613.0,88.0,38.9,2122.0,正常
Day07-07:33,7,7,33,24.5,61.2,9.8,682.0,86.8,38.4,2430.0,正常
Day07-07:34,7,7,34,24.4,59.5,8.2,756.0,100,38.7,2292.0,正常
Day07-07:35,7,7,35,24.7,58.0,8.8,778.0,84.0,38.7,2176.0,正常
Day07-07:36,7,7,36,24.2,60.1,8.0,682.0,88.7,38.4,2126.0,正常
Day07-07:37,7,7,37,23.8,58.9,7.9,686.0,84.6,39.0,2283.0,正常
Day07-07:38,7,7,38,24.0,60.2,6.3,710.0,91.9,38.7,2149.0,正常
Day07-07:39,7,7,39,24.3,59.9,7.8,689.0,83.1,38.4,2371.0,正常
Day07-07:40,7,7,40,25.1,60.5,6.3,690.0,87.6,38.5,2249.0,正常
Day07-07:41,7,7,41,24.2,59.1,7.2,744.0,92.5,38.6,2161.0,正常
Day07-07:42,7,7,42,24.2,59.0,7.7,760.0,90.5,38.6,2469.0,正常
Day07-07:43,7,7,43,24.5,59.1,4.8,730.0,91.2,38.8,2147.0,正常
Day07-07:44,7,7,44,23.9,59.7,4.3,721.0,87.7,38.5,2235.0,正常
Day07-07:45,7,7,45,23.9,59.2,6.6,680.0,91.5,38.1,2503.0,正常
Day07-07:46,7,7,46,24.2,60.1,6.2,656.0,80.1,38.1,2299.0,正常
Day07-07:47,7,7,47,24.3,58.6,6.0,714.0,89.0,38.6,2282.0,正常
Day07-07:48,7,7,48,24.1,61.1,6.2,705.0,95.7,38.7,2211.0,正常
Day07-07:49,7,7,49,24.2,60.3,8.2,709.0,89.5,38.4,2134.0,正常
Day07-07:50,7,7,50,24.4,59.6,6.5,689.0,96.4,38.8,2068.0,正常
Day07-07:51,7,7,51,23.9,59.4,6.6,716.0,93.1,38.1,2112.0,正常
Day07-07:52,7,7,52,23.8,58.3,6.2,604.0,86.4,38.3,2202.0,正常
Day07-07:53,7,7,53,24.5,59.5,6.7,707.0,87.3,38.3,2070.0,正常
Day07-07:54,7,7,54,24.2,58.5,6.1,697.0,87.3,39.2,2340.0,正常
Day07-07:55,7,7,55,24.2,59.4,6.0,665.0,89.4,38.6,2449.0,正常
Day07-07:56,7,7,56,24.2,60.8,7.5,751.0,89.2,38.0,2258.0,正常
Day07-07:57,7,7,57,24.3,57.8,7.9,714.0,90.3,37.8,2205.0,正常
Day07-07:58,7,7,58,24.2,59.1,6.8,733.0,86.1,38.1,2167.0,正常
Day07-07:59,7,7,59,23.9,58.6,9.6,712.0,81.4,38.2,2291.0,正常
Day07-08:00,7,8,0,25.0,59.1,10.0,866.0,92.7,38.3,0,正常
Day07-08:01,7,8,1,24.8,58.7,6.3,794.0,96.6,38.0,0,正常
Day07-08:02,7,8,2,24.5,56.9,8.7,869.0,92.9,38.7,0,正常
Day07-08:03,7,8,3,25.1,58.4,7.1,830.0,80.0,38.0,0,正常
Day07-08:04,7,8,4,24.3,59.6,9.3,799.0,87.1,37.5,0,正常
Day07-08:05,7,8,5,24.5,57.4,8.6,834.0,90.7,38.4,0,正常
Day07-08:06,7,8,6,24.3,57.6,7.8,722.0,92.2,38.6,0,正常
Day07-08:07,7,8,7,24.6,57.4,6.1,762.0,91.5,38.7,0,正常
Day07-08:08,7,8,8,24.6,58.3,9.1,750.0,89.2,38.6,0,正常
Day07-08:09,7,8,9,24.6,60.6,7.6,867.0,87.9,38.8,0,正常
Day07-08:10,7,8,10,24.7,58.2,9.0,791.0,90.4,38.5,0,正常
Day07-08:11,7,8,11,23.9,56.7,6.7,756.0,90.4,38.8,0,正常
Day07-08:12,7,8,12,25.1,56.6,8.3,838.0,86.5,38.3,0,正常
Day07-08:13,7,8,13,24.7,57.5,8.0,773.0,87.9,38.7,0,正常
Day07-08:14,7,8,14,24.6,56.8,8.2,749.0,86.3,38.5,0,正常
Day07-08:15,7,8,15,24.6,57.5,6.0,914.0,94.1,38.7,0,正常
Day07-08:16,7,8,16,24.5,57.6,7.6,726.0,96.5,38.2,0,正常
Day07-08:17,7,8,17,24.4,57.2,10.1,847.0,88.7,37.8,0,正常
Day07-08:18,7,8,18,24.3,57.9,7.1,861.0,97.9,38.0,0,正常
Day07-08:19,7,8,19,25.0,59.1,7.2,807.0,87.9,38.9,0,正常
Day07-08:20,7,8,20,24.7,59.2,10.9,761.0,89.1,38.4,0,正常
Day07-08:21,7,8,21,24.7,58.4,7.4,879.0,81.9,38.2,0,正常
Day07-08:22,7,8,22,24.7,57.1,5.5,788.0,81.9,39.1,0,正常
Day07-08:23,7,8,23,24.9,59.1,10.2,801.0,88.3,38.6,0,正常
Day07-08:24,7,8,24,24.8,57.5,8.7,764.0,96.0,38.0,0,正常
Day07-08:25,7,8,25,24.9,60.1,9.2,748.0,92.8,38.7,0,正常
Day07-08:26,7,8,26,24.4,58.3,11.5,783.0,90.1,38.6,0,正常
Day07-08:27,7,8,27,24.6,57.2,8.1,836.0,85.5,38.6,0,正常
Day07-08:28,7,8,28,24.1,59.1,8.1,781.0,81.9,38.6,0,正常
Day07-08:29,7,8,29,24.6,58.9,10.4,793.0,90.3,38.7,0,正常
Day07-08:30,7,8,30,25.4,57.0,8.9,740.0,81.9,38.5,0,正常
Day07-08:31,7,8,31,24.9,58.9,8.3,864.0,87.1,38.5,0,正常
Day07-08:32,7,8,32,24.5,59.4,9.7,816.0,89.3,38.2,0,正常
Day07-08:33,7,8,33,24.4,58.7,8.3,812.0,83.1,38.5,0,正常
Day07-08:34,7,8,34,24.2,59.0,5.6,798.0,82.0,38.9,0,正常
Day07-08:35,7,8,35,24.1,57.9,9.5,715.0,97.6,38.5,0,正常
Day07-08:36,7,8,36,25.0,56.5,6.7,796.0,82.6,38.5,0,正常
Day07-08:37,7,8,37,24.0,57.9,6.6,775.0,84.3,38.5,0,正常
Day07-08:38,7,8,38,24.8,57.8,8.7,772.0,88.5,38.4,0,正常
Day07-08:39,7,8,39,24.3,58.7,9.7,724.0,89.9,38.8,0,正常
Day07-08:40,7,8,40,24.5,58.9,8.9,759.0,96.6,38.6,0,正常
Day07-08:41,7,8,41,24.3,58.0,6.5,909.0,95.0,38.4,0,正常
Day07-08:42,7,8,42,24.3,59.8,8.2,818.0,99.7,38.3,0,正常
Day07-08:43,7,8,43,24.8,58.4,7.5,741.0,100,38.4,0,正常
Day07-08:44,7,8,44,24.5,57.1,7.9,704.0,86.2,38.9,0,正常
Day07-08:45,7,8,45,24.5,58.9,7.0,816.0,91.7,38.3,0,正常
Day07-08:46,7,8,46,24.7,58.5,9.3,802.0,92.4,38.9,0,正常
Day07-08:47,7,8,47,25.1,57.1,10.8,782.0,89.8,39.4,0,正常
Day07-08:48,7,8,48,24.3,56.7,6.0,862.0,96.5,38.3,0,正常
Day07-08:49,7,8,49,24.4,60.2,8.4,807.0,87.7,38.5,0,正常
Day07-08:50,7,8,50,24.6,59.0,8.1,801.0,87.7,38.7,0,正常
Day07-08:51,7,8,51,24.6,57.0,9.1,773.0,93.5,38.8,0,正常
Day07-08:52,7,8,52,24.3,57.0,9.9,862.0,89.7,38.5,0,正常
Day07-08:53,7,8,53,24.3,57.8,8.0,761.0,95.1,38.7,0,正常
Day07-08:54,7,8,54,24.4,58.3,8.7,796.0,92.9,38.9,0,正常
Day07-08:55,7,8,55,24.8,59.7,8.1,790.0,92.6,38.9,0,正常
Day07-08:56,7,8,56,25.1,58.2,10.3,894.0,89.2,38.7,0,正常
Day07-08:57,7,8,57,24.6,59.2,8.2,868.0,95.4,38.6,0,正常
Day07-08:58,7,8,58,24.6,57.3,8.0,695.0,94.3,38.3,0,正常
Day07-08:59,7,8,59,24.4,54.9,9.7,864.0,85.0,39.1,0,正常
Day07-09:00,7,9,0,24.5,58.6,9.7,882.0,61.2,38.9,0,正常
Day07-09:01,7,9,1,25.0,58.4,7.8,901.0,64.1,38.5,0,正常
Day07-09:02,7,9,2,25.0,56.6,7.3,884.0,65.5,38.6,0,正常
Day07-09:03,7,9,3,24.4,58.5,9.6,837.0,60.8,38.5,0,正常
Day07-09:04,7,9,4,24.8,58.3,5.7,860.0,65.2,38.2,0,正常
Day07-09:05,7,9,5,25.1,57.1,6.3,989.0,65.8,38.4,0,正常
Day07-09:06,7,9,6,24.7,58.7,9.6,953.0,55.3,38.2,0,正常
Day07-09:07,7,9,7,25.2,56.0,8.3,946.0,65.4,38.7,0,正常
Day07-09:08,7,9,8,24.9,58.0,7.1,848.0,65.9,38.8,0,正常
Day07-09:09,7,9,9,25.0,57.6,7.9,825.0,71.7,38.9,0,正常
Day07-09:10,7,9,10,24.9,57.5,7.6,934.0,62.8,38.4,0,正常
Day07-09:11,7,9,11,24.8,56.6,4.9,893.0,72.4,38.8,0,正常
Day07-09:12,7,9,12,24.9,56.9,7.2,925.0,63.8,38.8,0,正常
Day07-09:13,7,9,13,24.9,56.7,5.5,955.0,57.8,38.2,0,正常
Day07-09:14,7,9,14,24.5,56.8,9.0,938.0,63.7,38.6,0,正常
Day07-09:15,7,9,15,24.9,57.7,8.8,860.0,66.3,39.0,0,正常
Day07-09:16,7,9,16,25.1,56.6,6.5,956.0,61.7,38.7,0,正常
Day07-09:17,7,9,17,24.6,58.4,9.3,876.0,70.2,38.1,0,正常
Day07-09:18,7,9,18,24.6,56.5,7.5,958.0,68.4,38.6,0,正常
Day07-09:19,7,9,19,25.7,57.0,9.5,942.0,68.7,38.1,0,正常
Day07-09:20,7,9,20,25.3,56.8,6.9,822.0,62.2,38.9,0,正常
Day07-09:21,7,9,21,24.9,56.9,7.8,874.0,51.0,38.4,0,正常
Day07-09:22,7,9,22,25.8,57.2,10.7,877.0,67.6,38.9,0,正常
Day07-09:23,7,9,23,24.6,59.2,8.0,847.0,60.0,38.6,0,正常
Day07-09:24,7,9,24,25.0,57.3,7.9,851.0,68.2,37.7,0,正常
Day07-09:25,7,9,25,24.7,56.8,9.7,819.0,64.7,38.6,0,正常
Day07-09:26,7,9,26,24.9,57.5,10.6,878.0,69.2,38.0,0,正常
Day07-09:27,7,9,27,24.7,56.5,7.5,811.0,54.0,38.4,0,正常
Day07-09:28,7,9,28,25.2,58.2,9.5,926.0,64.4,38.6,0,正常
Day07-09:29,7,9,29,24.9,59.1,9.1,877.0,61.7,38.3,0,正常
Day07-09:30,7,9,30,24.9,59.3,8.8,915.0,56.1,38.2,0,正常
Day07-09:31,7,9,31,24.5,56.0,6.5,890.0,66.8,39.1,0,正常
Day07-09:32,7,9,32,25.0,55.9,8.9,845.0,66.8,38.7,0,正常
Day07-09:33,7,9,33,24.6,58.0,10.8,824.0,70.9,38.6,0,正常
Day07-09:34,7,9,34,25.2,57.9,11.0,898.0,65.4,38.6,0,正常
Day07-09:35,7,9,35,25.0,56.8,9.1,896.0,69.2,38.3,0,正常
Day07-09:36,7,9,36,25.8,56.9,9.9,863.0,62.4,38.4,0,正常
Day07-09:37,7,9,37,24.8,57.2,9.6,958.0,62.6,39.0,0,正常
Day07-09:38,7,9,38,24.9,56.8,8.6,857.0,59.8,38.3,0,正常
Day07-09:39,7,9,39,25.3,57.8,9.6,871.0,58.9,38.7,0,正常
Day07-09:40,7,9,40,24.7,57.5,8.4,851.0,69.3,38.2,0,正常
Day07-09:41,7,9,41,25.3,56.3,5.5,903.0,67.2,38.9,0,正常
Day07-09:42,7,9,42,25.2,57.5,8.7,902.0,58.0,38.7,0,正常
Day07-09:43,7,9,43,25.0,56.8,8.7,822.0,68.6,38.8,0,正常
Day07-09:44,7,9,44,25.4,58.2,8.8,923.0,61.9,39.0,0,正常
Day07-09:45,7,9,45,24.6,59.0,7.1,910.0,67.0,38.8,0,正常
Day07-09:46,7,9,46,24.6,56.6,9.3,885.0,62.1,38.7,0,正常
Day07-09:47,7,9,47,25.2,56.2,9.0,847.0,69.0,38.2,0,正常
Day07-09:48,7,9,48,25.3,55.7,5.3,825.0,65.4,38.9,0,正常
Day07-09:49,7,9,49,25.3,57.5,8.3,925.0,63.8,38.8,0,正常
Day07-09:50,7,9,50,25.0,57.3,8.8,761.0,64.6,38.5,0,正常
Day07-09:51,7,9,51,24.4,56.8,9.9,828.0,62.8,38.7,0,正常
Day07-09:52,7,9,52,25.1,56.3,8.8,901.0,63.1,38.8,0,正常
Day07-09:53,7,9,53,24.5,56.3,10.4,879.0,66.6,38.6,0,正常
Day07-09:54,7,9,54,25.0,57.7,6.7,905.0,67.0,38.7,0,正常
Day07-09:55,7,9,55,25.0,57.2,8.2,864.0,72.5,38.6,0,正常
Day07-09:56,7,9,56,24.8,58.1,7.0,865.0,64.7,38.6,0,正常
Day07-09:57,7,9,57,25.2,58.0,7.5,863.0,58.0,37.8,0,正常
Day07-09:58,7,9,58,25.0,57.4,5.5,869.0,72.1,38.4,0,正常
Day07-09:59,7,9,59,24.9,56.2,8.7,874.0,62.7,38.5,0,正常
Day07-10:00,7,10,0,25.1,56.6,8.8,990.0,74.6,38.9,0,正常
Day07-10:01,7,10,1,25.0,55.8,10.6,1055.0,67.8,38.8,0,正常
Day07-10:02,7,10,2,25.2,57.0,11.3,1005.0,63.0,38.6,0,正常
Day07-10:03,7,10,3,25.1,58.2,11.8,942.0,60.2,38.4,0,正常
Day07-10:04,7,10,4,25.0,57.0,9.0,959.0,56.1,39.0,0,正常
Day07-10:05,7,10,5,25.4,57.1,10.1,903.0,67.3,38.5,0,正常
Day07-10:06,7,10,6,24.9,57.0,6.6,1043.0,63.1,38.7,0,正常
Day07-10:07,7,10,7,25.7,57.1,8.8,975.0,65.5,39.0,0,正常
Day07-10:08,7,10,8,25.2,56.1,10.6,1041.0,72.4,37.9,0,正常
Day07-10:09,7,10,9,25.3,57.5,5.9,878.0,63.4,38.3,0,正常
Day07-10:10,7,10,10,25.4,56.3,10.6,951.0,67.0,38.9,0,正常
Day07-10:11,7,10,11,25.2,58.1,7.4,999.0,59.9,38.5,0,正常
Day07-10:12,7,10,12,24.9,58.5,8.3,1017.0,61.9,38.2,0,正常
Day07-10:13,7,10,13,25.0,56.9,9.4,852.0,66.2,38.0,0,正常
Day07-10:14,7,10,14,24.9,58.0,10.8,1014.0,66.7,38.6,0,正常
Day07-10:15,7,10,15,25.0,58.1,9.8,916.0,69.9,38.7,0,正常
Day07-10:16,7,10,16,24.8,57.6,10.1,1010.0,61.0,38.8,0,正常
Day07-10:17,7,10,17,25.2,58.0,8.9,967.0,65.3,38.5,0,正常
Day07-10:18,7,10,18,25.3,57.9,11.3,1016.0,60.8,38.2,0,正常
Day07-10:19,7,10,19,25.2,56.4,9.5,948.0,64.0,38.7,0,正常
Day07-10:20,7,10,20,24.7,57.6,11.2,909.0,63.5,38.6,0,正常
Day07-10:21,7,10,21,24.6,56.4,8.8,946.0,59.6,39.0,0,正常
Day07-10:22,7,10,22,25.0,57.3,9.7,938.0,63.8,38.5,0,正常
Day07-10:23,7,10,23,24.7,56.7,10.8,961.0,68.8,38.6,0,正常
Day07-10:24,7,10,24,25.0,56.7,9.6,890.0,67.8,38.8,0,正常
Day07-10:25,7,10,25,25.0,56.9,9.5,1042.0,59.6,38.7,0,正常
Day07-10:26,7,10,26,25.2,58.0,10.6,872.0,75.0,38.9,0,正常
Day07-10:27,7,10,27,25.2,57.9,9.7,962.0,65.9,39.1,0,正常
Day07-10:28,7,10,28,25.0,57.1,9.2,973.0,61.9,38.4,0,正常
Day07-10:29,7,10,29,25.3,57.9,7.9,983.0,64.2,38.4,0,正常
Day07-10:30,7,10,30,24.5,57.3,9.5,923.0,58.7,38.5,0,正常
Day07-10:31,7,10,31,25.0,55.7,11.4,970.0,59.4,38.3,0,正常
Day07-10:32,7,10,32,24.7,58.2,9.5,986.0,75.8,38.0,0,正常
Day07-10:33,7,10,33,24.9,57.5,11.5,921.0,77.5,38.3,0,正常
Day07-10:34,7,10,34,24.7,58.1,10.6,928.0,64.7,38.6,0,正常
Day07-10:35,7,10,35,24.8,58.0,10.9,951.0,57.4,38.3,0,正常
Day07-10:36,7,10,36,25.2,58.4,8.3,880.0,64.6,38.8,0,正常
Day07-10:37,7,10,37,25.4,56.5,9.6,983.0,66.3,38.7,0,正常
Day07-10:38,7,10,38,25.0,56.1,8.3,961.0,69.1,38.0,0,正常
Day07-10:39,7,10,39,24.9,55.9,8.5,863.0,65.1,38.3,0,正常
Day07-10:40,7,10,40,25.1,57.9,8.1,972.0,67.0,38.7,0,正常
Day07-10:41,7,10,41,24.9,56.3,9.4,897.0,68.0,38.3,0,正常
Day07-10:42,7,10,42,24.7,56.9,11.2,977.0,67.5,38.5,0,正常
Day07-10:43,7,10,43,25.3,56.6,10.6,1023.0,65.6,38.7,0,正常
Day07-10:44,7,10,44,24.5,58.2,10.3,938.0,73.7,38.5,0,正常
Day07-10:45,7,10,45,25.0,55.5,9.2,955.0,71.6,38.4,0,正常
Day07-10:46,7,10,46,25.2,57.4,7.9,1001.0,69.7,39.0,0,正常
Day07-10:47,7,10,47,24.5,57.5,8.2,893.0,72.0,39.1,0,正常
Day07-10:48,7,10,48,25.6,57.3,6.9,859.0,70.0,38.3,0,正常
Day07-10:49,7,10,49,25.4,55.9,10.9,948.0,67.8,38.4,0,正常
Day07-10:50,7,10,50,24.8,57.4,11.8,921.0,75.9,38.8,0,正常
Day07-10:51,7,10,51,25.2,58.7,5.7,1015.0,62.3,38.9,0,正常
Day07-10:52,7,10,52,25.3,57.4,9.1,949.0,66.3,38.9,0,正常
Day07-10:53,7,10,53,25.5,58.0,10.2,904.0,65.0,38.9,0,正常
Day07-10:54,7,10,54,25.4,57.4,11.2,992.0,64.7,38.4,0,正常
Day07-10:55,7,10,55,25.8,55.4,9.3,1000.0,68.1,38.7,0,正常
Day07-10:56,7,10,56,24.9,57.3,10.5,871.0,63.3,38.4,0,正常
Day07-10:57,7,10,57,24.6,57.0,9.7,893.0,64.9,39.0,0,正常
Day07-10:58,7,10,58,24.5,56.7,7.9,969.0,64.9,38.2,0,正常
Day07-10:59,7,10,59,24.8,57.9,11.6,883.0,57.8,38.6,0,正常
Day07-11:00,7,11,0,24.9,58.1,12.0,984.0,75.0,38.5,0,正常
Day07-11:01,7,11,1,25.0,57.6,11.6,854.0,69.6,38.8,0,正常
Day07-11:02,7,11,2,25.2,58.0,10.8,1011.0,65.1,38.2,0,正常
Day07-11:03,7,11,3,24.3,57.6,6.9,1009.0,65.6,38.6,0,正常
Day07-11:04,7,11,4,24.7,57.5,6.6,942.0,63.5,38.4,0,正常
Day07-11:05,7,11,5,25.3,59.2,11.1,1038.0,63.4,38.4,0,正常
Day07-11:06,7,11,6,25.0,58.0,8.7,994.0,58.7,38.5,0,正常
Day07-11:07,7,11,7,25.1,58.2,9.2,1004.0,69.7,39.2,0,正常
Day07-11:08,7,11,8,24.5,58.1,9.7,904.0,63.6,38.6,0,正常
Day07-11:09,7,11,9,25.1,58.2,12.8,955.0,61.0,38.5,0,正常
Day07-11:10,7,11,10,24.8,56.8,12.6,1039.0,64.0,38.4,0,正常
Day07-11:11,7,11,11,24.9,56.9,11.4,934.0,69.1,38.3,0,正常
Day07-11:12,7,11,12,24.7,57.4,8.1,1036.0,64.6,38.8,0,正常
Day07-11:13,7,11,13,24.9,56.9,8.2,940.0,68.5,38.8,0,正常
Day07-11:14,7,11,14,24.5,58.4,11.0,930.0,55.6,38.2,0,正常
Day07-11:15,7,11,15,25.4,58.4,9.2,984.0,64.2,38.6,0,正常
Day07-11:16,7,11,16,25.1,57.2,11.3,955.0,70.6,38.4,0,正常
Day07-11:17,7,11,17,24.3,60.4,10.5,950.0,67.4,38.8,0,正常
Day07-11:18,7,11,18,25.1,55.0,11.6,1001.0,63.5,38.7,0,正常
Day07-11:19,7,11,19,25.1,58.0,9.8,873.0,68.4,38.3,0,正常
Day07-11:20,7,11,20,25.6,56.2,9.8,959.0,69.4,38.4,0,正常
Day07-11:21,7,11,21,24.7,57.1,9.5,944.0,57.1,38.0,0,正常
Day07-11:22,7,11,22,24.9,60.0,9.3,989.0,73.8,38.9,0,正常
Day07-11:23,7,11,23,25.4,56.3,9.8,920.0,64.4,38.6,0,正常
Day07-11:24,7,11,24,24.8,58.3,9.5,990.0,71.2,38.9,0,正常
Day07-11:25,7,11,25,24.9,58.7,8.2,979.0,56.4,38.5,0,正常
Day07-11:26,7,11,26,24.6,59.1,8.8,997.0,53.9,38.8,0,正常
Day07-11:27,7,11,27,24.8,58.8,11.8,943.0,62.2,38.7,0,正常
Day07-11:28,7,11,28,24.3,56.2,11.2,946.0,78.4,38.2,0,正常
Day07-11:29,7,11,29,24.8,57.5,11.4,900.0,60.8,38.6,0,正常
Day07-11:30,7,11,30,24.9,57.6,11.7,1055.0,68.9,38.2,0,正常
Day07-11:31,7,11,31,24.4,56.7,13.2,1029.0,66.4,38.7,0,正常
Day07-11:32,7,11,32,24.4,58.9,10.0,1071.0,65.8,38.8,0,正常
Day07-11:33,7,11,33,25.1,58.6,10.4,916.0,67.0,38.7,0,正常
Day07-11:34,7,11,34,24.5,57.7,11.3,1038.0,72.4,38.6,0,正常
Day07-11:35,7,11,35,25.0,56.5,8.0,992.0,66.7,38.6,0,正常
Day07-11:36,7,11,36,25.0,58.0,11.0,1060.0,66.3,38.8,0,正常
Day07-11:37,7,11,37,25.7,56.2,12.8,941.0,60.5,38.3,0,正常
Day07-11:38,7,11,38,25.1,56.7,9.1,941.0,61.4,38.9,0,正常
Day07-11:39,7,11,39,25.1,56.7,11.9,1083.0,70.7,38.0,0,正常
Day07-11:40,7,11,40,25.2,58.4,11.3,933.0,60.6,38.4,0,正常
Day07-11:41,7,11,41,25.1,57.4,10.5,1039.0,65.3,37.3,0,正常
Day07-11:42,7,11,42,25.0,57.1,9.6,994.0,59.1,38.7,0,正常
Day07-11:43,7,11,43,24.2,57.3,10.2,834.0,72.3,38.6,0,正常
Day07-11:44,7,11,44,25.6,56.2,9.2,1026.0,59.9,39.1,0,正常
Day07-11:45,7,11,45,25.0,56.7,10.7,952.0,60.2,38.1,0,正常
Day07-11:46,7,11,46,24.8,56.8,8.9,1027.0,68.9,39.1,0,正常
Day07-11:47,7,11,47,25.3,57.3,10.7,953.0,58.1,38.4,0,正常
Day07-11:48,7,11,48,24.8,58.4,13.3,969.0,64.6,38.8,0,正常
Day07-11:49,7,11,49,24.7,58.8,11.6,968.0,71.4,38.0,0,正常
Day07-11:50,7,11,50,25.3,58.0,11.7,1059.0,73.1,38.8,0,正常
Day07-11:51,7,11,51,25.1,57.1,10.4,984.0,60.8,38.4,0,正常
Day07-11:52,7,11,52,24.8,57.8,8.3,964.0,60.8,38.3,0,正常
Day07-11:53,7,11,53,24.3,56.5,11.0,998.0,67.6,38.5,0,正常
Day07-11:54,7,11,54,25.4,58.1,6.3,845.0,68.0,39.0,0,正常
Day07-11:55,7,11,55,25.0,56.6,12.6,934.0,65.1,38.4,0,正常
Day07-11:56,7,11,56,24.7,58.2,11.6,890.0,69.5,38.6,0,正常
Day07-11:57,7,11,57,24.5,56.8,13.9,1116.0,66.9,38.1,0,正常
Day07-11:58,7,11,58,24.9,58.0,7.4,1007.0,60.3,38.3,0,正常
Day07-11:59,7,11,59,24.8,56.2,10.8,988.0,62.6,38.4,0,正常
Day07-12:00,7,12,0,24.4,58.7,8.9,858.0,91.3,38.4,2243.0,正常
Day07-12:01,7,12,1,25.1,59.5,10.4,971.0,85.5,38.6,2189.0,正常
Day07-12:02,7,12,2,24.9,56.8,9.7,964.0,92.1,38.1,2192.0,正常
Day07-12:03,7,12,3,25.0,57.1,8.3,990.0,88.5,39.1,2094.0,正常
Day07-12:04,7,12,4,24.8,57.7,10.7,886.0,85.8,38.7,1946.0,正常
Day07-12:05,7,12,5,25.2,57.6,10.1,995.0,87.1,38.1,2254.0,正常
Day07-12:06,7,12,6,24.8,56.5,11.7,939.0,92.2,38.7,2131.0,正常
Day07-12:07,7,12,7,24.5,59.3,11.1,942.0,88.8,38.8,2012.0,正常
Day07-12:08,7,12,8,24.3,56.0,11.5,1017.0,92.8,38.6,2382.0,正常
Day07-12:09,7,12,9,25.1,59.5,10.0,887.0,84.6,38.8,2232.0,正常
Day07-12:10,7,12,10,24.6,58.0,12.1,1048.0,90.1,38.1,2271.0,正常
Day07-12:11,7,12,11,24.2,59.2,12.0,904.0,84.4,38.5,2248.0,正常
Day07-12:12,7,12,12,25.0,58.3,11.3,1056.0,81.5,38.6,2168.0,正常
Day07-12:13,7,12,13,24.9,59.4,11.1,959.0,89.3,38.6,2334.0,正常
Day07-12:14,7,12,14,24.2,57.9,7.3,1038.0,91.7,38.4,2186.0,正常
Day07-12:15,7,12,15,24.7,57.8,10.8,977.0,90.7,38.2,2181.0,正常
Day07-12:16,7,12,16,24.9,58.6,8.2,1062.0,91.0,38.2,2200.0,正常
Day07-12:17,7,12,17,24.6,58.2,12.7,969.0,92.0,38.5,2206.0,正常
Day07-12:18,7,12,18,24.4,57.4,10.7,1104.0,92.9,38.8,2058.0,正常
Day07-12:19,7,12,19,24.8,56.7,8.3,986.0,91.1,38.9,2339.0,正常
Day07-12:20,7,12,20,24.4,58.8,12.2,992.0,98.8,38.8,2179.0,正常
Day07-12:21,7,12,21,24.7,57.2,9.3,1045.0,92.8,38.8,2221.0,正常
Day07-12:22,7,12,22,25.1,58.7,9.5,933.0,95.0,38.3,2373.0,正常
Day07-12:23,7,12,23,24.9,58.7,9.8,968.0,89.7,39.0,2156.0,正常
Day07-12:24,7,12,24,24.6,58.4,8.4,960.0,88.7,38.4,2230.0,正常
Day07-12:25,7,12,25,24.4,58.1,9.1,1074.0,83.9,38.8,2095.0,正常
Day07-12:26,7,12,26,24.7,58.0,10.0,947.0,84.4,38.5,2199.0,正常
Day07-12:27,7,12,27,24.5,58.7,12.7,1027.0,97.9,38.5,2336.0,正常
Day07-12:28,7,12,28,24.6,58.1,13.8,996.0,95.0,39.1,2312.0,正常
Day07-12:29,7,12,29,24.5,57.2,13.7,976.0,87.2,38.6,2109.0,正常
Day07-12:30,7,12,30,25.1,57.0,12.0,980.0,91.6,38.4,2279.0,正常
Day07-12:31,7,12,31,24.3,58.3,8.4,1004.0,85.4,38.4,2248.0,正常
Day07-12:32,7,12,32,24.5,58.7,10.9,952.0,84.6,38.5,2183.0,正常
Day07-12:33,7,12,33,24.4,57.9,10.8,1025.0,95.3,38.0,2243.0,正常
Day07-12:34,7,12,34,24.2,57.5,10.0,1067.0,90.7,38.4,2143.0,正常
Day07-12:35,7,12,35,24.5,55.9,10.0,1031.0,87.2,38.8,2154.0,正常
Day07-12:36,7,12,36,24.3,58.9,12.4,941.0,95.8,38.2,2286.0,正常
Day07-12:37,7,12,37,24.8,58.3,9.4,1009.0,85.4,38.6,2126.0,正常
Day07-12:38,7,12,38,24.3,57.9,10.6,989.0,92.4,38.9,2223.0,正常
Day07-12:39,7,12,39,24.7,58.1,8.3,1003.0,89.3,38.4,2361.0,正常
Day07-12:40,7,12,40,24.8,56.8,10.9,934.0,87.4,38.7,2393.0,正常
Day07-12:41,7,12,41,24.9,58.8,9.6,1025.0,92.7,38.4,2326.0,正常
Day07-12:42,7,12,42,24.6,59.2,9.4,1025.0,88.4,38.6,2095.0,正常
Day07-12:43,7,12,43,24.4,57.7,10.6,1008.0,89.5,38.2,2174.0,正常
Day07-12:44,7,12,44,25.0,58.0,10.9,998.0,92.9,38.9,2151.0,正常
Day07-12:45,7,12,45,24.5,56.8,9.8,979.0,94.7,38.4,2253.0,正常
Day07-12:46,7,12,46,24.3,57.8,8.4,935.0,93.9,38.9,2169.0,正常
Day07-12:47,7,12,47,24.8,57.1,11.7,1016.0,89.5,38.6,2115.0,正常
Day07-12:48,7,12,48,24.7,57.3,9.1,1010.0,83.6,38.9,2303.0,正常
Day07-12:49,7,12,49,24.7,58.2,10.2,1013.0,84.9,38.7,2118.0,正常
Day07-12:50,7,12,50,24.7,59.5,11.7,945.0,97.1,38.8,2114.0,正常
Day07-12:51,7,12,51,24.5,57.2,9.5,996.0,80.1,38.8,2155.0,正常
Day07-12:52,7,12,52,24.6,57.2,11.6,977.0,92.9,38.2,2325.0,正常
Day07-12:53,7,12,53,25.1,57.5,12.6,967.0,90.9,38.6,2199.0,正常
Day07-12:54,7,12,54,24.9,59.0,9.6,1073.0,90.5,38.3,2221.0,正常
Day07-12:55,7,12,55,24.8,58.3,13.2,1087.0,95.1,38.7,2150.0,正常
Day07-12:56,7,12,56,24.8,58.7,5.8,930.0,94.5,38.3,2124.0,正常
Day07-12:57,7,12,57,24.0,61.3,12.1,854.0,79.1,38.0,2360.0,正常
Day07-12:58,7,12,58,25.2,58.1,10.2,1107.0,85.9,38.7,2329.0,正常
Day07-12:59,7,12,59,24.7,58.6,11.4,955.0,86.6,38.4,2285.0,正常
Day07-13:00,7,13,0,24.5,55.9,10.3,978.0,92.3,38.0,0,正常
Day07-13:01,7,13,1,23.8,59.7,8.3,947.0,87.5,38.0,0,正常
Day07-13:02,7,13,2,24.0,59.8,9.0,1035.0,92.1,38.7,0,正常
Day07-13:03,7,13,3,23.8,60.4,11.1,1025.0,87.8,38.4,0,正常
Day07-13:04,7,13,4,23.5,59.0,11.2,1051.0,90.6,38.6,0,正常
Day07-13:05,7,13,5,23.8,60.1,8.9,967.0,81.2,38.4,0,正常
Day07-13:06,7,13,6,24.5,58.6,11.0,952.0,92.6,38.4,0,正常
Day07-13:07,7,13,7,24.3,58.5,8.8,927.0,94.1,38.5,0,正常
Day07-13:08,7,13,8,24.1,60.7,10.9,984.0,81.8,38.8,0,正常
Day07-13:09,7,13,9,23.9,60.0,10.7,921.0,88.8,38.6,0,正常
Day07-13:10,7,13,10,24.2,59.2,10.7,1041.0,97.3,38.7,0,正常
Day07-13:11,7,13,11,24.2,58.5,10.6,917.0,98.4,38.5,0,正常
Day07-13:12,7,13,12,24.3,60.0,12.2,1031.0,89.1,39.1,0,正常
Day07-13:13,7,13,13,23.8,57.5,10.2,927.0,88.2,38.8,0,正常
Day07-13:14,7,13,14,24.4,59.7,9.5,1027.0,92.2,38.7,0,正常
Day07-13:15,7,13,15,23.6,60.8,11.9,983.0,90.2,38.3,0,正常
Day07-13:16,7,13,16,24.4,58.0,10.6,915.0,86.7,38.7,0,正常
Day07-13:17,7,13,17,24.6,60.6,11.1,980.0,90.0,38.3,0,正常
Day07-13:18,7,13,18,24.2,60.1,8.5,1021.0,93.6,38.7,0,正常
Day07-13:19,7,13,19,24.2,59.6,11.5,1001.0,85.2,38.1,0,正常
Day07-13:20,7,13,20,23.9,60.0,14.4,1038.0,90.2,38.8,0,正常
Day07-13:21,7,13,21,23.5,59.2,9.8,979.0,92.3,38.5,0,正常
Day07-13:22,7,13,22,23.3,61.0,11.3,956.0,86.5,39.1,0,正常
Day07-13:23,7,13,23,24.1,58.8,7.9,1019.0,84.6,38.6,0,正常
Day07-13:24,7,13,24,24.3,61.1,12.4,900.0,88.3,38.7,0,正常
Day07-13:25,7,13,25,24.5,58.5,10.1,985.0,94.5,38.6,0,正常
Day07-13:26,7,13,26,23.7,59.5,8.4,914.0,90.6,38.3,0,正常
Day07-13:27,7,13,27,24.5,59.4,11.1,982.0,93.6,38.5,0,正常
Day07-13:28,7,13,28,23.8,58.3,10.5,946.0,89.4,38.4,0,正常
Day07-13:29,7,13,29,24.1,59.4,12.1,1003.0,87.1,38.6,0,正常
Day07-13:30,7,13,30,24.1,59.8,9.5,1063.0,92.4,38.4,0,正常
Day07-13:31,7,13,31,24.0,60.3,12.4,949.0,90.5,38.2,0,正常
Day07-13:32,7,13,32,24.1,58.1,10.5,983.0,85.4,38.7,0,正常
Day07-13:33,7,13,33,24.5,59.7,9.3,950.0,86.8,38.1,0,正常
Day07-13:34,7,13,34,24.4,58.0,10.7,958.0,88.0,38.1,0,正常
Day07-13:35,7,13,35,23.6,60.9,9.3,981.0,94.7,38.8,0,正常
Day07-13:36,7,13,36,23.8,58.0,8.9,982.0,92.0,38.1,0,正常
Day07-13:37,7,13,37,24.1,59.0,12.4,931.0,92.4,38.8,0,正常
Day07-13:38,7,13,38,23.9,58.8,11.2,1059.0,93.8,38.3,0,正常
Day07-13:39,7,13,39,24.1,59.5,11.2,1081.0,90.7,38.5,0,正常
Day07-13:40,7,13,40,24.3,59.3,10.4,955.0,96.4,38.5,0,正常
Day07-13:41,7,13,41,24.3,59.7,9.2,973.0,88.4,38.5,0,正常
Day07-13:42,7,13,42,23.9,58.6,10.5,1055.0,92.2,38.3,0,正常
Day07-13:43,7,13,43,23.7,58.4,10.4,970.0,91.8,38.2,0,正常
Day07-13:44,7,13,44,24.2,59.1,12.5,999.0,87.6,38.1,0,正常
Day07-13:45,7,13,45,23.4,60.3,12.4,973.0,88.6,38.3,0,正常
Day07-13:46,7,13,46,23.9,58.3,11.0,985.0,91.5,38.3,0,正常
Day07-13:47,7,13,47,24.1,59.5,10.7,984.0,83.0,38.6,0,正常
Day07-13:48,7,13,48,23.9,60.5,12.2,974.0,87.8,38.0,0,正常
Day07-13:49,7,13,49,24.0,60.0,12.8,971.0,85.1,38.7,0,正常
Day07-13:50,7,13,50,24.6,59.4,12.0,1077.0,89.2,38.2,0,正常
Day07-13:51,7,13,51,23.5,57.9,10.8,973.0,86.0,38.9,0,正常
Day07-13:52,7,13,52,23.6,59.0,12.3,1021.0,98.1,38.2,0,正常
Day07-13:53,7,13,53,23.9,58.2,10.0,1019.0,91.6,38.8,0,正常
Day07-13:54,7,13,54,23.8,58.5,11.6,966.0,88.3,38.3,0,正常
Day07-13:55,7,13,55,23.8,59.6,13.1,991.0,93.2,38.5,0,正常
Day07-13:56,7,13,56,24.1,59.3,9.6,975.0,89.2,38.8,0,正常
Day07-13:57,7,13,57,23.9,60.3,9.1,1041.0,91.4,38.5,0,正常
Day07-13:58,7,13,58,24.1,58.8,10.9,941.0,93.2,39.0,0,正常
Day07-13:59,7,13,59,24.5,59.1,10.4,957.0,87.7,38.7,0,正常
Day07-14:00,7,14,0,23.9,58.7,10.6,982.0,66.4,38.5,0,正常
Day07-14:01,7,14,1,23.7,60.1,11.3,927.0,65.9,38.3,0,正常
Day07-14:02,7,14,2,23.9,61.2,9.2,935.0,68.9,38.6,0,正常
Day07-14:03,7,14,3,23.5,60.9,12.7,890.0,64.9,39.0,0,正常
Day07-14:04,7,14,4,23.3,61.0,13.3,904.0,53.8,38.2,0,正常
Day07-14:05,7,14,5,23.4,60.3,12.9,952.0,60.0,39.3,0,正常
Day07-14:06,7,14,6,23.3,60.8,11.1,958.0,70.7,38.2,0,正常
Day07-14:07,7,14,7,24.3,60.6,11.5,939.0,75.1,38.2,0,正常
Day07-14:08,7,14,8,23.0,61.5,9.5,893.0,64.3,38.7,0,正常
Day07-14:09,7,14,9,23.2,62.9,11.6,906.0,69.3,38.3,0,正常
Day07-14:10,7,14,10,23.5,62.4,12.2,852.0,60.6,38.6,0,正常
Day07-14:11,7,14,11,23.5,62.3,12.1,851.0,62.0,37.9,0,正常
Day07-14:12,7,14,12,23.2,60.2,9.5,895.0,64.1,38.0,0,正常
Day07-14:13,7,14,13,23.1,61.9,10.6,955.0,67.0,38.5,0,正常
Day07-14:14,7,14,14,23.7,60.4,10.2,1017.0,61.0,37.9,0,正常
Day07-14:15,7,14,15,23.2,60.5,9.4,943.0,56.4,38.3,0,正常
Day07-14:16,7,14,16,23.4,60.4,9.8,902.0,69.5,38.3,0,正常
Day07-14:17,7,14,17,23.7,59.9,10.8,900.0,73.6,39.2,0,正常
Day07-14:18,7,14,18,23.6,60.7,10.0,927.0,63.2,38.3,0,正常
Day07-14:19,7,14,19,23.6,61.0,10.1,959.0,63.5,38.6,0,正常
Day07-14:20,7,14,20,23.5,61.3,11.8,924.0,61.4,38.2,0,正常
Day07-14:21,7,14,21,23.5,61.0,12.3,904.0,62.0,37.9,0,正常
Day07-14:22,7,14,22,23.5,61.3,9.2,892.0,65.8,38.3,0,正常
Day07-14:23,7,14,23,23.6,60.0,14.8,800.0,72.2,38.9,0,正常
Day07-14:24,7,14,24,23.5,59.8,10.3,1008.0,67.4,38.2,0,正常
Day07-14:25,7,14,25,23.7,59.5,15.1,931.0,66.7,39.0,0,正常
Day07-14:26,7,14,26,23.8,61.4,10.3,1022.0,65.0,39.0,0,正常
Day07-14:27,7,14,27,24.0,61.2,10.2,890.0,58.7,38.4,0,正常
Day07-14:28,7,14,28,23.2,60.2,12.8,953.0,56.7,39.0,0,正常
Day07-14:29,7,14,29,22.9,62.3,11.1,955.0,61.5,38.5,0,正常
Day07-14:30,7,14,30,23.5,61.2,10.6,877.0,67.3,38.6,0,正常
Day07-14:31,7,14,31,23.3,59.0,11.9,909.0,66.3,38.7,0,正常
Day07-14:32,7,14,32,24.0,60.2,11.3,976.0,60.1,38.2,0,正常
Day07-14:33,7,14,33,23.7,60.9,10.0,804.0,63.8,38.3,0,正常
Day07-14:34,7,14,34,23.5,60.5,11.1,933.0,61.9,38.3,0,正常
Day07-14:35,7,14,35,23.2,62.8,12.5,923.0,64.1,38.5,0,正常
Day07-14:36,7,14,36,23.6,59.3,12.8,987.0,66.0,38.3,0,正常
Day07-14:37,7,14,37,23.2,60.4,10.4,965.0,56.3,38.7,0,正常
Day07-14:38,7,14,38,23.3,59.6,9.0,988.0,64.2,38.8,0,正常
Day07-14:39,7,14,39,23.4,61.8,10.6,955.0,66.7,38.5,0,正常
Day07-14:40,7,14,40,22.6,61.7,10.5,900.0,65.2,39.1,0,正常
Day07-14:41,7,14,41,23.4,60.7,10.9,969.0,69.6,38.9,0,正常
Day07-14:42,7,14,42,23.4,62.3,7.9,861.0,66.6,38.7,0,正常
Day07-14:43,7,14,43,23.2,62.2,10.3,968.0,58.4,38.4,0,正常
Day07-14:44,7,14,44,23.4,61.7,8.7,936.0,57.6,38.4,0,正常
Day07-14:45,7,14,45,24.0,61.5,10.7,941.0,60.3,38.9,0,正常
Day07-14:46,7,14,46,22.9,60.6,13.2,881.0,63.0,38.6,0,正常
Day07-14:47,7,14,47,23.2,60.8,11.5,881.0,67.7,38.7,0,正常
Day07-14:48,7,14,48,23.4,60.9,8.1,895.0,67.0,38.4,0,正常
Day07-14:49,7,14,49,22.8,61.2,11.1,899.0,66.1,38.3,0,正常
Day07-14:50,7,14,50,23.4,63.2,10.1,973.0,59.0,38.4,0,正常
Day07-14:51,7,14,51,24.3,60.8,10.3,969.0,74.4,38.6,0,正常
Day07-14:52,7,14,52,23.0,60.2,10.2,865.0,61.1,38.8,0,正常
Day07-14:53,7,14,53,23.2,61.3,9.4,985.0,65.3,38.8,0,正常
Day07-14:54,7,14,54,23.4,60.9,12.4,891.0,67.2,38.5,0,正常
Day07-14:55,7,14,55,23.8,61.0,14.7,1013.0,64.6,38.9,0,正常
Day07-14:56,7,14,56,23.5,59.3,13.3,899.0,63.9,38.9,0,正常
Day07-14:57,7,14,57,23.1,60.4,12.5,956.0,69.3,37.8,0,正常
Day07-14:58,7,14,58,23.3,60.8,9.5,954.0,64.2,38.6,0,正常
Day07-14:59,7,14,59,23.8,60.6,11.2,962.0,52.2,38.8,0,正常
Day07-15:00,7,15,0,22.2,64.5,11.1,974.0,69.1,38.9,0,正常
Day07-15:01,7,15,1,22.9,63.6,8.9,905.0,70.4,38.5,0,正常
Day07-15:02,7,15,2,23.1,63.6,10.8,941.0,62.4,38.4,0,正常
Day07-15:03,7,15,3,22.8,63.2,11.0,863.0,70.9,38.9,0,正常
Day07-15:04,7,15,4,22.9,61.6,9.8,911.0,56.4,38.3,0,正常
Day07-15:05,7,15,5,23.2,62.6,10.1,799.0,69.1,38.6,0,正常
Day07-15:06,7,15,6,22.6,62.6,11.4,897.0,63.1,38.3,0,正常
Day07-15:07,7,15,7,22.6,62.3,12.1,897.0,58.1,38.7,0,正常
Day07-15:08,7,15,8,22.7,64.3,6.8,910.0,67.7,38.1,0,正常
Day07-15:09,7,15,9,22.6,62.7,11.4,808.0,62.0,38.2,0,正常
Day07-15:10,7,15,10,22.7,63.2,11.5,902.0,67.9,38.4,0,正常
Day07-15:11,7,15,11,22.5,63.8,10.0,909.0,64.7,38.7,0,正常
Day07-15:12,7,15,12,22.1,61.9,10.9,934.0,57.7,38.0,0,正常
Day07-15:13,7,15,13,22.7,61.0,10.6,893.0,61.2,37.4,0,正常
Day07-15:14,7,15,14,23.1,62.3,8.0,838.0,65.9,38.7,0,正常
Day07-15:15,7,15,15,22.4,63.4,9.8,880.0,64.0,38.7,0,正常
Day07-15:16,7,15,16,22.5,62.4,9.2,814.0,73.4,38.6,0,正常
Day07-15:17,7,15,17,23.0,64.0,11.9,850.0,60.3,38.4,0,正常
Day07-15:18,7,15,18,22.5,61.8,11.8,912.0,67.6,38.5,0,正常
Day07-15:19,7,15,19,22.8,63.0,11.8,909.0,65.3,38.2,0,正常
Day07-15:20,7,15,20,22.8,63.7,9.3,879.0,62.3,38.5,0,正常
Day07-15:21,7,15,21,22.5,64.7,9.2,967.0,71.7,38.8,0,正常
Day07-15:22,7,15,22,22.9,62.3,13.2,927.0,67.9,38.0,0,正常
Day07-15:23,7,15,23,23.0,62.8,9.8,886.0,60.6,38.9,0,正常
Day07-15:24,7,15,24,22.5,62.2,12.6,926.0,65.0,38.5,0,正常
Day07-15:25,7,15,25,23.0,63.0,11.9,820.0,64.6,38.4,0,正常
Day07-15:26,7,15,26,23.1,63.6,10.9,911.0,63.6,39.0,0,正常
Day07-15:27,7,15,27,23.3,62.3,12.8,881.0,67.2,39.3,0,正常
Day07-15:28,7,15,28,23.7,63.6,9.8,919.0,68.4,38.0,0,正常
Day07-15:29,7,15,29,22.9,64.2,12.8,807.0,67.6,38.3,0,正常
Day07-15:30,7,15,30,22.2,62.8,12.1,898.0,67.7,38.6,0,正常
Day07-15:31,7,15,31,22.7,62.6,14.4,982.0,59.4,38.7,0,正常
Day07-15:32,7,15,32,23.0,62.8,9.5,850.0,61.9,38.6,0,正常
Day07-15:33,7,15,33,22.8,63.9,13.4,885.0,68.3,38.7,0,正常
Day07-15:34,7,15,34,22.8,62.4,10.8,855.0,66.5,37.9,0,正常
Day07-15:35,7,15,35,22.4,62.0,10.9,942.0,64.0,38.5,0,正常
Day07-15:36,7,15,36,23.1,63.3,8.6,948.0,60.5,37.6,0,正常
Day07-15:37,7,15,37,22.7,62.4,10.4,908.0,67.0,38.9,0,正常
Day07-15:38,7,15,38,22.4,63.2,7.8,975.0,66.3,38.5,0,正常
Day07-15:39,7,15,39,22.5,62.9,12.0,892.0,56.7,38.2,0,正常
Day07-15:40,7,15,40,23.0,62.9,12.1,951.0,55.1,38.4,0,正常
Day07-15:41,7,15,41,22.4,63.0,9.8,829.0,68.0,38.8,0,正常
Day07-15:42,7,15,42,22.7,65.0,10.7,861.0,52.1,38.2,0,正常
Day07-15:43,7,15,43,22.6,64.9,10.9,899.0,65.6,38.8,0,正常
Day07-15:44,7,15,44,22.7,62.0,9.5,907.0,67.8,38.1,0,正常
Day07-15:45,7,15,45,22.4,62.6,14.5,840.0,65.2,38.7,0,正常
Day07-15:46,7,15,46,22.2,62.4,9.6,854.0,61.7,38.8,0,正常
Day07-15:47,7,15,47,22.9,63.6,8.5,820.0,74.9,38.0,0,正常
Day07-15:48,7,15,48,22.8,63.6,8.9,898.0,64.7,38.5,0,正常
Day07-15:49,7,15,49,23.0,62.2,13.1,927.0,67.4,38.1,0,正常
Day07-15:50,7,15,50,22.7,64.1,12.4,922.0,58.8,38.6,0,正常
Day07-15:51,7,15,51,22.6,62.1,11.8,857.0,61.7,38.5,0,正常
Day07-15:52,7,15,52,22.6,63.6,9.7,893.0,71.0,37.9,0,正常
Day07-15:53,7,15,53,22.7,62.2,12.0,904.0,70.5,38.2,0,正常
Day07-15:54,7,15,54,23.1,62.6,11.7,941.0,68.1,38.6,0,正常
Day07-15:55,7,15,55,22.8,63.5,12.7,986.0,81.8,39.1,0,正常
Day07-15:56,7,15,56,23.1,64.4,14.8,858.0,63.8,38.3,0,正常
Day07-15:57,7,15,57,22.5,61.9,10.8,900.0,63.2,38.9,0,正常
Day07-15:58,7,15,58,22.9,62.9,10.7,916.0,74.4,38.2,0,正常
Day07-15:59,7,15,59,22.9,62.7,10.9,878.0,67.5,38.0,0,正常
Day07-16:00,7,16,0,22.0,64.8,11.3,791.0,63.1,38.5,0,正常
Day07-16:01,7,16,1,22.0,64.2,8.8,786.0,66.9,38.1,0,正常
Day07-16:02,7,16,2,21.5,65.2,11.1,837.0,71.1,38.6,0,正常
Day07-16:03,7,16,3,22.0,65.5,11.1,831.0,73.0,38.5,0,正常
Day07-16:04,7,16,4,21.7,63.6,8.8,807.0,57.3,38.1,0,正常
Day07-16:05,7,16,5,21.1,65.6,10.1,774.0,63.7,38.5,0,正常
Day07-16:06,7,16,6,22.1,64.7,12.9,718.0,70.6,38.3,0,正常
Day07-16:07,7,16,7,22.3,63.4,10.0,775.0,70.4,38.3,0,正常
Day07-16:08,7,16,8,21.7,64.7,12.1,742.0,58.4,38.8,0,正常
Day07-16:09,7,16,9,21.7,65.3,10.6,905.0,56.9,38.0,0,正常
Day07-16:10,7,16,10,21.9,64.7,11.3,771.0,73.3,38.3,0,正常
Day07-16:11,7,16,11,22.2,66.6,10.4,811.0,74.2,38.2,0,正常
Day07-16:12,7,16,12,21.7,64.2,9.8,780.0,60.8,37.9,0,正常
Day07-16:13,7,16,13,22.7,66.6,10.4,737.0,62.7,39.0,0,正常
Day07-16:14,7,16,14,22.2,65.8,11.7,740.0,60.0,38.4,0,正常
Day07-16:15,7,16,15,22.2,65.5,8.9,864.0,68.6,38.5,0,正常
Day07-16:16,7,16,16,22.1,64.2,9.3,776.0,62.0,38.5,0,正常
Day07-16:17,7,16,17,21.9,65.2,12.0,752.0,67.5,38.5,0,正常
Day07-16:18,7,16,18,21.9,66.0,11.3,806.0,65.1,38.2,0,正常
Day07-16:19,7,16,19,21.8,65.9,10.1,817.0,59.0,37.9,0,正常
Day07-16:20,7,16,20,21.5,66.4,11.2,821.0,61.5,38.4,0,正常
Day07-16:21,7,16,21,21.5,66.2,11.5,800.0,63.0,38.2,0,正常
Day07-16:22,7,16,22,22.1,63.7,10.8,806.0,72.5,38.4,0,正常
Day07-16:23,7,16,23,22.1,66.4,12.0,790.0,64.5,38.8,0,正常
Day07-16:24,7,16,24,21.7,65.9,10.7,811.0,71.8,37.9,0,正常
Day07-16:25,7,16,25,21.6,64.6,13.4,776.0,60.3,38.5,0,正常
Day07-16:26,7,16,26,22.5,64.0,10.6,845.0,64.1,38.3,0,正常
Day07-16:27,7,16,27,22.4,63.6,12.4,761.0,65.8,38.7,0,正常
Day07-16:28,7,16,28,22.0,66.0,12.0,733.0,75.1,38.5,0,正常
Day07-16:29,7,16,29,21.8,64.6,9.7,788.0,61.4,38.8,0,正常
Day07-16:30,7,16,30,22.1,65.2,9.3,818.0,59.4,38.2,0,正常
Day07-16:31,7,16,31,22.4,66.1,10.7,788.0,58.2,38.4,0,正常
Day07-16:32,7,16,32,21.9,63.0,12.2,795.0,70.0,39.0,0,正常
Day07-16:33,7,16,33,22.4,63.5,10.3,808.0,71.9,38.5,0,正常
Day07-16:34,7,16,34,21.7,65.1,12.3,809.0,58.9,38.3,0,正常
Day07-16:35,7,16,35,22.1,65.4,11.0,799.0,66.1,38.7,0,正常
Day07-16:36,7,16,36,22.2,65.3,7.9,805.0,64.6,38.2,0,正常
Day07-16:37,7,16,37,21.9,64.7,9.4,712.0,75.7,38.2,0,正常
Day07-16:38,7,16,38,22.4,65.7,11.8,828.0,63.2,38.8,0,正常
Day07-16:39,7,16,39,21.8,65.3,10.3,867.0,66.5,38.2,0,正常
Day07-16:40,7,16,40,21.8,64.5,8.6,771.0,65.7,38.7,0,正常
Day07-16:41,7,16,41,22.8,65.7,9.7,780.0,64.3,38.9,0,正常
Day07-16:42,7,16,42,21.7,65.7,12.8,816.0,64.4,38.2,0,正常
Day07-16:43,7,16,43,22.6,63.4,12.2,756.0,65.7,38.0,0,正常
Day07-16:44,7,16,44,22.0,62.6,12.2,697.0,62.7,39.2,0,正常
Day07-16:45,7,16,45,21.6,66.1,9.2,761.0,70.0,38.3,0,正常
Day07-16:46,7,16,46,21.3,64.0,11.4,921.0,59.1,38.3,0,正常
Day07-16:47,7,16,47,21.8,64.2,11.8,846.0,69.4,38.8,0,正常
Day07-16:48,7,16,48,22.4,64.5,11.3,824.0,63.5,38.5,0,正常
Day07-16:49,7,16,49,22.3,65.7,11.9,719.0,58.2,38.5,0,正常
Day07-16:50,7,16,50,21.8,64.0,11.9,865.0,58.3,38.4,0,正常
Day07-16:51,7,16,51,22.2,65.7,9.1,817.0,60.8,38.5,0,正常
Day07-16:52,7,16,52,22.1,65.5,9.5,799.0,61.7,39.2,0,正常
Day07-16:53,7,16,53,22.0,65.1,9.6,945.0,60.8,38.3,0,正常
Day07-16:54,7,16,54,22.6,64.7,9.9,744.0,63.8,38.2,0,正常
Day07-16:55,7,16,55,22.2,65.4,10.6,804.0,71.2,37.9,0,正常
Day07-16:56,7,16,56,22.1,64.8,11.0,736.0,57.0,38.4,0,正常
Day07-16:57,7,16,57,22.1,64.3,9.7,813.0,68.6,38.7,0,正常
Day07-16:58,7,16,58,21.9,66.2,10.1,891.0,58.5,38.9,0,正常
Day07-16:59,7,16,59,22.2,63.9,8.8,661.0,69.8,38.4,0,正常
Day07-17:00,7,17,0,21.4,67.7,9.5,657.0,81.1,38.0,2374.0,正常
Day07-17:01,7,17,1,21.1,67.1,9.4,723.0,93.2,38.3,2133.0,正常
Day07-17:02,7,17,2,21.4,66.1,12.0,720.0,95.0,38.5,2158.0,正常
Day07-17:03,7,17,3,21.4,68.2,12.0,714.0,82.9,38.7,2122.0,正常
Day07-17:04,7,17,4,21.4,67.3,10.0,683.0,99.1,38.3,2250.0,正常
Day07-17:05,7,17,5,21.1,67.5,10.2,756.0,83.4,38.8,2290.0,正常
Day07-17:06,7,17,6,21.5,67.0,6.9,770.0,85.4,39.3,2236.0,正常
Day07-17:07,7,17,7,21.5,65.4,10.7,729.0,91.5,38.2,2364.0,正常
Day07-17:08,7,17,8,20.6,68.0,8.3,640.0,92.8,38.6,2323.0,正常
Day07-17:09,7,17,9,21.2,67.0,12.7,674.0,91.8,38.5,2055.0,正常
Day07-17:10,7,17,10,21.1,66.6,8.2,710.0,85.9,37.9,2192.0,正常
Day07-17:11,7,17,11,21.5,65.8,10.8,737.0,89.4,38.4,2277.0,正常
Day07-17:12,7,17,12,20.9,66.4,11.2,708.0,81.5,38.2,2307.0,正常
Day07-17:13,7,17,13,21.6,69.6,9.5,798.0,83.7,37.9,2138.0,正常
Day07-17:14,7,17,14,21.3,68.0,9.8,674.0,98.2,38.6,2034.0,正常
Day07-17:15,7,17,15,21.0,68.3,9.2,678.0,86.9,38.2,2206.0,正常
Day07-17:16,7,17,16,20.7,66.9,11.7,708.0,85.7,38.6,2171.0,正常
Day07-17:17,7,17,17,21.1,68.2,10.2,711.0,91.2,38.2,2222.0,正常
Day07-17:18,7,17,18,21.4,67.2,8.8,681.0,81.6,38.8,2207.0,正常
Day07-17:19,7,17,19,21.4,67.9,10.5,737.0,92.2,38.2,2239.0,正常
Day07-17:20,7,17,20,21.3,67.1,9.3,688.0,90.7,38.3,2209.0,正常
Day07-17:21,7,17,21,21.3,67.9,10.8,676.0,97.9,38.2,2030.0,正常
Day07-17:22,7,17,22,21.3,66.4,8.2,722.0,92.5,38.6,2141.0,正常
Day07-17:23,7,17,23,21.0,67.6,11.7,673.0,86.7,38.6,2411.0,正常
Day07-17:24,7,17,24,21.2,67.4,7.9,676.0,93.5,37.8,2241.0,正常
Day07-17:25,7,17,25,21.0,68.2,9.1,712.0,94.3,38.3,2179.0,正常
Day07-17:26,7,17,26,21.4,67.4,11.5,648.0,98.1,38.3,2113.0,正常
Day07-17:27,7,17,27,20.8,66.1,10.7,708.0,85.1,38.7,2202.0,正常
Day07-17:28,7,17,28,21.4,67.7,7.0,688.0,91.2,38.0,2277.0,正常
Day07-17:29,7,17,29,21.2,65.9,10.9,656.0,84.7,38.3,2328.0,正常
Day07-17:30,7,17,30,20.8,68.9,10.1,668.0,97.8,38.5,2085.0,正常
Day07-17:31,7,17,31,21.6,66.1,12.4,616.0,94.3,38.4,2164.0,正常
Day07-17:32,7,17,32,21.7,66.1,8.8,682.0,91.4,38.8,2128.0,正常
Day07-17:33,7,17,33,21.4,66.5,9.1,686.0,94.0,38.8,2239.0,正常
Day07-17:34,7,17,34,20.6,66.7,12.6,786.0,86.9,38.7,2065.0,正常
Day07-17:35,7,17,35,21.4,66.2,9.9,687.0,93.4,38.3,2052.0,正常
Day07-17:36,7,17,36,21.0,67.9,10.3,683.0,89.8,38.7,1975.0,正常
Day07-17:37,7,17,37,21.5,64.9,11.5,730.0,91.3,39.1,2498.0,正常
Day07-17:38,7,17,38,21.2,67.6,11.3,663.0,100,38.8,2298.0,正常
Day07-17:39,7,17,39,21.1,67.0,7.0,686.0,92.1,38.7,2373.0,正常
Day07-17:40,7,17,40,21.3,66.8,8.1,643.0,90.2,38.2,2181.0,正常
Day07-17:41,7,17,41,21.5,66.1,5.7,754.0,85.7,38.7,2184.0,正常
Day07-17:42,7,17,42,21.4,65.1,7.9,679.0,88.7,38.4,2196.0,正常
Day07-17:43,7,17,43,21.6,67.5,11.0,632.0,85.8,38.6,2183.0,正常
Day07-17:44,7,17,44,20.9,67.6,11.0,738.0,90.6,38.5,2146.0,正常
Day07-17:45,7,17,45,21.0,67.1,8.7,660.0,88.0,38.1,2081.0,正常
Day07-17:46,7,17,46,21.2,66.8,8.9,702.0,85.2,38.3,2030.0,正常
Day07-17:47,7,17,47,21.2,66.6,11.0,671.0,94.9,38.4,2350.0,正常
Day07-17:48,7,17,48,21.7,67.1,10.4,647.0,85.4,38.5,2071.0,正常
Day07-17:49,7,17,49,21.0,65.7,12.3,642.0,91.7,39.0,2221.0,正常
Day07-17:50,7,17,50,21.1,67.4,10.8,695.0,95.1,38.5,2099.0,正常
Day07-17:51,7,17,51,21.3,67.5,10.4,725.0,89.1,38.9,2128.0,正常
Day07-17:52,7,17,52,21.8,68.1,12.3,743.0,90.9,38.1,2189.0,正常
Day07-17:53,7,17,53,21.3,66.7,10.2,692.0,89.5,38.2,2202.0,正常
Day07-17:54,7,17,54,21.3,67.3,9.9,728.0,78.2,38.8,2185.0,正常
Day07-17:55,7,17,55,21.1,67.2,10.5,674.0,89.5,37.8,2150.0,正常
Day07-17:56,7,17,56,21.2,66.7,10.2,781.0,86.0,38.8,2242.0,正常
Day07-17:57,7,17,57,21.1,67.5,10.6,731.0,88.8,38.7,2163.0,正常
Day07-17:58,7,17,58,21.6,66.9,10.4,708.0,89.8,38.2,2250.0,正常
Day07-17:59,7,17,59,21.4,67.6,9.7,777.0,78.9,38.8,2177.0,正常
Day07-18:00,7,18,0,20.6,69.0,7.5,577.0,81.7,38.4,0,正常
Day07-18:01,7,18,1,20.6,70.1,9.0,629.0,94.2,38.7,0,正常
Day07-18:02,7,18,2,20.4,67.7,8.7,574.0,93.0,38.1,0,正常
Day07-18:03,7,18,3,20.4,68.8,11.6,637.0,95.5,38.5,0,正常
Day07-18:04,7,18,4,20.8,70.4,9.3,665.0,90.1,38.2,0,正常
Day07-18:05,7,18,5,20.6,67.9,9.1,656.0,94.9,38.2,0,正常
Day07-18:06,7,18,6,20.5,67.6,7.1,474.0,95.8,38.4,0,正常
Day07-18:07,7,18,7,20.8,68.8,8.2,613.0,88.8,38.5,0,正常
Day07-18:08,7,18,8,20.3,70.2,10.7,685.0,85.6,38.6,0,正常
Day07-18:09,7,18,9,20.9,68.9,8.9,591.0,89.3,38.8,0,正常
Day07-18:10,7,18,10,20.2,67.4,10.5,594.0,82.3,38.6,0,正常
Day07-18:11,7,18,11,20.8,68.3,11.1,515.0,100,38.2,0,正常
Day07-18:12,7,18,12,20.7,68.6,10.8,627.0,87.2,38.3,0,正常
Day07-18:13,7,18,13,20.2,71.1,7.1,561.0,89.5,38.1,0,正常
Day07-18:14,7,18,14,20.7,68.7,11.0,598.0,88.7,38.3,0,正常
Day07-18:15,7,18,15,20.1,68.1,9.8,659.0,93.4,38.7,0,正常
Day07-18:16,7,18,16,20.8,70.8,9.3,587.0,92.5,38.0,0,正常
Day07-18:17,7,18,17,20.5,67.8,9.6,551.0,90.5,38.3,0,正常
Day07-18:18,7,18,18,20.1,69.3,8.9,775.0,84.9,38.8,0,正常
Day07-18:19,7,18,19,20.5,69.3,6.5,552.0,85.9,38.3,0,正常
Day07-18:20,7,18,20,20.3,69.9,8.8,583.0,92.4,38.2,0,正常
Day07-18:21,7,18,21,20.5,67.3,10.9,533.0,83.2,38.6,0,正常
Day07-18:22,7,18,22,21.1,68.1,8.5,667.0,89.6,38.7,0,正常
Day07-18:23,7,18,23,20.1,68.4,5.4,543.0,89.1,38.6,0,正常
Day07-18:24,7,18,24,20.6,69.1,10.4,548.0,95.3,38.3,0,正常
Day07-18:25,7,18,25,20.7,66.8,11.3,527.0,87.2,38.6,0,正常
Day07-18:26,7,18,26,20.4,69.3,9.3,538.0,86.2,39.3,0,正常
Day07-18:27,7,18,27,20.4,69.1,12.3,596.0,85.5,38.6,0,正常
Day07-18:28,7,18,28,20.8,69.6,10.0,769.0,87.6,38.6,0,正常
Day07-18:29,7,18,29,20.2,69.3,10.0,613.0,92.9,38.7,0,正常
Day07-18:30,7,18,30,20.0,69.4,9.2,646.0,85.0,38.2,0,正常
Day07-18:31,7,18,31,20.1,70.0,9.7,583.0,90.5,38.3,0,正常
Day07-18:32,7,18,32,20.3,68.0,10.4,605.0,85.9,38.5,0,正常
Day07-18:33,7,18,33,20.8,68.4,8.0,578.0,92.1,38.3,0,正常
Day07-18:34,7,18,34,20.8,68.9,10.2,644.0,91.4,38.4,0,正常
Day07-18:35,7,18,35,20.5,69.3,10.7,626.0,83.5,38.5,0,正常
Day07-18:36,7,18,36,20.7,71.1,8.4,459.0,89.2,38.1,0,正常
Day07-18:37,7,18,37,20.9,69.4,9.0,601.0,99.7,38.2,0,正常
Day07-18:38,7,18,38,20.9,67.6,9.9,707.0,92.4,38.0,0,正常
Day07-18:39,7,18,39,20.2,69.6,8.6,587.0,86.5,38.3,0,正常
Day07-18:40,7,18,40,20.5,68.2,12.2,569.0,96.3,38.6,0,正常
Day07-18:41,7,18,41,20.0,69.6,7.1,559.0,89.6,37.6,0,正常
Day07-18:42,7,18,42,20.3,69.2,9.4,535.0,81.7,38.6,0,正常
Day07-18:43,7,18,43,20.5,71.0,9.0,546.0,92.4,38.2,0,正常
Day07-18:44,7,18,44,20.3,68.8,9.1,583.0,87.9,38.3,0,正常
Day07-18:45,7,18,45,20.7,69.9,7.7,654.0,94.0,37.9,0,正常
Day07-18:46,7,18,46,20.6,67.7,10.4,588.0,95.9,38.3,0,正常
Day07-18:47,7,18,47,20.5,68.8,7.5,523.0,93.2,38.7,0,正常
Day07-18:48,7,18,48,20.5,70.1,8.3,617.0,83.6,38.5,0,正常
Day07-18:49,7,18,49,20.4,69.5,7.8,637.0,99.4,37.8,0,正常
Day07-18:50,7,18,50,20.3,69.9,13.3,663.0,84.2,38.2,0,正常
Day07-18:51,7,18,51,20.0,68.5,7.1,656.0,93.8,38.9,0,正常
Day07-18:52,7,18,52,20.5,69.0,8.4,578.0,91.4,38.0,0,正常
Day07-18:53,7,18,53,20.3,67.7,10.3,608.0,91.4,38.9,0,正常
Day07-18:54,7,18,54,20.8,69.0,8.9,646.0,94.8,38.2,0,正常
Day07-18:55,7,18,55,20.7,69.0,9.1,632.0,95.2,38.8,0,正常
Day07-18:56,7,18,56,20.7,66.8,9.1,578.0,90.7,38.1,0,正常
Day07-18:57,7,18,57,20.8,68.1,10.0,645.0,90.3,38.5,0,正常
Day07-18:58,7,18,58,20.4,68.6,10.1,546.0,89.6,38.3,0,正常
Day07-18:59,7,18,59,20.7,68.6,10.6,665.0,91.5,38.2,0,正常
Day07-19:00,7,19,0,20.3,73.2,9.6,465.0,19.2,38.9,0,正常
Day07-19:01,7,19,1,20.2,71.7,10.2,436.0,17.0,38.7,0,正常
Day07-19:02,7,19,2,19.7,70.2,6.8,478.0,15.0,38.4,0,正常
Day07-19:03,7,19,3,20.1,70.1,8.5,506.0,18.4,38.2,0,正常
Day07-19:04,7,19,4,20.4,71.6,9.8,496.0,13.9,38.6,0,正常
Day07-19:05,7,19,5,20.1,69.9,8.9,453.0,20.0,38.7,0,正常
Day07-19:06,7,19,6,19.8,71.6,9.2,478.0,17.9,38.1,0,正常
Day07-19:07,7,19,7,20.1,71.1,7.1,443.0,19.9,39.0,0,正常
Day07-19:08,7,19,8,19.7,71.6,7.7,403.0,9.9,38.4,0,正常
Day07-19:09,7,19,9,20.0,70.7,9.4,497.0,22.5,38.6,0,正常
Day07-19:10,7,19,10,20.2,72.1,9.2,482.0,10.9,38.6,0,正常
Day07-19:11,7,19,11,19.9,68.3,9.4,515.0,18.7,38.6,0,正常
Day07-19:12,7,19,12,20.2,72.0,6.1,482.0,23.8,38.5,0,正常
Day07-19:13,7,19,13,20.2,71.1,8.9,600.0,19.1,38.6,0,正常
Day07-19:14,7,19,14,20.1,71.5,9.3,461.0,16.6,38.7,0,正常
Day07-19:15,7,19,15,19.8,71.6,9.8,484.0,10.7,38.6,0,正常
Day07-19:16,7,19,16,19.9,70.3,7.1,461.0,19.5,38.2,0,正常
Day07-19:17,7,19,17,20.2,71.7,6.1,486.0,16.6,38.4,0,正常
Day07-19:18,7,19,18,19.9,68.9,7.9,544.0,14.8,38.5,0,正常
Day07-19:19,7,19,19,20.3,70.2,7.8,463.0,14.3,37.9,0,正常
Day07-19:20,7,19,20,20.4,70.5,10.1,456.0,8.1,38.6,0,正常
Day07-19:21,7,19,21,19.6,71.9,8.3,473.0,20.3,39.0,0,正常
Day07-19:22,7,19,22,19.9,69.7,6.3,527.0,19.6,38.6,0,正常
Day07-19:23,7,19,23,19.4,70.7,10.3,520.0,14.0,38.3,0,正常
Day07-19:24,7,19,24,19.9,71.2,7.3,530.0,19.2,39.4,0,正常
Day07-19:25,7,19,25,20.1,68.9,7.3,509.0,14.2,37.8,0,正常
Day07-19:26,7,19,26,19.8,70.2,8.6,520.0,19.8,38.3,0,正常
Day07-19:27,7,19,27,19.8,70.2,9.5,520.0,12.0,38.0,0,正常
Day07-19:28,7,19,28,20.5,71.4,9.5,475.0,23.0,38.3,0,正常
Day07-19:29,7,19,29,19.6,72.0,9.4,566.0,5.7,38.0,0,正常
Day07-19:30,7,19,30,20.0,70.2,8.6,538.0,18.8,38.1,0,正常
Day07-19:31,7,19,31,20.1,71.0,9.3,506.0,17.4,38.6,0,正常
Day07-19:32,7,19,32,20.0,70.3,8.5,395.0,12.5,38.9,0,正常
Day07-19:33,7,19,33,19.8,69.6,9.2,480.0,16.8,38.3,0,正常
Day07-19:34,7,19,34,19.9,70.5,9.3,553.0,22.8,38.6,0,正常
Day07-19:35,7,19,35,20.4,70.6,7.1,467.0,10.2,38.1,0,正常
Day07-19:36,7,19,36,19.9,70.5,8.2,474.0,14.3,38.8,0,正常
Day07-19:37,7,19,37,20.0,69.9,10.8,547.0,6.6,38.7,0,正常
Day07-19:38,7,19,38,19.9,70.3,8.6,488.0,12.7,38.1,0,正常
Day07-19:39,7,19,39,20.0,70.6,8.2,462.0,23.6,38.8,0,正常
Day07-19:40,7,19,40,20.0,69.8,7.3,592.0,12.7,38.4,0,正常
Day07-19:41,7,19,41,20.0,70.7,11.1,516.0,15.7,38.6,0,正常
Day07-19:42,7,19,42,19.4,69.4,8.4,462.0,18.5,38.4,0,正常
Day07-19:43,7,19,43,19.8,70.6,9.2,510.0,15.3,38.0,0,正常
Day07-19:44,7,19,44,20.1,71.0,10.5,524.0,0.9,38.3,0,正常
Day07-19:45,7,19,45,20.0,72.2,6.0,487.0,15.3,38.3,0,正常
Day07-19:46,7,19,46,20.2,71.9,7.6,480.0,15.8,38.0,0,正常
Day07-19:47,7,19,47,20.0,70.0,9.1,490.0,28.0,38.5,0,正常
Day07-19:48,7,19,48,19.9,71.7,9.2,516.0,13.3,38.6,0,正常
Day07-19:49,7,19,49,19.7,70.7,11.3,563.0,16.3,38.6,0,正常
Day07-19:50,7,19,50,20.2,71.5,9.9,556.0,16.7,38.6,0,正常
Day07-19:51,7,19,51,20.0,69.4,8.8,413.0,6.4,38.2,0,正常
Day07-19:52,7,19,52,19.8,69.4,9.5,507.0,7.3,38.6,0,正常
Day07-19:53,7,19,53,20.0,70.5,9.0,522.0,9.9,38.6,0,正常
Day07-19:54,7,19,54,19.5,70.8,3.3,458.0,11.3,38.2,0,正常
Day07-19:55,7,19,55,20.1,69.2,10.1,465.0,21.7,38.6,0,正常
Day07-19:56,7,19,56,20.1,70.0,8.7,453.0,21.1,38.7,0,正常
Day07-19:57,7,19,57,19.9,71.0,9.6,480.0,16.0,39.0,0,正常
Day07-19:58,7,19,58,20.3,70.8,9.4,468.0,10.9,38.4,0,正常
Day07-19:59,7,19,59,19.8,70.2,7.0,512.0,22.2,38.0,0,正常
Day07-20:00,7,20,0,19.8,73.9,4.1,415.0,12.0,38.5,0,正常
Day07-20:01,7,20,1,18.7,70.3,8.5,367.0,22.7,38.4,0,正常
Day07-20:02,7,20,2,19.6,72.0,8.7,336.0,19.3,38.5,0,正常
Day07-20:03,7,20,3,19.1,71.9,6.6,325.0,13.4,38.8,0,正常
Day07-20:04,7,20,4,19.5,71.3,12.1,341.0,11.9,38.7,0,正常
Day07-20:05,7,20,5,19.7,73.5,9.6,488.0,9.5,38.6,0,正常
Day07-20:06,7,20,6,19.1,72.4,8.6,359.0,21.0,38.8,0,正常
Day07-20:07,7,20,7,19.3,71.1,8.0,388.0,19.8,38.3,0,正常
Day07-20:08,7,20,8,19.5,72.1,8.6,351.0,22.5,38.5,0,正常
Day07-20:09,7,20,9,19.7,71.8,8.8,407.0,15.2,37.9,0,正常
Day07-20:10,7,20,10,19.4,71.3,9.3,308.0,26.8,38.7,0,正常
Day07-20:11,7,20,11,19.3,71.9,6.9,412.0,11.5,38.6,0,正常
Day07-20:12,7,20,12,19.4,71.2,8.3,449.0,26.3,38.7,0,正常
Day07-20:13,7,20,13,19.1,72.8,8.9,454.0,8.3,38.4,0,正常
Day07-20:14,7,20,14,19.5,71.5,7.3,331.0,13.2,38.1,0,正常
Day07-20:15,7,20,15,19.6,73.5,7.7,335.0,10.2,38.3,0,正常
Day07-20:16,7,20,16,19.2,72.2,6.0,502.0,2.8,38.2,0,正常
Day07-20:17,7,20,17,18.7,72.8,7.1,400.0,11.1,38.0,0,正常
Day07-20:18,7,20,18,19.1,69.8,10.8,390.0,10.6,38.1,0,正常
Day07-20:19,7,20,19,19.2,72.6,8.5,370.0,12.0,37.8,0,正常
Day07-20:20,7,20,20,19.7,71.0,9.3,365.0,20.5,37.8,0,正常
Day07-20:21,7,20,21,19.9,71.3,7.2,484.0,15.7,38.4,0,正常
Day07-20:22,7,20,22,19.2,70.0,9.2,423.0,14.3,38.7,0,正常
Day07-20:23,7,20,23,19.2,71.4,8.8,361.0,6.0,38.4,0,正常
Day07-20:24,7,20,24,19.4,72.1,7.5,446.0,16.3,38.8,0,正常
Day07-20:25,7,20,25,19.3,71.6,4.6,291.0,20.4,38.0,0,正常
Day07-20:26,7,20,26,19.4,72.0,5.6,390.0,18.3,38.4,0,正常
Day07-20:27,7,20,27,19.0,71.9,7.0,424.0,17.5,38.4,0,正常
Day07-20:28,7,20,28,19.4,70.0,7.1,391.0,17.0,38.4,0,正常
Day07-20:29,7,20,29,19.7,70.6,6.6,404.0,16.7,38.8,0,正常
Day07-20:30,7,20,30,19.2,70.8,8.9,404.0,14.7,38.7,0,正常
Day07-20:31,7,20,31,19.8,69.9,9.9,400.0,18.7,38.3,0,正常
Day07-20:32,7,20,32,19.2,72.5,7.1,338.0,12.4,38.2,0,正常
Day07-20:33,7,20,33,19.8,72.5,7.7,276.0,9.0,38.6,0,正常
Day07-20:34,7,20,34,19.4,71.4,8.5,538.0,27.6,38.0,0,正常
Day07-20:35,7,20,35,19.5,73.4,8.8,482.0,22.9,37.9,0,正常
Day07-20:36,7,20,36,18.9,71.3,7.6,442.0,14.9,38.2,0,正常
Day07-20:37,7,20,37,19.0,72.5,8.8,460.0,11.2,38.5,0,正常
Day07-20:38,7,20,38,19.4,72.3,6.5,412.0,7.5,38.6,0,正常
Day07-20:39,7,20,39,19.5,73.2,8.7,406.0,25.5,38.4,0,正常
Day07-20:40,7,20,40,19.0,72.2,7.6,351.0,17.4,38.2,0,正常
Day07-20:41,7,20,41,19.5,72.3,8.4,454.0,20.1,38.5,0,正常
Day07-20:42,7,20,42,19.0,72.6,7.1,374.0,11.9,38.6,0,正常
Day07-20:43,7,20,43,19.3,71.6,6.4,445.0,18.7,38.6,0,正常
Day07-20:44,7,20,44,19.1,72.2,6.1,473.0,20.0,38.2,0,正常
Day07-20:45,7,20,45,19.1,73.2,9.6,326.0,14.2,38.3,0,正常
Day07-20:46,7,20,46,19.1,72.0,7.1,398.0,11.8,38.5,0,正常
Day07-20:47,7,20,47,19.4,72.5,9.0,319.0,18.2,38.7,0,正常
Day07-20:48,7,20,48,19.7,72.9,10.8,383.0,11.2,38.2,0,正常
Day07-20:49,7,20,49,19.6,71.1,7.8,396.0,17.3,38.5,0,正常
Day07-20:50,7,20,50,19.6,72.8,8.8,499.0,16.8,38.2,0,正常
Day07-20:51,7,20,51,19.4,73.6,7.4,364.0,15.5,38.1,0,正常
Day07-20:52,7,20,52,18.6,72.1,8.1,395.0,15.3,38.5,0,正常
Day07-20:53,7,20,53,19.3,71.4,8.3,401.0,18.8,38.2,0,正常
Day07-20:54,7,20,54,19.9,72.3,8.4,355.0,11.0,38.9,0,正常
Day07-20:55,7,20,55,19.4,69.8,8.2,414.0,25.5,38.3,0,正常
Day07-20:56,7,20,56,19.9,71.2,9.3,405.0,23.9,38.6,0,正常
Day07-20:57,7,20,57,19.3,71.4,8.1,433.0,10.0,38.2,0,正常
Day07-20:58,7,20,58,19.4,69.8,8.6,388.0,13.1,38.5,0,正常
Day07-20:59,7,20,59,18.8,71.7,7.2,396.0,9.8,38.2,0,正常
Day07-21:00,7,21,0,18.9,73.6,7.0,306.0,14.6,39.2,0,正常
Day07-21:01,7,21,1,18.7,71.8,7.0,334.0,18.7,38.5,0,正常
Day07-21:02,7,21,2,18.4,73.3,6.6,349.0,12.2,38.2,0,正常
Day07-21:03,7,21,3,18.6,72.6,6.7,357.0,3.8,38.4,0,正常
Day07-21:04,7,21,4,18.9,73.1,7.2,320.0,10.6,38.7,0,正常
Day07-21:05,7,21,5,18.9,72.0,9.4,326.0,11.6,38.5,0,正常
Day07-21:06,7,21,6,19.1,71.9,7.2,280.0,19.4,38.6,0,正常
Day07-21:07,7,21,7,19.1,72.9,5.8,311.0,14.3,38.2,0,正常
Day07-21:08,7,21,8,18.7,71.7,7.1,238.0,14.1,38.7,0,正常
Day07-21:09,7,21,9,19.3,73.6,6.6,443.0,19.2,39.1,0,正常
Day07-21:10,7,21,10,19.0,72.5,6.6,346.0,18.7,38.8,0,正常
Day07-21:11,7,21,11,18.9,73.0,6.9,208.0,11.3,38.3,0,正常
Day07-21:12,7,21,12,19.2,72.8,9.0,315.0,5.7,38.4,0,正常
Day07-21:13,7,21,13,18.6,73.1,5.4,284.0,21.0,38.0,0,正常
Day07-21:14,7,21,14,19.2,71.7,6.0,417.0,13.1,39.0,0,正常
Day07-21:15,7,21,15,18.8,71.5,6.3,265.0,13.9,38.4,0,正常
Day07-21:16,7,21,16,19.5,74.0,4.0,339.0,16.7,38.2,0,正常
Day07-21:17,7,21,17,19.6,72.3,6.3,319.0,4.4,39.0,0,正常
Day07-21:18,7,21,18,18.8,71.8,7.0,273.0,15.6,38.4,0,正常
Day07-21:19,7,21,19,18.9,72.2,7.4,271.0,19.4,38.3,0,正常
Day07-21:20,7,21,20,19.4,71.8,8.1,278.0,8.8,38.8,0,正常
Day07-21:21,7,21,21,19.1,73.8,7.1,360.0,19.7,39.0,0,正常
Day07-21:22,7,21,22,19.2,71.8,6.7,246.0,17.0,38.5,0,正常
Day07-21:23,7,21,23,19.0,74.2,5.9,338.0,6.6,38.6,0,正常
Day07-21:24,7,21,24,19.2,72.4,8.6,318.0,21.3,38.3,0,正常
Day07-21:25,7,21,25,19.5,73.4,6.7,279.0,21.9,38.3,0,正常
Day07-21:26,7,21,26,19.4,73.5,4.6,340.0,15.5,38.5,0,正常
Day07-21:27,7,21,27,19.0,72.7,6.4,391.0,12.7,38.4,0,正常
Day07-21:28,7,21,28,19.8,73.6,5.3,355.0,5.7,38.8,0,正常
Day07-21:29,7,21,29,19.2,72.6,4.0,295.0,13.5,38.2,0,正常
Day07-21:30,7,21,30,18.3,73.7,5.9,213.0,14.5,38.1,0,正常
Day07-21:31,7,21,31,19.1,74.6,6.0,266.0,10.4,37.8,0,正常
Day07-21:32,7,21,32,19.7,73.5,7.2,317.0,16.3,38.7,0,正常
Day07-21:33,7,21,33,18.9,72.2,8.2,329.0,9.1,38.2,0,正常
Day07-21:34,7,21,34,18.5,73.3,8.9,312.0,12.6,38.3,0,正常
Day07-21:35,7,21,35,19.0,73.4,5.8,321.0,25.6,38.8,0,正常
Day07-21:36,7,21,36,19.1,74.0,4.8,168.0,12.7,38.2,0,正常
Day07-21:37,7,21,37,18.9,72.8,5.2,380.0,11.6,38.3,0,正常
Day07-21:38,7,21,38,18.8,73.5,6.4,302.0,8.5,38.1,0,正常
Day07-21:39,7,21,39,19.0,71.4,9.7,342.0,7.2,38.1,0,正常
Day07-21:40,7,21,40,19.1,73.1,4.9,332.0,8.3,38.6,0,正常
Day07-21:41,7,21,41,18.9,75.2,5.4,281.0,25.0,38.4,0,正常
Day07-21:42,7,21,42,19.2,73.0,4.2,343.0,20.7,38.6,0,正常
Day07-21:43,7,21,43,19.2,73.0,6.2,335.0,14.8,38.2,0,正常
Day07-21:44,7,21,44,19.6,74.8,7.7,368.0,13.3,38.3,0,正常
Day07-21:45,7,21,45,19.4,72.9,6.8,378.0,7.0,38.4,0,正常
Day07-21:46,7,21,46,19.5,72.6,6.2,267.0,14.9,38.2,0,正常
Day07-21:47,7,21,47,19.2,72.8,7.9,315.0,16.4,38.6,0,正常
Day07-21:48,7,21,48,18.9,73.2,5.6,309.0,13.5,38.3,0,正常
Day07-21:49,7,21,49,19.5,72.6,4.6,287.0,15.9,38.3,0,正常
Day07-21:50,7,21,50,19.4,73.9,8.2,285.0,14.4,38.3,0,正常
Day07-21:51,7,21,51,19.5,73.1,5.6,296.0,22.0,38.6,0,正常
Day07-21:52,7,21,52,19.5,72.3,6.4,284.0,12.8,38.8,0,正常
Day07-21:53,7,21,53,18.8,72.5,9.0,290.0,12.2,38.4,0,正常
Day07-21:54,7,21,54,18.9,73.4,7.1,354.0,17.0,38.0,0,正常
Day07-21:55,7,21,55,19.2,73.3,8.2,285.0,10.0,38.4,0,正常
Day07-21:56,7,21,56,19.3,70.2,6.5,306.0,15.6,38.1,0,正常
Day07-21:57,7,21,57,19.1,73.9,8.4,365.0,12.6,38.6,0,正常
Day07-21:58,7,21,58,18.8,72.8,6.8,349.0,10.8,38.7,0,正常
Day07-21:59,7,21,59,19.4,73.5,7.4,247.0,11.2,38.5,0,正常
Day07-22:00,7,22,0,19.2,74.8,8.5,202.0,11.0,38.2,0,正常
Day07-22:01,7,22,1,19.9,73.6,6.4,294.0,19.1,39.3,0,正常
Day07-22:02,7,22,2,19.2,73.0,5.8,258.0,23.7,37.9,0,正常
Day07-22:03,7,22,3,19.3,74.0,4.8,235.0,25.4,38.5,0,正常
Day07-22:04,7,22,4,18.8,72.4,6.8,271.0,10.6,38.4,0,正常
Day07-22:05,7,22,5,18.6,71.7,5.7,343.0,16.3,38.4,0,正常
Day07-22:06,7,22,6,18.2,72.6,9.7,282.0,17.0,38.3,0,正常
Day07-22:07,7,22,7,18.5,74.7,6.3,198.0,18.8,38.0,0,正常
Day07-22:08,7,22,8,19.3,72.7,7.2,242.0,16.5,38.4,0,正常
Day07-22:09,7,22,9,18.5,71.6,6.6,395.0,19.5,37.9,0,正常
Day07-22:10,7,22,10,18.8,71.4,9.3,209.0,13.7,38.9,0,正常
Day07-22:11,7,22,11,18.8,72.9,4.6,207.0,19.9,38.6,0,正常
Day07-22:12,7,22,12,19.1,72.3,7.6,353.0,15.8,38.0,0,正常
Day07-22:13,7,22,13,18.8,73.6,5.6,261.0,17.8,38.6,0,正常
Day07-22:14,7,22,14,18.9,73.4,7.7,259.0,18.7,38.5,0,正常
Day07-22:15,7,22,15,18.5,72.2,3.9,218.0,11.6,38.2,0,正常
Day07-22:16,7,22,16,18.8,74.9,7.0,193.0,11.2,38.5,0,正常
Day07-22:17,7,22,17,19.5,73.1,6.2,234.0,15.8,38.1,0,正常
Day07-22:18,7,22,18,18.8,73.7,4.7,204.0,16.6,38.2,0,正常
Day07-22:19,7,22,19,19.5,71.4,5.2,293.0,8.9,38.3,0,正常
Day07-22:20,7,22,20,19.1,74.3,10.2,224.0,4.3,38.3,0,正常
Day07-22:21,7,22,21,18.8,72.5,4.3,274.0,12.2,38.7,0,正常
Day07-22:22,7,22,22,19.4,72.4,6.6,288.0,20.7,38.5,0,正常
Day07-22:23,7,22,23,18.9,73.2,8.4,201.0,11.5,38.3,0,正常
Day07-22:24,7,22,24,18.6,73.6,5.8,247.0,17.2,38.9,0,正常
Day07-22:25,7,22,25,18.9,73.4,7.4,207.0,15.4,38.3,0,正常
Day07-22:26,7,22,26,20.0,73.1,7.5,270.0,16.2,38.2,0,正常
Day07-22:27,7,22,27,19.0,72.1,6.1,230.0,12.7,38.3,0,正常
Day07-22:28,7,22,28,18.6,73.3,8.6,313.0,21.0,38.9,0,正常
Day07-22:29,7,22,29,18.8,74.0,5.7,290.0,22.9,37.8,0,正常
Day07-22:30,7,22,30,18.8,73.3,6.4,269.0,9.1,37.9,0,正常
Day07-22:31,7,22,31,19.9,73.2,6.4,212.0,15.3,38.5,0,正常
Day07-22:32,7,22,32,18.9,75.0,7.4,260.0,19.8,38.3,0,正常
Day07-22:33,7,22,33,19.3,73.2,5.0,287.0,14.4,38.0,0,正常
Day07-22:34,7,22,34,18.9,72.3,7.4,216.0,16.3,38.2,0,正常
Day07-22:35,7,22,35,19.3,74.8,5.7,295.0,10.8,38.3,0,正常
Day07-22:36,7,22,36,19.0,73.0,10.4,245.0,7.2,38.6,0,正常
Day07-22:37,7,22,37,18.9,72.2,8.1,176.0,14.1,38.3,0,正常
Day07-22:38,7,22,38,18.9,72.4,8.2,185.0,8.1,38.6,0,正常
Day07-22:39,7,22,39,19.6,75.6,7.5,250.0,15.9,38.4,0,正常
Day07-22:40,7,22,40,19.3,73.6,6.1,269.0,20.4,38.9,0,正常
Day07-22:41,7,22,41,19.4,73.7,4.5,285.0,10.0,38.6,0,正常
Day07-22:42,7,22,42,19.0,73.1,9.3,247.0,17.4,39.2,0,正常
Day07-22:43,7,22,43,19.3,75.0,6.9,216.0,16.6,38.5,0,正常
Day07-22:44,7,22,44,19.6,72.7,2.2,253.0,14.2,38.4,0,正常
Day07-22:45,7,22,45,18.7,73.5,6.7,237.0,14.1,38.3,0,正常
Day07-22:46,7,22,46,19.2,72.8,7.6,197.0,12.1,38.3,0,正常
Day07-22:47,7,22,47,18.8,73.5,7.4,309.0,11.2,38.8,0,正常
Day07-22:48,7,22,48,19.0,73.9,5.7,310.0,19.3,38.0,0,正常
Day07-22:49,7,22,49,19.1,72.1,9.9,210.0,22.7,37.9,0,正常
Day07-22:50,7,22,50,19.3,71.8,5.2,348.0,14.7,38.6,0,正常
Day07-22:51,7,22,51,18.4,73.0,5.0,276.0,19.7,38.5,0,正常
Day07-22:52,7,22,52,19.1,73.7,7.0,219.0,18.1,38.2,0,正常
Day07-22:53,7,22,53,19.2,73.7,7.3,256.0,18.0,37.9,0,正常
Day07-22:54,7,22,54,18.9,71.6,5.1,185.0,17.5,37.8,0,正常
Day07-22:55,7,22,55,18.6,72.8,5.4,249.0,15.6,38.6,0,正常
Day07-22:56,7,22,56,19.0,72.1,6.3,263.0,18.5,39.0,0,正常
Day07-22:57,7,22,57,18.9,72.7,6.3,127.0,7.9,38.5,0,正常
Day07-22:58,7,22,58,18.6,72.1,6.5,289.0,7.4,38.2,0,正常
Day07-22:59,7,22,59,19.5,72.5,5.8,249.0,13.6,38.4,0,正常
Day07-23:00,7,23,0,19.2,73.1,8.0,207.0,11.4,38.3,0,正常
Day07-23:01,7,23,1,19.1,73.6,6.0,202.0,13.2,38.2,0,正常
Day07-23:02,7,23,2,19.5,72.8,8.4,239.0,18.3,38.5,0,正常
Day07-23:03,7,23,3,19.0,73.7,3.9,224.0,14.5,38.2,0,正常
Day07-23:04,7,23,4,19.1,72.0,6.9,205.0,7.5,38.1,0,正常
Day07-23:05,7,23,5,19.1,75.0,6.9,181.0,9.9,38.7,0,正常
Day07-23:06,7,23,6,19.1,72.6,4.3,229.0,13.2,38.2,0,正常
Day07-23:07,7,23,7,19.3,72.8,8.7,196.0,21.6,38.4,0,正常
Day07-23:08,7,23,8,19.0,73.4,6.8,120.0,16.1,37.9,0,正常
Day07-23:09,7,23,9,18.8,72.7,3.5,191.0,16.7,38.4,0,正常
Day07-23:10,7,23,10,19.1,72.9,4.9,85.0,15.3,38.9,0,正常
Day07-23:11,7,23,11,18.5,72.7,7.0,230.0,4.3,38.4,0,正常
Day07-23:12,7,23,12,19.2,73.1,5.0,150.0,15.0,38.8,0,正常
Day07-23:13,7,23,13,18.9,72.9,7.5,303.0,20.6,37.9,0,正常
Day07-23:14,7,23,14,19.0,72.5,5.6,200.0,18.7,38.3,0,正常
Day07-23:15,7,23,15,19.0,73.6,5.0,275.0,6.9,38.2,0,正常
Day07-23:16,7,23,16,18.7,73.8,4.8,206.0,11.0,38.6,0,正常
Day07-23:17,7,23,17,19.0,74.5,6.8,165.0,22.3,38.3,0,正常
Day07-23:18,7,23,18,19.1,73.1,7.0,241.0,27.5,37.8,0,正常
Day07-23:19,7,23,19,19.0,74.3,3.8,207.0,17.1,39.0,0,正常
Day07-23:20,7,23,20,19.0,72.5,7.3,215.0,15.4,38.5,0,正常
Day07-23:21,7,23,21,19.0,72.5,5.1,237.0,16.7,38.9,0,正常
Day07-23:22,7,23,22,18.7,70.4,6.8,173.0,14.4,38.2,0,正常
Day07-23:23,7,23,23,18.8,72.7,3.5,212.0,20.4,38.6,0,正常
Day07-23:24,7,23,24,19.1,74.0,6.9,306.0,10.5,38.7,0,正常
Day07-23:25,7,23,25,18.9,74.2,6.8,217.0,18.1,38.8,0,正常
Day07-23:26,7,23,26,18.8,70.8,9.6,222.0,18.2,38.2,0,正常
Day07-23:27,7,23,27,19.3,72.8,6.3,207.0,18.5,38.0,0,正常
Day07-23:28,7,23,28,19.2,71.6,6.9,262.0,17.1,38.7,0,正常
Day07-23:29,7,23,29,18.7,72.5,5.6,178.0,15.8,38.7,0,正常
Day07-23:30,7,23,30,19.3,73.2,3.6,171.0,11.4,38.6,0,正常
Day07-23:31,7,23,31,19.1,73.3,4.2,220.0,19.9,38.4,0,正常
Day07-23:32,7,23,32,19.8,73.7,6.2,234.0,11.7,38.6,0,正常
Day07-23:33,7,23,33,19.0,73.2,6.0,320.0,6.8,38.4,0,正常
Day07-23:34,7,23,34,19.6,72.1,3.4,155.0,20.1,39.0,0,正常
Day07-23:35,7,23,35,19.2,71.3,6.7,204.0,14.1,38.4,0,正常
Day07-23:36,7,23,36,19.1,73.8,6.4,201.0,10.6,38.8,0,正常
Day07-23:37,7,23,37,19.0,73.6,8.4,245.0,10.6,38.2,0,正常
Day07-23:38,7,23,38,19.4,73.0,3.0,191.0,0,38.7,0,正常
Day07-23:39,7,23,39,18.8,74.4,5.9,278.0,14.0,38.0,0,正常
Day07-23:40,7,23,40,19.1,72.3,6.4,195.0,13.9,38.2,0,正常
Day07-23:41,7,23,41,19.0,71.9,4.8,112.0,9.7,38.1,0,正常
Day07-23:42,7,23,42,19.1,72.0,8.3,275.0,13.0,38.7,0,正常
Day07-23:43,7,23,43,19.1,74.0,3.5,137.0,10.7,38.6,0,正常
Day07-23:44,7,23,44,19.3,74.0,7.6,174.0,13.8,38.6,0,正常
Day07-23:45,7,23,45,18.6,72.0,7.8,196.0,25.5,38.4,0,正常
Day07-23:46,7,23,46,19.3,72.8,6.3,307.0,19.1,38.7,0,正常
Day07-23:47,7,23,47,19.0,73.6,7.9,196.0,10.7,38.7,0,正常
Day07-23:48,7,23,48,19.3,73.4,4.4,189.0,16.1,38.7,0,正常
Day07-23:49,7,23,49,18.9,72.9,4.9,269.0,12.3,38.5,0,正常
Day07-23:50,7,23,50,19.2,73.5,8.4,173.0,19.8,38.2,0,正常
Day07-23:51,7,23,51,19.1,71.1,4.5,235.0,8.9,38.3,0,正常
Day07-23:52,7,23,52,19.3,73.5,4.4,187.0,14.9,38.8,0,正常
Day07-23:53,7,23,53,18.8,74.7,5.9,161.0,7.6,38.8,0,正常
Day07-23:54,7,23,54,19.2,72.9,5.9,245.0,26.3,38.9,0,正常
Day07-23:55,7,23,55,18.9,70.8,5.8,188.0,21.5,37.8,0,正常
Day07-23:56,7,23,56,19.3,72.2,7.9,263.0,20.3,38.5,0,正常
Day07-23:57,7,23,57,19.1,73.8,9.1,242.0,7.0,38.3,0,正常
Day07-23:58,7,23,58,19.1,73.0,6.2,168.0,19.0,38.4,0,正常
Day07-23:59,7,23,59,18.8,74.5,6.0,181.0,17.9,38.2,0,正常
